"Country","Year","Sector","Location","Site","Reef_type","Management_level","Management_type","Depth..m.","Latitude","Longitude","number_replicates","Method","Observer","level1_code","mean_cover","sd","se","Organization","Source"
"Kenya","1987/1988","Kenya","WIO_ALG","Bamburi",NA,NA,NA,"",NA,NA,"","","","Macro-algae","3.3","","","Samoilys 1988","Literature_baseline"
"Kenya","1987/1988","Kenya","WIO_ALG","Leven",NA,NA,NA,"",NA,NA,"","","","Macro-algae","3.6","","","Samoilys 1988","Literature_baseline"
"Kenya","1987/1988","Kenya","WIO_ALG","Mpunguti",NA,NA,NA,"",NA,NA,"","","","Macro-algae","1.2","","","Samoilys 1988","Literature_baseline"
"Kenya","1987/1988","Kenya","WIO_ALG","Uyombo",NA,NA,NA,"",NA,NA,"","","","Macro-algae","2.5","","","Samoilys 1988","Literature_baseline"
"Kenya","1993","Kenya","WIO_ALG","Kisite Marine National Park - Control ",NA,NA,NA,"",NA,NA,"","","","Macro-algae","1.3","","","Muthiga & McClanahan 1997","Literature_baseline"
"Kenya","1993","Kenya","WIO_ALG","Kisite Marine National Park - Control ",NA,NA,NA,"",NA,NA,"","","","Turf algae","46.71","","","Muthiga & McClanahan 1997","Literature_baseline"
"Kenya","1993","Kenya","WIO_ALG","Kisite Marine National Park - Experiment ",NA,NA,NA,"",NA,NA,"","","","Macro-algae","1.3","","","Muthiga & McClanahan 1997","Literature_baseline"
"Kenya","1993","Kenya","WIO_ALG","Kisite Marine National Park - Experiment ",NA,NA,NA,"",NA,NA,"","","","Turf algae","43.67","","","Muthiga & McClanahan 1997","Literature_baseline"
"Kenya","1994","Kenya","WIO_ALG","Kisite Marine National Park - Control ",NA,NA,NA,"",NA,NA,"","","","Macro-algae","7.49","","","Muthiga & McClanahan 1997","Literature_baseline"
"Kenya","1994","Kenya","WIO_ALG","Kisite Marine National Park - Control ",NA,NA,NA,"",NA,NA,"","","","Turf algae","48.22","","","Muthiga & McClanahan 1997","Literature_baseline"
"Kenya","1994","Kenya","WIO_ALG","Kisite Marine National Park - Experiment ",NA,NA,NA,"",NA,NA,"","","","Macro-algae","0.47","","","Muthiga & McClanahan 1997","Literature_baseline"
"Kenya","1994","Kenya","WIO_ALG","Kisite Marine National Park - Experiment ",NA,NA,NA,"",NA,NA,"","","","Turf algae","44.34","","","Muthiga & McClanahan 1997","Literature_baseline"
"Kenya","1994","Kenya","WIO_ALG","Malindi Marine National Park",NA,NA,NA,"",NA,NA,"","","","Macro-algae","1.6","","","CORDIO Status report 1999","Literature_baseline"
"Kenya","1994","Kenya","WIO_ALG","Malindi Marine National Park",NA,NA,NA,"",NA,NA,"","","","Turf algae","31.2","","","CORDIO Status report 1999","Literature_baseline"
"Tanzania","1995","Tanzania","WIO_ALG","Bongoyo",NA,NA,NA,"",NA,NA,"","","","Turf algae","47.7","","","McClanahan et al. 2009","Literature_baseline"
"Tanzania","1995","Tanzania","WIO_ALG","Bongoyo",NA,NA,NA,"",NA,NA,"","","","Macro-algae","0.3","","","McClanahan et al. 2009","Literature_baseline"
"Tanzania","1995","Tanzania","WIO_ALG","Mbudya",NA,NA,NA,"",NA,NA,"","","","Turf algae","27.9","","","McClanahan et al. 2009","Literature_baseline"
"Tanzania","1995","Tanzania","WIO_ALG","Mbudya",NA,NA,NA,"",NA,NA,"","","","Macro-algae","0.4","","","McClanahan et al. 2009","Literature_baseline"
"Tanzania","1996","Tanzania","WIO_ALG","Tanga",NA,NA,NA,"",NA,NA,"","","","Turf algae","33.2","","","McClanahan et al. 2009","Literature_baseline"
"Tanzania","1996","Tanzania","WIO_ALG","Tanga",NA,NA,NA,"",NA,NA,"","","","Macro-algae","19.6","","","McClanahan et al. 2009","Literature_baseline"
"Tanzania","1996","Tanzania","WIO_ALG","Tutia",NA,NA,NA,"",NA,NA,"","","","Macro-algae","1","","","Muhando and Mohammad 2002","Literature_baseline"
"Tanzania","1997","Tanzania","WIO_ALG","Bawe",NA,NA,NA,"",NA,NA,"","","","Macro-algae","2.94","","","Muhando 1999","Literature_baseline"
"Tanzania","1997","Tanzania","WIO_ALG","Changuu",NA,NA,NA,"",NA,NA,"","","","Macro-algae","10.97","","","Muhando 1999","Literature_baseline"
"Tanzania","1997","Tanzania","WIO_ALG","Chapwani",NA,NA,NA,"",NA,NA,"","","","Macro-algae","3.88","","","Muhando 1999","Literature_baseline"
"Tanzania","1997","Tanzania","WIO_ALG","Chumbe",NA,NA,NA,"",NA,NA,"","","","Macro-algae","8.87","","","Muhando 1999","Literature_baseline"
"Tanzania","1997","Tanzania","WIO_ALG","Kwale",NA,NA,NA,"",NA,NA,"","","","Macro-algae","28.06","","","Muhando 1999","Literature_baseline"
"Comoros","1997","Grand Comore","Mitsamiuli Ndroude National Park","Mitsamiuli","","Partially restricted","National Park","","-11.3791","43.28735","","","","Hard coral","55","","","McClanahan et al. 2007","Literature_baseline"
"Tanzania","1997","Tanzania","WIO_ALG","Mnemba",NA,NA,NA,"",NA,NA,"","","","Macro-algae","2.44","","","Muhando 1999","Literature_baseline"
"Comoros","1997","Moheli island","Moheli National Park","Uknown","","Partially Restricted","National Park","","",NA,"","","","Hard coral","54","","","McClanahan et al. 2007","Literature_baseline"
"Sychelles","1997","Sychelles","WIO_ALG","West cousine",NA,NA,NA,"",NA,NA,"","","","Macro-algae","11","","","Spalding & Jarvis 2002","Literature_baseline"
"Sychelles","1997","Sychelles","WIO_ALG","West cousine",NA,NA,NA,"",NA,NA,"","","","Macro-algae","4","","","Spalding & Jarvis 2002","Literature_baseline"
"Sychelles","1998","Sychelles","WIO_ALG","North St Pierre",NA,NA,NA,"",NA,NA,"","","","Macro-algae","8","","","Spalding & Jarvis 2002","Literature_baseline"
"Sychelles","1998","Sychelles","WIO_ALG","North St Pierre",NA,NA,NA,"",NA,NA,"","","","Macro-algae","1","","","Spalding & Jarvis 2002","Literature_baseline"
"Sychelles","1998","Sychelles","WIO_ALG","South St Pierre",NA,NA,NA,"",NA,NA,"","","","Macro-algae","11","","","Spalding & Jarvis 2002","Literature_baseline"
"Kenya","1998","Kenya","WIO_ALG","Unspecified 9 sites (protected)",NA,NA,NA,"",NA,NA,"","","","Macro-algae","4.5","","","McClanahan et al. 2001","Literature_baseline"
"Kenya","1998","Kenya","WIO_ALG","Unspecified 9 sites (protected)",NA,NA,NA,"",NA,NA,"","","","Turf algae","31","","","McClanahan et al. 2001","Literature_baseline"
"Sychelles","1998","Sychelles","WIO_ALG","West alphonse",NA,NA,NA,"",NA,NA,"","","","Macro-algae","20","","","Spalding & Jarvis 2002","Literature_baseline"
"Comoros","1999","Grand Comore","Mitsamiuli Ndroude National Park","Mitsamiuli","","Partially restricted","National Park","","-11.3791","43.28735","","","","Hard coral","55.0","","","Quod & Bigot","Literature_baseline"
"Comoros","1999","Grand Comore","Mitsamiuli Ndroude National Park","Mitsamiuli","","Partially restricted","National Park","","-11.3791","43.28735","","","","Macro-algae","32.0","","","Quod & Bigot","Literature_baseline"
"Comoros","1999","Moheli island","Moheli National Park","Uknown","","Partially Restricted","National Park","","",NA,"","","","Hard coral","54.0","","","Quod & Bigot","Literature_baseline"
"Comoros","2016","Moheli island","Moheli National Park","Bahaoussi","","Partially Restricted","National Park",NA,"-12.398","43.698","15","","","Bare substrate","6.18",NA,NA,"CORDIO","RLE 2019"
"Comoros","2016","Moheli island","Moheli National Park","Bahaoussi","","Partially Restricted","National Park",NA,"-12.398","43.698","15","","","Hard coral","17.13",NA,NA,"CORDIO","RLE 2019"
"Comoros","2016","Moheli island","Moheli National Park","Bahaoussi","","Partially Restricted","National Park",NA,"-12.398","43.698","15","","","Coralline algae","0",NA,NA,"CORDIO","RLE 2019"
"Comoros","2016","Moheli island","Moheli National Park","Bahaoussi","","Partially Restricted","National Park",NA,"-12.398","43.698","15","","","Other inverts","1.6",NA,NA,"CORDIO","RLE 2019"
"Comoros","2016","Moheli island","Moheli National Park","Bahaoussi","","Partially Restricted","National Park",NA,"-12.398","43.698","15","","","Sand","1.88",NA,NA,"CORDIO","RLE 2019"
"Comoros","2016","Moheli island","Moheli National Park","Bahaoussi","","Partially Restricted","National Park",NA,"-12.398","43.698","15","","","Macro-algae","0.27",NA,NA,"CORDIO","RLE 2019"
"Comoros","2016","Moheli island","Moheli National Park","Bahaoussi","","Partially Restricted","National Park",NA,"-12.398","43.698","15","","","Rubble","43.08",NA,NA,"CORDIO","RLE 2019"
"Comoros","2016","Moheli island","Moheli National Park","Bahaoussi","","Partially Restricted","National Park",NA,"-12.398","43.698","15","","","Soft coral","0",NA,NA,"CORDIO","RLE 2019"
"Comoros","2016","Moheli island","Moheli National Park","Bahaoussi","","Partially Restricted","National Park",NA,"-12.398","43.698","15","","","Dead standing coral","0.8",NA,NA,"CORDIO","RLE 2019"
"Comoros","2016","Moheli island","Moheli National Park","Bahaoussi","","Partially Restricted","National Park",NA,"-12.398","43.698","15","","","TWS","0",NA,NA,"CORDIO","RLE 2019"
"Comoros","2016","Moheli island","Moheli National Park","Bahaoussi","","Partially Restricted","National Park",NA,"-12.398","43.698","15","","","Turf algae","29.07",NA,NA,"CORDIO","RLE 2019"
"Comoros","2016","Moheli island","Moheli National Park","Boinaidi","","Partially Restricted","National Park",NA,"-12.406","43.715","15","","","Bare substrate","5.08",NA,NA,"CORDIO","RLE 2019"
"Comoros","2016","Moheli island","Moheli National Park","Boinaidi","","Partially Restricted","National Park",NA,"-12.406","43.715","15","","","Hard coral","39.06",NA,NA,"CORDIO","RLE 2019"
"Comoros","2016","Moheli island","Moheli National Park","Boinaidi","","Partially Restricted","National Park",NA,"-12.406","43.715","15","","","Coralline algae","0",NA,NA,"CORDIO","RLE 2019"
"Comoros","2016","Moheli island","Moheli National Park","Boinaidi","","Partially Restricted","National Park",NA,"-12.406","43.715","15","","","Other inverts","1.9",NA,NA,"CORDIO","RLE 2019"
"Comoros","2016","Moheli island","Moheli National Park","Boinaidi","","Partially Restricted","National Park",NA,"-12.406","43.715","15","","","Sand","2.99",NA,NA,"CORDIO","RLE 2019"
"Comoros","2016","Moheli island","Moheli National Park","Boinaidi","","Partially Restricted","National Park",NA,"-12.406","43.715","15","","","Macro-algae","0.53",NA,NA,"CORDIO","RLE 2019"
"Comoros","2016","Moheli island","Moheli National Park","Boinaidi","","Partially Restricted","National Park",NA,"-12.406","43.715","15","","","Rubble","11.04",NA,NA,"CORDIO","RLE 2019"
"Comoros","2016","Moheli island","Moheli National Park","Boinaidi","","Partially Restricted","National Park",NA,"-12.406","43.715","15","","","Soft coral","0",NA,NA,"CORDIO","RLE 2019"
"Comoros","2016","Moheli island","Moheli National Park","Boinaidi","","Partially Restricted","National Park",NA,"-12.406","43.715","15","","","Dead standing coral","3.77",NA,NA,"CORDIO","RLE 2019"
"Comoros","2016","Moheli island","Moheli National Park","Boinaidi","","Partially Restricted","National Park",NA,"-12.406","43.715","15","","","TWS","0",NA,NA,"CORDIO","RLE 2019"
"Comoros","2016","Moheli island","Moheli National Park","Boinaidi","","Partially Restricted","National Park",NA,"-12.406","43.715","15","","","Turf algae","35.62",NA,NA,"CORDIO","RLE 2019"
"Comoros","2016","Moheli island","Moheli National Park","Damu","","Partially Restricted","National Park",NA,"-12.314","43.631","15","","","Bare substrate","8.83",NA,NA,"CORDIO","RLE 2019"
"Comoros","2016","Moheli island","Moheli National Park","Damu","","Partially Restricted","National Park",NA,"-12.314","43.631","15","","","Hard coral","30.24",NA,NA,"CORDIO","RLE 2019"
"Comoros","2016","Moheli island","Moheli National Park","Damu","","Partially Restricted","National Park",NA,"-12.314","43.631","15","","","Coralline algae","0",NA,NA,"CORDIO","RLE 2019"
"Comoros","2016","Moheli island","Moheli National Park","Damu","","Partially Restricted","National Park",NA,"-12.314","43.631","15","","","Other inverts","0.53",NA,NA,"CORDIO","RLE 2019"
"Comoros","2016","Moheli island","Moheli National Park","Damu","","Partially Restricted","National Park",NA,"-12.314","43.631","15","","","Sand","2.13",NA,NA,"CORDIO","RLE 2019"
"Comoros","2016","Moheli island","Moheli National Park","Damu","","Partially Restricted","National Park",NA,"-12.314","43.631","15","","","Macro-algae","0.27",NA,NA,"CORDIO","RLE 2019"
"Comoros","2016","Moheli island","Moheli National Park","Damu","","Partially Restricted","National Park",NA,"-12.314","43.631","15","","","Rubble","5.1",NA,NA,"CORDIO","RLE 2019"
"Comoros","2016","Moheli island","Moheli National Park","Damu","","Partially Restricted","National Park",NA,"-12.314","43.631","15","","","Soft coral","1.6",NA,NA,"CORDIO","RLE 2019"
"Comoros","2016","Moheli island","Moheli National Park","Damu","","Partially Restricted","National Park",NA,"-12.314","43.631","15","","","Dead standing coral","3.52",NA,NA,"CORDIO","RLE 2019"
"Comoros","2016","Moheli island","Moheli National Park","Damu","","Partially Restricted","National Park",NA,"-12.314","43.631","15","","","TWS","0",NA,NA,"CORDIO","RLE 2019"
"Comoros","2016","Moheli island","Moheli National Park","Damu","","Partially Restricted","National Park",NA,"-12.314","43.631","15","","","Turf algae","47.77",NA,NA,"CORDIO","RLE 2019"
"Comoros","2016","Moheli island","Moheli National Park","Ferenga","","Partially Restricted","National Park",NA,"-12.428","43.696","9","","","Bare substrate","2.67",NA,NA,"CORDIO","Post_RLE"
"Comoros","2016","Moheli island","Moheli National Park","Ferenga","","Partially Restricted","National Park",NA,"-12.428","43.696","9","","","Hard coral","20.72",NA,NA,"CORDIO","Post_RLE"
"Comoros","2016","Moheli island","Moheli National Park","Ferenga","","Partially Restricted","National Park",NA,"-12.428","43.696","9","","","Coralline algae","0",NA,NA,"CORDIO","Post_RLE"
"Comoros","2016","Moheli island","Moheli National Park","Ferenga","","Partially Restricted","National Park",NA,"-12.428","43.696","9","","","Other inverts","2.22",NA,NA,"CORDIO","Post_RLE"
"Comoros","2016","Moheli island","Moheli National Park","Ferenga","","Partially Restricted","National Park",NA,"-12.428","43.696","9","","","Sand","21.33",NA,NA,"CORDIO","Post_RLE"
"Comoros","2016","Moheli island","Moheli National Park","Ferenga","","Partially Restricted","National Park",NA,"-12.428","43.696","9","","","Macro-algae","0.44",NA,NA,"CORDIO","Post_RLE"
"Comoros","2016","Moheli island","Moheli National Park","Ferenga","","Partially Restricted","National Park",NA,"-12.428","43.696","9","","","Rubble","10.24",NA,NA,"CORDIO","Post_RLE"
"Comoros","2016","Moheli island","Moheli National Park","Ferenga","","Partially Restricted","National Park",NA,"-12.428","43.696","9","","","Soft coral","0.44",NA,NA,"CORDIO","Post_RLE"
"Comoros","2016","Moheli island","Moheli National Park","Ferenga","","Partially Restricted","National Park",NA,"-12.428","43.696","9","","","Dead standing coral","1.33",NA,NA,"CORDIO","Post_RLE"
"Comoros","2016","Moheli island","Moheli National Park","Ferenga","","Partially Restricted","National Park",NA,"-12.428","43.696","9","","","TWS","0",NA,NA,"CORDIO","Post_RLE"
"Comoros","2016","Moheli island","Moheli National Park","Ferenga","","Partially Restricted","National Park",NA,"-12.428","43.696","9","","","Turf algae","40.59",NA,NA,"CORDIO","Post_RLE"
"Comoros","2016","Moheli island","Moheli National Park","Mchaco","","Partially Restricted","National Park",NA,"-12.383","43.875","15","","","Bare substrate","20.8",NA,NA,"CORDIO","Post_RLE"
"Comoros","2016","Moheli island","Moheli National Park","Mchaco","","Partially Restricted","National Park",NA,"-12.383","43.875","15","","","Hard coral","6.14",NA,NA,"CORDIO","Post_RLE"
"Comoros","2016","Moheli island","Moheli National Park","Mchaco","","Partially Restricted","National Park",NA,"-12.383","43.875","15","","","Coralline algae","0",NA,NA,"CORDIO","Post_RLE"
"Comoros","2016","Moheli island","Moheli National Park","Mchaco","","Partially Restricted","National Park",NA,"-12.383","43.875","15","","","Other inverts","0.53",NA,NA,"CORDIO","Post_RLE"
"Comoros","2016","Moheli island","Moheli National Park","Mchaco","","Partially Restricted","National Park",NA,"-12.383","43.875","15","","","Sand","0",NA,NA,"CORDIO","Post_RLE"
"Comoros","2016","Moheli island","Moheli National Park","Mchaco","","Partially Restricted","National Park",NA,"-12.383","43.875","15","","","Macro-algae","3.2",NA,NA,"CORDIO","Post_RLE"
"Comoros","2016","Moheli island","Moheli National Park","Mchaco","","Partially Restricted","National Park",NA,"-12.383","43.875","15","","","Rubble","4.83",NA,NA,"CORDIO","Post_RLE"
"Comoros","2016","Moheli island","Moheli National Park","Mchaco","","Partially Restricted","National Park",NA,"-12.383","43.875","15","","","Soft coral","4",NA,NA,"CORDIO","Post_RLE"
"Comoros","2016","Moheli island","Moheli National Park","Mchaco","","Partially Restricted","National Park",NA,"-12.383","43.875","15","","","Dead standing coral","0",NA,NA,"CORDIO","Post_RLE"
"Comoros","2016","Moheli island","Moheli National Park","Mchaco","","Partially Restricted","National Park",NA,"-12.383","43.875","15","","","TWS","0",NA,NA,"CORDIO","Post_RLE"
"Comoros","2016","Moheli island","Moheli National Park","Mchaco","","Partially Restricted","National Park",NA,"-12.383","43.875","15","","","Turf algae","60.49",NA,NA,"CORDIO","Post_RLE"
"Comoros","2016","Moheli island","Moheli National Park","Mea","","Partially Restricted","National Park",NA,"-12.382","43.74","5","","","Bare substrate","0",NA,NA,"CORDIO","Post_RLE"
"Comoros","2016","Moheli island","Moheli National Park","Mea","","Partially Restricted","National Park",NA,"-12.382","43.74","5","","","Hard coral","11.2",NA,NA,"CORDIO","Post_RLE"
"Comoros","2016","Moheli island","Moheli National Park","Mea","","Partially Restricted","National Park",NA,"-12.382","43.74","5","","","Coralline algae","0",NA,NA,"CORDIO","Post_RLE"
"Comoros","2016","Moheli island","Moheli National Park","Mea","","Partially Restricted","National Park",NA,"-12.382","43.74","5","","","Other inverts","0.8",NA,NA,"CORDIO","Post_RLE"
"Comoros","2016","Moheli island","Moheli National Park","Mea","","Partially Restricted","National Park",NA,"-12.382","43.74","5","","","Sand","46.4",NA,NA,"CORDIO","Post_RLE"
"Comoros","2016","Moheli island","Moheli National Park","Mea","","Partially Restricted","National Park",NA,"-12.382","43.74","5","","","Macro-algae","0",NA,NA,"CORDIO","Post_RLE"
"Comoros","2016","Moheli island","Moheli National Park","Mea","","Partially Restricted","National Park",NA,"-12.382","43.74","5","","","Rubble","4.8",NA,NA,"CORDIO","Post_RLE"
"Comoros","2016","Moheli island","Moheli National Park","Mea","","Partially Restricted","National Park",NA,"-12.382","43.74","5","","","Soft coral","3.2",NA,NA,"CORDIO","Post_RLE"
"Comoros","2016","Moheli island","Moheli National Park","Mea","","Partially Restricted","National Park",NA,"-12.382","43.74","5","","","Dead standing coral","1.6",NA,NA,"CORDIO","Post_RLE"
"Comoros","2016","Moheli island","Moheli National Park","Mea","","Partially Restricted","National Park",NA,"-12.382","43.74","5","","","TWS","0",NA,NA,"CORDIO","Post_RLE"
"Comoros","2016","Moheli island","Moheli National Park","Mea","","Partially Restricted","National Park",NA,"-12.382","43.74","5","","","Turf algae","32",NA,NA,"CORDIO","Post_RLE"
"Comoros","2016","Moheli island","Moheli National Park","Mirereni","","Partially Restricted","National Park",NA,"-12.34","43.65","6","","","Bare substrate","6",NA,NA,"CORDIO","Post_RLE"
"Comoros","2016","Moheli island","Moheli National Park","Mirereni","","Partially Restricted","National Park",NA,"-12.34","43.65","6","","","Hard coral","43.33",NA,NA,"CORDIO","Post_RLE"
"Comoros","2016","Moheli island","Moheli National Park","Mirereni","","Partially Restricted","National Park",NA,"-12.34","43.65","6","","","Coralline algae","0",NA,NA,"CORDIO","Post_RLE"
"Comoros","2016","Moheli island","Moheli National Park","Mirereni","","Partially Restricted","National Park",NA,"-12.34","43.65","6","","","Other inverts","0",NA,NA,"CORDIO","Post_RLE"
"Comoros","2016","Moheli island","Moheli National Park","Mirereni","","Partially Restricted","National Park",NA,"-12.34","43.65","6","","","Sand","2",NA,NA,"CORDIO","Post_RLE"
"Comoros","2016","Moheli island","Moheli National Park","Mirereni","","Partially Restricted","National Park",NA,"-12.34","43.65","6","","","Macro-algae","0.67",NA,NA,"CORDIO","Post_RLE"
"Comoros","2016","Moheli island","Moheli National Park","Mirereni","","Partially Restricted","National Park",NA,"-12.34","43.65","6","","","Rubble","17.33",NA,NA,"CORDIO","Post_RLE"
"Comoros","2016","Moheli island","Moheli National Park","Mirereni","","Partially Restricted","National Park",NA,"-12.34","43.65","6","","","Soft coral","0",NA,NA,"CORDIO","Post_RLE"
"Comoros","2016","Moheli island","Moheli National Park","Mirereni","","Partially Restricted","National Park",NA,"-12.34","43.65","6","","","Dead standing coral","1.33",NA,NA,"CORDIO","Post_RLE"
"Comoros","2016","Moheli island","Moheli National Park","Mirereni","","Partially Restricted","National Park",NA,"-12.34","43.65","6","","","TWS","0",NA,NA,"CORDIO","Post_RLE"
"Comoros","2016","Moheli island","Moheli National Park","Mirereni","","Partially Restricted","National Park",NA,"-12.34","43.65","6","","","Turf algae","29.33",NA,NA,"CORDIO","Post_RLE"
"Comoros","2016","Moheli island","Moheli National Park","Nioumachoua","","Partially Restricted","National Park",NA,"-12.37","43.711","24","","","Bare substrate","8.04","5.23","3.7","CORDIO","RLE 2019"
"Comoros","2016","Moheli island","Moheli National Park","Nioumachoua","","Partially Restricted","National Park",NA,"-12.37","43.711","24","","","Hard coral","53.23","13.08","9.25","CORDIO","RLE 2019"
"Comoros","2016","Moheli island","Moheli National Park","Nioumachoua","","Partially Restricted","National Park",NA,"-12.37","43.711","24","","","Coralline algae","0","0","0","CORDIO","RLE 2019"
"Comoros","2016","Moheli island","Moheli National Park","Nioumachoua","","Partially Restricted","National Park",NA,"-12.37","43.711","24","","","Other inverts","0.46","0.65","0.46","CORDIO","RLE 2019"
"Comoros","2016","Moheli island","Moheli National Park","Nioumachoua","","Partially Restricted","National Park",NA,"-12.37","43.711","24","","","Sand","0.17","0.24","0.17","CORDIO","RLE 2019"
"Comoros","2016","Moheli island","Moheli National Park","Nioumachoua","","Partially Restricted","National Park",NA,"-12.37","43.711","24","","","Macro-algae","0.17","0.24","0.17","CORDIO","RLE 2019"
"Comoros","2016","Moheli island","Moheli National Park","Nioumachoua","","Partially Restricted","National Park",NA,"-12.37","43.711","24","","","Rubble","5.46","3.72","2.63","CORDIO","RLE 2019"
"Comoros","2016","Moheli island","Moheli National Park","Nioumachoua","","Partially Restricted","National Park",NA,"-12.37","43.711","24","","","Soft coral","0","0","0","CORDIO","RLE 2019"
"Comoros","2016","Moheli island","Moheli National Park","Nioumachoua","","Partially Restricted","National Park",NA,"-12.37","43.711","24","","","Dead standing coral","9.22","6.87","4.85","CORDIO","RLE 2019"
"Comoros","2016","Moheli island","Moheli National Park","Nioumachoua","","Partially Restricted","National Park",NA,"-12.37","43.711","24","","","TWS","0","0","0","CORDIO","RLE 2019"
"Comoros","2016","Moheli island","Moheli National Park","Nioumachoua","","Partially Restricted","National Park",NA,"-12.37","43.711","24","","","Turf algae","23.26","14.98","10.59","CORDIO","RLE 2019"
"Comoros","2016","Moheli island","Moheli National Park","Sambia_E","","Partially Restricted","National Park",NA,"-12.395","43.805","15","","","Bare substrate","14.21",NA,NA,"CORDIO","Post_RLE"
"Comoros","2016","Moheli island","Moheli National Park","Sambia_E","","Partially Restricted","National Park",NA,"-12.395","43.805","15","","","Hard coral","10.5",NA,NA,"CORDIO","Post_RLE"
"Comoros","2016","Moheli island","Moheli National Park","Sambia_E","","Partially Restricted","National Park",NA,"-12.395","43.805","15","","","Coralline algae","0",NA,NA,"CORDIO","Post_RLE"
"Comoros","2016","Moheli island","Moheli National Park","Sambia_E","","Partially Restricted","National Park",NA,"-12.395","43.805","15","","","Other inverts","0",NA,NA,"CORDIO","Post_RLE"
"Comoros","2016","Moheli island","Moheli National Park","Sambia_E","","Partially Restricted","National Park",NA,"-12.395","43.805","15","","","Sand","2.18",NA,NA,"CORDIO","Post_RLE"
"Comoros","2016","Moheli island","Moheli National Park","Sambia_E","","Partially Restricted","National Park",NA,"-12.395","43.805","15","","","Macro-algae","11.53",NA,NA,"CORDIO","Post_RLE"
"Comoros","2016","Moheli island","Moheli National Park","Sambia_E","","Partially Restricted","National Park",NA,"-12.395","43.805","15","","","Rubble","19.03",NA,NA,"CORDIO","Post_RLE"
"Comoros","2016","Moheli island","Moheli National Park","Sambia_E","","Partially Restricted","National Park",NA,"-12.395","43.805","15","","","Soft coral","2.13",NA,NA,"CORDIO","Post_RLE"
"Comoros","2016","Moheli island","Moheli National Park","Sambia_E","","Partially Restricted","National Park",NA,"-12.395","43.805","15","","","Dead standing coral","0.29",NA,NA,"CORDIO","Post_RLE"
"Comoros","2016","Moheli island","Moheli National Park","Sambia_E","","Partially Restricted","National Park",NA,"-12.395","43.805","15","","","TWS","0",NA,NA,"CORDIO","Post_RLE"
"Comoros","2016","Moheli island","Moheli National Park","Sambia_E","","Partially Restricted","National Park",NA,"-12.395","43.805","15","","","Turf algae","40.12",NA,NA,"CORDIO","Post_RLE"
"Comoros","2016","Moheli island","Moheli National Park","Sambia_W","","Partially Restricted","National Park",NA,"-12.386","43.787","15","","","Bare substrate","10.74",NA,NA,"CORDIO","Post_RLE"
"Comoros","2016","Moheli island","Moheli National Park","Sambia_W","","Partially Restricted","National Park",NA,"-12.386","43.787","15","","","Hard coral","30.41",NA,NA,"CORDIO","Post_RLE"
"Comoros","2016","Moheli island","Moheli National Park","Sambia_W","","Partially Restricted","National Park",NA,"-12.386","43.787","15","","","Coralline algae","0",NA,NA,"CORDIO","Post_RLE"
"Comoros","2016","Moheli island","Moheli National Park","Sambia_W","","Partially Restricted","National Park",NA,"-12.386","43.787","15","","","Other inverts","0",NA,NA,"CORDIO","Post_RLE"
"Comoros","2016","Moheli island","Moheli National Park","Sambia_W","","Partially Restricted","National Park",NA,"-12.386","43.787","15","","","Sand","0.8",NA,NA,"CORDIO","Post_RLE"
"Comoros","2016","Moheli island","Moheli National Park","Sambia_W","","Partially Restricted","National Park",NA,"-12.386","43.787","15","","","Macro-algae","7.58",NA,NA,"CORDIO","Post_RLE"
"Comoros","2016","Moheli island","Moheli National Park","Sambia_W","","Partially Restricted","National Park",NA,"-12.386","43.787","15","","","Rubble","5.89",NA,NA,"CORDIO","Post_RLE"
"Comoros","2016","Moheli island","Moheli National Park","Sambia_W","","Partially Restricted","National Park",NA,"-12.386","43.787","15","","","Soft coral","0.27",NA,NA,"CORDIO","Post_RLE"
"Comoros","2016","Moheli island","Moheli National Park","Sambia_W","","Partially Restricted","National Park",NA,"-12.386","43.787","15","","","Dead standing coral","3.73",NA,NA,"CORDIO","Post_RLE"
"Comoros","2016","Moheli island","Moheli National Park","Sambia_W","","Partially Restricted","National Park",NA,"-12.386","43.787","15","","","TWS","0",NA,NA,"CORDIO","Post_RLE"
"Comoros","2016","Moheli island","Moheli National Park","Sambia_W","","Partially Restricted","National Park",NA,"-12.386","43.787","15","","","Turf algae","40.58",NA,NA,"CORDIO","Post_RLE"
"Comoros","2017","Anjouan Island","Shisiwani National Park","Anlamadjou","","Partially Restricted","National Park",NA,"-12.19683333","44.22866667",NA,"","","Hard coral","54.25",NA,NA,"CORDIO/IOC","post_bl_2016"
"Comoros","2017","Anjouan Island","Shisiwani National Park","Anlamadjou","","Partially Restricted","National Park",NA,"-12.19683333","44.22866667",NA,"","","Other inverts","0.33",NA,NA,"CORDIO/IOC","post_bl_2016"
"Comoros","2017","Anjouan Island","Shisiwani National Park","Anlamadjou","","Partially Restricted","National Park",NA,"-12.19683333","44.22866667",NA,"","","Bare substrate","22.83",NA,NA,"CORDIO/IOC","post_bl_2016"
"Comoros","2017","Anjouan Island","Shisiwani National Park","Anlamadjou","","Partially Restricted","National Park",NA,"-12.19683333","44.22866667",NA,"","","Dead standing coral","11.58",NA,NA,"CORDIO/IOC","post_bl_2016"
"Comoros","2017","Anjouan Island","Shisiwani National Park","Anlamadjou","","Partially Restricted","National Park",NA,"-12.19683333","44.22866667",NA,"","","Rubble","8.67",NA,NA,"CORDIO/IOC","post_bl_2016"
"Comoros","2017","Anjouan Island","Shisiwani National Park","Anlamadjou","","Partially Restricted","National Park",NA,"-12.19683333","44.22866667",NA,"","","Sand","2.33",NA,NA,"CORDIO/IOC","post_bl_2016"
"Comoros","2017","Anjouan Island","Domoni","Bambao_mtsanga","","Open access","Open access",NA,"-12.20883333","44.5225",NA,"","","Bare substrate","47.5",NA,NA,"CORDIO/IOC","post_bl_2016"
"Comoros","2017","Anjouan Island","Domoni","Bambao_mtsanga","","Open access","Open access",NA,"-12.20883333","44.5225",NA,"","","Hard coral","23.76",NA,NA,"CORDIO/IOC","post_bl_2016"
"Comoros","2017","Anjouan Island","Domoni","Bambao_mtsanga","","Open access","Open access",NA,"-12.20883333","44.5225",NA,"","","Dead standing coral","24.32",NA,NA,"CORDIO/IOC","post_bl_2016"
"Comoros","2017","Anjouan Island","Domoni","Bambao_mtsanga","","Open access","Open access",NA,"-12.20883333","44.5225",NA,"","","Sand","4.42",NA,NA,"CORDIO/IOC","post_bl_2016"
"Comoros","2017","Grand Comore","Itsandra","Bandamadji","","Open access","Open access",NA,"-11.67013333","43.26388333",NA,"","","Hard coral","57.18",NA,NA,"CORDIO/IOC","post_bl_2016"
"Comoros","2017","Grand Comore","Itsandra","Bandamadji","","Open access","Open access",NA,"-11.67013333","43.26388333",NA,"","","Bare substrate","18.17",NA,NA,"CORDIO/IOC","post_bl_2016"
"Comoros","2017","Grand Comore","Itsandra","Bandamadji","","Open access","Open access",NA,"-11.67013333","43.26388333",NA,"","","Dead standing coral","3.08",NA,NA,"CORDIO/IOC","post_bl_2016"
"Comoros","2017","Grand Comore","Itsandra","Bandamadji","","Open access","Open access",NA,"-11.67013333","43.26388333",NA,"","","Rubble","7.75",NA,NA,"CORDIO/IOC","post_bl_2016"
"Comoros","2017","Grand Comore","Itsandra","Bandamadji","","Open access","Open access",NA,"-11.67013333","43.26388333",NA,"","","Soft coral","0.17",NA,NA,"CORDIO/IOC","post_bl_2016"
"Comoros","2017","Grand Comore","Itsandra","Bandamadji","","Open access","Open access",NA,"-11.67013333","43.26388333",NA,"","","Sand","13.66",NA,NA,"CORDIO/IOC","post_bl_2016"
"Comoros","2017","Moheli island","Moheli National Park","Mea","","Partially Restricted","National Park",NA,"-12.38165","43.73766667",NA,"","","Hard coral","62.9",NA,NA,"CORDIO/IOC","post_bl_2016"
"Comoros","2017","Moheli island","Moheli National Park","Mea","","Partially Restricted","National Park",NA,"-12.38165","43.73766667",NA,"","","Halimeda","1",NA,NA,"CORDIO/IOC","post_bl_2016"
"Comoros","2017","Moheli island","Moheli National Park","Mea","","Partially Restricted","National Park",NA,"-12.38165","43.73766667",NA,"","","Dead standing coral","8.5",NA,NA,"CORDIO/IOC","post_bl_2016"
"Comoros","2017","Moheli island","Moheli National Park","Mea","","Partially Restricted","National Park",NA,"-12.38165","43.73766667",NA,"","","Other inverts","1",NA,NA,"CORDIO/IOC","post_bl_2016"
"Comoros","2017","Moheli island","Moheli National Park","Mea","","Partially Restricted","National Park",NA,"-12.38165","43.73766667",NA,"","","Recently dead coral","4",NA,NA,"CORDIO/IOC","post_bl_2016"
"Comoros","2017","Moheli island","Moheli National Park","Mea","","Partially Restricted","National Park",NA,"-12.38165","43.73766667",NA,"","","Rubble","11.4",NA,NA,"CORDIO/IOC","post_bl_2016"
"Comoros","2017","Moheli island","Moheli National Park","Mea","","Partially Restricted","National Park",NA,"-12.38165","43.73766667",NA,"","","Sand","11.2",NA,NA,"CORDIO/IOC","post_bl_2016"
"Comoros","2017","Grand Comore","Mitsamiuli Ndroude National Park","Mitsamiuli","Forereef","Partially restricted","National Park",NA,"-11.3758","43.3097",NA,"","","Hard coral","57.84",NA,NA,"CORDIO/IOC","post_bl_2016"
"Comoros","2017","Grand Comore","Mitsamiuli Ndroude National Park","Mitsamiuli","Forereef","Partially restricted","National Park",NA,"-11.3758","43.3097",NA,"","","Other inverts","1",NA,NA,"CORDIO/IOC","post_bl_2016"
"Comoros","2017","Grand Comore","Mitsamiuli Ndroude National Park","Mitsamiuli","Forereef","Partially restricted","National Park",NA,"-11.3758","43.3097",NA,"","","Bare substrate","5.83",NA,NA,"CORDIO/IOC","post_bl_2016"
"Comoros","2017","Grand Comore","Mitsamiuli Ndroude National Park","Mitsamiuli","Forereef","Partially restricted","National Park",NA,"-11.3758","43.3097",NA,"","","Dead standing coral","14.77",NA,NA,"CORDIO/IOC","post_bl_2016"
"Comoros","2017","Grand Comore","Mitsamiuli Ndroude National Park","Mitsamiuli","Forereef","Partially restricted","National Park",NA,"-11.3758","43.3097",NA,"","","Rubble","9.25",NA,NA,"CORDIO/IOC","post_bl_2016"
"Comoros","2017","Grand Comore","Mitsamiuli Ndroude National Park","Mitsamiuli","Forereef","Partially restricted","National Park",NA,"-11.3758","43.3097",NA,"","","Sand","11.32",NA,NA,"CORDIO/IOC","post_bl_2016"
"Comoros","2017","Moheli island","Moheli National Park","Nkandzoni","","Partially Restricted","National Park",NA,"-12.2443","43.3972",NA,"","","Hard coral","35.82",NA,NA,"CORDIO/IOC","post_bl_2016"
"Comoros","2017","Moheli island","Moheli National Park","Nkandzoni","","Partially Restricted","National Park",NA,"-12.2443","43.3972",NA,"","","Coralline algae","2",NA,NA,"CORDIO/IOC","post_bl_2016"
"Comoros","2017","Moheli island","Moheli National Park","Nkandzoni","","Partially Restricted","National Park",NA,"-12.2443","43.3972",NA,"","","Halimeda","3.1",NA,NA,"CORDIO/IOC","post_bl_2016"
"Comoros","2017","Moheli island","Moheli National Park","Nkandzoni","","Partially Restricted","National Park",NA,"-12.2443","43.3972",NA,"","","Macro-algae","1",NA,NA,"CORDIO/IOC","post_bl_2016"
"Comoros","2017","Moheli island","Moheli National Park","Nkandzoni","","Partially Restricted","National Park",NA,"-12.2443","43.3972",NA,"","","Bare substrate","9.4",NA,NA,"CORDIO/IOC","post_bl_2016"
"Comoros","2017","Moheli island","Moheli National Park","Nkandzoni","","Partially Restricted","National Park",NA,"-12.2443","43.3972",NA,"","","Dead standing coral","16.98",NA,NA,"CORDIO/IOC","post_bl_2016"
"Comoros","2017","Moheli island","Moheli National Park","Nkandzoni","","Partially Restricted","National Park",NA,"-12.2443","43.3972",NA,"","","Other inverts","2",NA,NA,"CORDIO/IOC","post_bl_2016"
"Comoros","2017","Moheli island","Moheli National Park","Nkandzoni","","Partially Restricted","National Park",NA,"-12.2443","43.3972",NA,"","","Recently dead coral","2.6",NA,NA,"CORDIO/IOC","post_bl_2016"
"Comoros","2017","Moheli island","Moheli National Park","Nkandzoni","","Partially Restricted","National Park",NA,"-12.2443","43.3972",NA,"","","Rubble","19.2",NA,NA,"CORDIO/IOC","post_bl_2016"
"Comoros","2017","Moheli island","Moheli National Park","Nkandzoni","","Partially Restricted","National Park",NA,"-12.2443","43.3972",NA,"","","Soft coral","7.9",NA,NA,"CORDIO/IOC","post_bl_2016"
"Comoros","2017","Anjouan Island","Ouani","Ouani_01","","Open access","Open access",NA,"-12.0647","44.2557",NA,"","","Hard coral","64.84",NA,NA,"CORDIO/IOC","post_bl_2016"
"Comoros","2017","Anjouan Island","Ouani","Ouani_01","","Open access","Open access",NA,"-12.0647","44.2557",NA,"","","Bare substrate","26.42",NA,NA,"CORDIO/IOC","post_bl_2016"
"Comoros","2017","Anjouan Island","Ouani","Ouani_01","","Open access","Open access",NA,"-12.0647","44.2557",NA,"","","Dead standing coral","4.67",NA,NA,"CORDIO/IOC","post_bl_2016"
"Comoros","2017","Anjouan Island","Ouani","Ouani_01","","Open access","Open access",NA,"-12.0647","44.2557",NA,"","","Other inverts","0.08",NA,NA,"CORDIO/IOC","post_bl_2016"
"Comoros","2017","Anjouan Island","Ouani","Ouani_01","","Open access","Open access",NA,"-12.0647","44.2557",NA,"","","Rubble","4",NA,NA,"CORDIO/IOC","post_bl_2016"
"Comoros","2017","Grand Comore","Moroni","Retaj","","Open access","Open access",NA,"-11.43","43.1712",NA,"","","Hard coral","87.9",NA,NA,"CORDIO/IOC","post_bl_2016"
"Comoros","2017","Grand Comore","Moroni","Retaj","","Open access","Open access",NA,"-11.43","43.1712",NA,"","","Bare substrate","6.2",NA,NA,"CORDIO/IOC","post_bl_2016"
"Comoros","2017","Grand Comore","Moroni","Retaj","","Open access","Open access",NA,"-11.43","43.1712",NA,"","","Recently dead coral","1",NA,NA,"CORDIO/IOC","post_bl_2016"
"Comoros","2017","Grand Comore","Moroni","Retaj","","Open access","Open access",NA,"-11.43","43.1712",NA,"","","Rubble","2.6",NA,NA,"CORDIO/IOC","post_bl_2016"
"Comoros","2017","Grand Comore","Moroni","Retaj","","Open access","Open access",NA,"-11.43","43.1712",NA,"","","Soft coral","1.2",NA,NA,"CORDIO/IOC","post_bl_2016"
"Comoros","2017","Grand Comore","Moroni","Retaj","","Open access","Open access",NA,"-11.43","43.1712",NA,"","","Sand","1.1",NA,NA,"CORDIO/IOC","post_bl_2016"
"Comoros","2017","Moheli island","Moheli National Park","Sambia_W","","Partially Restricted","National Park",NA,"-12.38331667","43.78685",NA,"","","Hard coral","48.8",NA,NA,"CORDIO/IOC","post_bl_2016"
"Comoros","2017","Moheli island","Moheli National Park","Sambia_W","","Partially Restricted","National Park",NA,"-12.38331667","43.78685",NA,"","","Coralline algae","1.2",NA,NA,"CORDIO/IOC","post_bl_2016"
"Comoros","2017","Moheli island","Moheli National Park","Sambia_W","","Partially Restricted","National Park",NA,"-12.38331667","43.78685",NA,"","","Halimeda","3.5",NA,NA,"CORDIO/IOC","post_bl_2016"
"Comoros","2017","Moheli island","Moheli National Park","Sambia_W","","Partially Restricted","National Park",NA,"-12.38331667","43.78685",NA,"","","Macro-algae","1.8",NA,NA,"CORDIO/IOC","post_bl_2016"
"Comoros","2017","Moheli island","Moheli National Park","Sambia_W","","Partially Restricted","National Park",NA,"-12.38331667","43.78685",NA,"","","Other inverts","0.7",NA,NA,"CORDIO/IOC","post_bl_2016"
"Comoros","2017","Moheli island","Moheli National Park","Sambia_W","","Partially Restricted","National Park",NA,"-12.38331667","43.78685",NA,"","","Dead standing coral","13.4",NA,NA,"CORDIO/IOC","post_bl_2016"
"Comoros","2017","Moheli island","Moheli National Park","Sambia_W","","Partially Restricted","National Park",NA,"-12.38331667","43.78685",NA,"","","Recently dead coral","5.8",NA,NA,"CORDIO/IOC","post_bl_2016"
"Comoros","2017","Moheli island","Moheli National Park","Sambia_W","","Partially Restricted","National Park",NA,"-12.38331667","43.78685",NA,"","","Rubble","18.7",NA,NA,"CORDIO/IOC","post_bl_2016"
"Comoros","2017","Moheli island","Moheli National Park","Sambia_W","","Partially Restricted","National Park",NA,"-12.38331667","43.78685",NA,"","","Sand","5.2",NA,NA,"CORDIO/IOC","post_bl_2016"
"Comoros","2017","Moheli island","Moheli National Park","Sambia_W","","Partially Restricted","National Park",NA,"-12.38331667","43.78685",NA,"","","Unknown","0.9",NA,NA,"CORDIO/IOC","post_bl_2016"
"Comoros","2018","Moheli island","Moheli National Park","Ferenga","","Partially Restricted","National Park",NA,"-12.4108","43.70401","48","","","Hard coral","50.25","13.93","9.85","CORDIO","RLE 2019"
"Comoros","2018","Moheli island","Moheli National Park","Ferenga","","Partially Restricted","National Park",NA,"-12.4108","43.70401","48","","","Soft coral","1.05","1.2","0.85","CORDIO","RLE 2019"
"Comoros","2018","Moheli island","Moheli National Park","Ferenga","","Partially Restricted","National Park",NA,"-12.4108","43.70401","48","","","Other inverts","0.85","0.49","0.35","CORDIO","RLE 2019"
"Comoros","2018","Moheli island","Moheli National Park","Ferenga","","Partially Restricted","National Park",NA,"-12.4108","43.70401","48","","","Macro-algae","1.35","0.21","0.15","CORDIO","RLE 2019"
"Comoros","2018","Moheli island","Moheli National Park","Ferenga","","Partially Restricted","National Park",NA,"-12.4108","43.70401","48","","","Halimeda","0","0","0","CORDIO","RLE 2019"
"Comoros","2018","Moheli island","Moheli National Park","Ferenga","","Partially Restricted","National Park",NA,"-12.4108","43.70401","48","","","Coralline algae","4.65","5.87","4.15","CORDIO","RLE 2019"
"Comoros","2018","Moheli island","Moheli National Park","Ferenga","","Partially Restricted","National Park",NA,"-12.4108","43.70401","48","","","Turf algae","12.2","4.95","3.5","CORDIO","RLE 2019"
"Comoros","2018","Moheli island","Moheli National Park","Ferenga","","Partially Restricted","National Park",NA,"-12.4108","43.70401","48","","","Bare substrate","0.5","0.71","0.5","CORDIO","RLE 2019"
"Comoros","2018","Moheli island","Moheli National Park","Ferenga","","Partially Restricted","National Park",NA,"-12.4108","43.70401","48","","","Rubble","23.15","16.9","11.95","CORDIO","RLE 2019"
"Comoros","2018","Moheli island","Moheli National Park","Ferenga","","Partially Restricted","National Park",NA,"-12.4108","43.70401","48","","","Sand","4.5","6.36","4.5","CORDIO","RLE 2019"
"Comoros","2018","Moheli island","Moheli National Park","Ferenga","","Partially Restricted","National Park",NA,"-12.4108","43.70401","48","","","Seagrass","0","0","0","CORDIO","RLE 2019"
"Comoros","2018","Moheli island","Moheli National Park","Ferenga","","Partially Restricted","National Park",NA,"-12.4108","43.70401","48","","","Dead standing coral","1.6","2.26","1.6","CORDIO","RLE 2019"
"Comoros","2018","Moheli island","Moheli National Park","Ferenga","","Partially Restricted","National Park",NA,"-12.4108","43.70401","48","","","Recently dead coral","0","0","0","CORDIO","RLE 2019"
"Comoros","2018","Moheli island","Moheli National Park","Ferenga","","Partially Restricted","National Park",NA,"-12.4108","43.70401","48","","","Unknown","0","0","0","CORDIO","RLE 2019"
"Comoros","2018","Grand Comore","Bambao","Iconi_01","","Open access","Open access",NA,"-11.752227","43.22752","21","","","Hard coral","4.2",NA,NA,"CORDIO","RLE 2019"
"Comoros","2018","Grand Comore","Bambao","Iconi_01","","Open access","Open access",NA,"-11.752227","43.22752","21","","","Soft coral","0.4",NA,NA,"CORDIO","RLE 2019"
"Comoros","2018","Grand Comore","Bambao","Iconi_01","","Open access","Open access",NA,"-11.752227","43.22752","21","","","Other inverts","2.3",NA,NA,"CORDIO","RLE 2019"
"Comoros","2018","Grand Comore","Bambao","Iconi_01","","Open access","Open access",NA,"-11.752227","43.22752","21","","","Macro-algae","1.5",NA,NA,"CORDIO","RLE 2019"
"Comoros","2018","Grand Comore","Bambao","Iconi_01","","Open access","Open access",NA,"-11.752227","43.22752","21","","","Halimeda","0",NA,NA,"CORDIO","RLE 2019"
"Comoros","2018","Grand Comore","Bambao","Iconi_01","","Open access","Open access",NA,"-11.752227","43.22752","21","","","Coralline algae","1.9",NA,NA,"CORDIO","RLE 2019"
"Comoros","2018","Grand Comore","Bambao","Iconi_01","","Open access","Open access",NA,"-11.752227","43.22752","21","","","Turf algae","76.3",NA,NA,"CORDIO","RLE 2019"
"Comoros","2018","Grand Comore","Bambao","Iconi_01","","Open access","Open access",NA,"-11.752227","43.22752","21","","","Bare substrate","0",NA,NA,"CORDIO","RLE 2019"
"Comoros","2018","Grand Comore","Bambao","Iconi_01","","Open access","Open access",NA,"-11.752227","43.22752","21","","","Rubble","5",NA,NA,"CORDIO","RLE 2019"
"Comoros","2018","Grand Comore","Bambao","Iconi_01","","Open access","Open access",NA,"-11.752227","43.22752","21","","","Sand","8.4",NA,NA,"CORDIO","RLE 2019"
"Comoros","2018","Grand Comore","Bambao","Iconi_01","","Open access","Open access",NA,"-11.752227","43.22752","21","","","Seagrass","0",NA,NA,"CORDIO","RLE 2019"
"Comoros","2018","Grand Comore","Bambao","Iconi_01","","Open access","Open access",NA,"-11.752227","43.22752","21","","","Dead standing coral","0",NA,NA,"CORDIO","RLE 2019"
"Comoros","2018","Grand Comore","Bambao","Iconi_01","","Open access","Open access",NA,"-11.752227","43.22752","21","","","Recently dead coral","0",NA,NA,"CORDIO","RLE 2019"
"Comoros","2018","Grand Comore","Bambao","Iconi_01","","Open access","Open access",NA,"-11.752227","43.22752","21","","","Unknown","0",NA,NA,"CORDIO","RLE 2019"
"Comoros","2018","Grand Comore","Bambao","Iconi_02","","Open access","Open access",NA,"-11.74426","43.23023","24","","","Hard coral","17.5",NA,NA,"CORDIO","RLE 2019"
"Comoros","2018","Grand Comore","Bambao","Iconi_02","","Open access","Open access",NA,"-11.74426","43.23023","24","","","Soft coral","7.8",NA,NA,"CORDIO","RLE 2019"
"Comoros","2018","Grand Comore","Bambao","Iconi_02","","Open access","Open access",NA,"-11.74426","43.23023","24","","","Other inverts","0",NA,NA,"CORDIO","RLE 2019"
"Comoros","2018","Grand Comore","Bambao","Iconi_02","","Open access","Open access",NA,"-11.74426","43.23023","24","","","Macro-algae","10",NA,NA,"CORDIO","RLE 2019"
"Comoros","2018","Grand Comore","Bambao","Iconi_02","","Open access","Open access",NA,"-11.74426","43.23023","24","","","Halimeda","0",NA,NA,"CORDIO","RLE 2019"
"Comoros","2018","Grand Comore","Bambao","Iconi_02","","Open access","Open access",NA,"-11.74426","43.23023","24","","","Coralline algae","0.2",NA,NA,"CORDIO","RLE 2019"
"Comoros","2018","Grand Comore","Bambao","Iconi_02","","Open access","Open access",NA,"-11.74426","43.23023","24","","","Turf algae","53.9",NA,NA,"CORDIO","RLE 2019"
"Comoros","2018","Grand Comore","Bambao","Iconi_02","","Open access","Open access",NA,"-11.74426","43.23023","24","","","Bare substrate","0",NA,NA,"CORDIO","RLE 2019"
"Comoros","2018","Grand Comore","Bambao","Iconi_02","","Open access","Open access",NA,"-11.74426","43.23023","24","","","Rubble","7.4",NA,NA,"CORDIO","RLE 2019"
"Comoros","2018","Grand Comore","Bambao","Iconi_02","","Open access","Open access",NA,"-11.74426","43.23023","24","","","Sand","3.3",NA,NA,"CORDIO","RLE 2019"
"Comoros","2018","Grand Comore","Bambao","Iconi_02","","Open access","Open access",NA,"-11.74426","43.23023","24","","","Seagrass","0",NA,NA,"CORDIO","RLE 2019"
"Comoros","2018","Grand Comore","Bambao","Iconi_02","","Open access","Open access",NA,"-11.74426","43.23023","24","","","Dead standing coral","0",NA,NA,"CORDIO","RLE 2019"
"Comoros","2018","Grand Comore","Bambao","Iconi_02","","Open access","Open access",NA,"-11.74426","43.23023","24","","","Recently dead coral","0",NA,NA,"CORDIO","RLE 2019"
"Comoros","2018","Grand Comore","Bambao","Iconi_02","","Open access","Open access",NA,"-11.74426","43.23023","24","","","Unknown","0",NA,NA,"CORDIO","RLE 2019"
"Comoros","2018","Moheli island","Moheli National Park","Mchaco","","Partially Restricted","National Park",NA,"-12.38775","43.78609","47","","","Hard coral","39.9","0","0","CORDIO","RLE 2019"
"Comoros","2018","Moheli island","Moheli National Park","Mchaco","","Partially Restricted","National Park",NA,"-12.38775","43.78609","47","","","Soft coral","0.45","0.64","0.45","CORDIO","RLE 2019"
"Comoros","2018","Moheli island","Moheli National Park","Mchaco","","Partially Restricted","National Park",NA,"-12.38775","43.78609","47","","","Other inverts","2","2.12","1.5","CORDIO","RLE 2019"
"Comoros","2018","Moheli island","Moheli National Park","Mchaco","","Partially Restricted","National Park",NA,"-12.38775","43.78609","47","","","Macro-algae","3.4","1.7","1.2","CORDIO","RLE 2019"
"Comoros","2018","Moheli island","Moheli National Park","Mchaco","","Partially Restricted","National Park",NA,"-12.38775","43.78609","47","","","Halimeda","3.7","3.11","2.2","CORDIO","RLE 2019"
"Comoros","2018","Moheli island","Moheli National Park","Mchaco","","Partially Restricted","National Park",NA,"-12.38775","43.78609","47","","","Coralline algae","7.6","3.11","2.2","CORDIO","RLE 2019"
"Comoros","2018","Moheli island","Moheli National Park","Mchaco","","Partially Restricted","National Park",NA,"-12.38775","43.78609","47","","","Turf algae","23.8","0.99","0.7","CORDIO","RLE 2019"
"Comoros","2018","Moheli island","Moheli National Park","Mchaco","","Partially Restricted","National Park",NA,"-12.38775","43.78609","47","","","Bare substrate","0","0","0","CORDIO","RLE 2019"
"Comoros","2018","Moheli island","Moheli National Park","Mchaco","","Partially Restricted","National Park",NA,"-12.38775","43.78609","47","","","Rubble","15.8","11.03","7.8","CORDIO","RLE 2019"
"Comoros","2018","Moheli island","Moheli National Park","Mchaco","","Partially Restricted","National Park",NA,"-12.38775","43.78609","47","","","Sand","1.75","1.06","0.75","CORDIO","RLE 2019"
"Comoros","2018","Moheli island","Moheli National Park","Mchaco","","Partially Restricted","National Park",NA,"-12.38775","43.78609","47","","","Seagrass","0","0","0","CORDIO","RLE 2019"
"Comoros","2018","Moheli island","Moheli National Park","Mchaco","","Partially Restricted","National Park",NA,"-12.38775","43.78609","47","","","Dead standing coral","1.45","1.48","1.05","CORDIO","RLE 2019"
"Comoros","2018","Moheli island","Moheli National Park","Mchaco","","Partially Restricted","National Park",NA,"-12.38775","43.78609","47","","","Recently dead coral","0","0","0","CORDIO","RLE 2019"
"Comoros","2018","Moheli island","Moheli National Park","Mchaco","","Partially Restricted","National Park",NA,"-12.38775","43.78609","47","","","Unknown","0.2","0","0","CORDIO","RLE 2019"
"Comoros","2018","Moheli island","Moheli National Park","Mirereni","","Partially Restricted","National Park",NA,"-12.33908","43.65045","48","","","Hard coral","69.7","12.45","8.8","CORDIO","RLE 2019"
"Comoros","2018","Moheli island","Moheli National Park","Mirereni","","Partially Restricted","National Park",NA,"-12.33908","43.65045","48","","","Soft coral","0.1","0.14","0.1","CORDIO","RLE 2019"
"Comoros","2018","Moheli island","Moheli National Park","Mirereni","","Partially Restricted","National Park",NA,"-12.33908","43.65045","48","","","Other inverts","0.45","0.35","0.25","CORDIO","RLE 2019"
"Comoros","2018","Moheli island","Moheli National Park","Mirereni","","Partially Restricted","National Park",NA,"-12.33908","43.65045","48","","","Macro-algae","2","2.4","1.7","CORDIO","RLE 2019"
"Comoros","2018","Moheli island","Moheli National Park","Mirereni","","Partially Restricted","National Park",NA,"-12.33908","43.65045","48","","","Halimeda","0","0","0","CORDIO","RLE 2019"
"Comoros","2018","Moheli island","Moheli National Park","Mirereni","","Partially Restricted","National Park",NA,"-12.33908","43.65045","48","","","Coralline algae","6.4","1.84","1.3","CORDIO","RLE 2019"
"Comoros","2018","Moheli island","Moheli National Park","Mirereni","","Partially Restricted","National Park",NA,"-12.33908","43.65045","48","","","Turf algae","8.35","3.18","2.25","CORDIO","RLE 2019"
"Comoros","2018","Moheli island","Moheli National Park","Mirereni","","Partially Restricted","National Park",NA,"-12.33908","43.65045","48","","","Bare substrate","0","0","0","CORDIO","RLE 2019"
"Comoros","2018","Moheli island","Moheli National Park","Mirereni","","Partially Restricted","National Park",NA,"-12.33908","43.65045","48","","","Rubble","10.25","4.6","3.25","CORDIO","RLE 2019"
"Comoros","2018","Moheli island","Moheli National Park","Mirereni","","Partially Restricted","National Park",NA,"-12.33908","43.65045","48","","","Sand","1.9","2.69","1.9","CORDIO","RLE 2019"
"Comoros","2018","Moheli island","Moheli National Park","Mirereni","","Partially Restricted","National Park",NA,"-12.33908","43.65045","48","","","Seagrass","0","0","0","CORDIO","RLE 2019"
"Comoros","2018","Moheli island","Moheli National Park","Mirereni","","Partially Restricted","National Park",NA,"-12.33908","43.65045","48","","","Dead standing coral","0.75","1.06","0.75","CORDIO","RLE 2019"
"Comoros","2018","Moheli island","Moheli National Park","Mirereni","","Partially Restricted","National Park",NA,"-12.33908","43.65045","48","","","Recently dead coral","0","0","0","CORDIO","RLE 2019"
"Comoros","2018","Moheli island","Moheli National Park","Mirereni","","Partially Restricted","National Park",NA,"-12.33908","43.65045","48","","","Unknown","0.1","0.14","0.1","CORDIO","RLE 2019"
"Comoros","2018","Grand Comore","Mitsamiuli Ndroude National Park","Mitsamiuli","","Partially restricted","National Park",NA,"-11.3791","43.28735","24","","","Hard coral","3.3",NA,NA,"CORDIO","RLE 2019"
"Comoros","2018","Grand Comore","Mitsamiuli Ndroude National Park","Mitsamiuli","","Partially restricted","National Park",NA,"-11.3791","43.28735","24","","","Soft coral","0",NA,NA,"CORDIO","RLE 2019"
"Comoros","2018","Grand Comore","Mitsamiuli Ndroude National Park","Mitsamiuli","","Partially restricted","National Park",NA,"-11.3791","43.28735","24","","","Other inverts","0",NA,NA,"CORDIO","RLE 2019"
"Comoros","2018","Grand Comore","Mitsamiuli Ndroude National Park","Mitsamiuli","","Partially restricted","National Park",NA,"-11.3791","43.28735","24","","","Macro-algae","1",NA,NA,"CORDIO","RLE 2019"
"Comoros","2018","Grand Comore","Mitsamiuli Ndroude National Park","Mitsamiuli","","Partially restricted","National Park",NA,"-11.3791","43.28735","24","","","Halimeda","0",NA,NA,"CORDIO","RLE 2019"
"Comoros","2018","Grand Comore","Mitsamiuli Ndroude National Park","Mitsamiuli","","Partially restricted","National Park",NA,"-11.3791","43.28735","24","","","Coralline algae","7.3",NA,NA,"CORDIO","RLE 2019"
"Comoros","2018","Grand Comore","Mitsamiuli Ndroude National Park","Mitsamiuli","","Partially restricted","National Park",NA,"-11.3791","43.28735","24","","","Turf algae","56",NA,NA,"CORDIO","RLE 2019"
"Comoros","2018","Grand Comore","Mitsamiuli Ndroude National Park","Mitsamiuli","","Partially restricted","National Park",NA,"-11.3791","43.28735","24","","","Bare substrate","0",NA,NA,"CORDIO","RLE 2019"
"Comoros","2018","Grand Comore","Mitsamiuli Ndroude National Park","Mitsamiuli","","Partially restricted","National Park",NA,"-11.3791","43.28735","24","","","Rubble","25.7",NA,NA,"CORDIO","RLE 2019"
"Comoros","2018","Grand Comore","Mitsamiuli Ndroude National Park","Mitsamiuli","","Partially restricted","National Park",NA,"-11.3791","43.28735","24","","","Sand","6.7",NA,NA,"CORDIO","RLE 2019"
"Comoros","2018","Grand Comore","Mitsamiuli Ndroude National Park","Mitsamiuli","","Partially restricted","National Park",NA,"-11.3791","43.28735","24","","","Seagrass","0",NA,NA,"CORDIO","RLE 2019"
"Comoros","2018","Grand Comore","Mitsamiuli Ndroude National Park","Mitsamiuli","","Partially restricted","National Park",NA,"-11.3791","43.28735","24","","","Dead standing coral","0",NA,NA,"CORDIO","RLE 2019"
"Comoros","2018","Grand Comore","Mitsamiuli Ndroude National Park","Mitsamiuli","","Partially restricted","National Park",NA,"-11.3791","43.28735","24","","","Recently dead coral","0",NA,NA,"CORDIO","RLE 2019"
"Comoros","2018","Grand Comore","Mitsamiuli Ndroude National Park","Mitsamiuli","","Partially restricted","National Park",NA,"-11.3791","43.28735","24","","","Unknown","0",NA,NA,"CORDIO","RLE 2019"
"Comoros","2022","Grand Comore","Mitsamiuli Ndroude National Park","Ndroude","","Partially Restricted","",NA,"-11.40755","43.41835","5","PIT","Nadjim","Macro-algae","0","0","0","CORDIO-Univ_Comoros","RPoc_Ocean5"
"Comoros","2022","Grand Comore","Mitsamiuli Ndroude National Park","Ndroude","","Partially Restricted","",NA,"-11.40755","43.41835","5","PIT","Nadjim","Bare substrate","21.6","22.2","9.93","CORDIO-Univ_Comoros","RPoc_Ocean5"
"Comoros","2022","Grand Comore","Mitsamiuli Ndroude National Park","Ndroude","","Partially Restricted","",NA,"-11.40755","43.41835","5","PIT","Nadjim","Dead standing coral","2.4","3.29","1.47","CORDIO-Univ_Comoros","RPoc_Ocean5"
"Comoros","2022","Grand Comore","Mitsamiuli Ndroude National Park","Ndroude","","Partially Restricted","",NA,"-11.40755","43.41835","5","PIT","Nadjim","Hard coral","10.4","8.29","3.71","CORDIO-Univ_Comoros","RPoc_Ocean5"
"Comoros","2022","Grand Comore","Mitsamiuli Ndroude National Park","Ndroude","","Partially Restricted","",NA,"-11.40755","43.41835","5","PIT","Nadjim","Rubble","11.2","16.22","7.26","CORDIO-Univ_Comoros","RPoc_Ocean5"
"Comoros","2022","Grand Comore","Mitsamiuli Ndroude National Park","Ndroude","","Partially Restricted","",NA,"-11.40755","43.41835","5","PIT","Nadjim","Soft coral","0","0","0","CORDIO-Univ_Comoros","RPoc_Ocean5"
"Comoros","2022","Grand Comore","Mitsamiuli Ndroude National Park","Ndroude","","Partially Restricted","",NA,"-11.40755","43.41835","5","PIT","Nadjim","Sand","54.4","27.03","12.09","CORDIO-Univ_Comoros","RPoc_Ocean5"
"Comoros","2022","Grand Comore","Mitsamiuli Ndroude National Park","Ndroude","","Partially Restricted","",NA,"-11.40755","43.41835","5","PIT","Nadjim","SPG","0","0","0","CORDIO-Univ_Comoros","RPoc_Ocean5"
"Comoros","2022","Grand Comore","Mitsamiuli Ndroude National Park","Ndroude","","Partially Restricted","",NA,"-11.40755","43.41835","5","PIT","Nadjim","Others","0","0","0","CORDIO-Univ_Comoros","RPoc_Ocean5"
"Comoros","2022","Grand Comore","Mitsamiuli Ndroude National Park","Ivoini","","Partially Restricted","",NA,"-11.39149","43.40332","5","PIT","Nadjim","Macro-algae","0","0","0","CORDIO-Univ_Comoros","RPoc_Ocean5"
"Comoros","2022","Grand Comore","Mitsamiuli Ndroude National Park","Ivoini","","Partially Restricted","",NA,"-11.39149","43.40332","5","PIT","Nadjim","Bare substrate","46.4","42.25","18.89","CORDIO-Univ_Comoros","RPoc_Ocean5"
"Comoros","2022","Grand Comore","Mitsamiuli Ndroude National Park","Ivoini","","Partially Restricted","",NA,"-11.39149","43.40332","5","PIT","Nadjim","Dead standing coral","13.6","18.84","8.42","CORDIO-Univ_Comoros","RPoc_Ocean5"
"Comoros","2022","Grand Comore","Mitsamiuli Ndroude National Park","Ivoini","","Partially Restricted","",NA,"-11.39149","43.40332","5","PIT","Nadjim","Hard coral","13.2","7.95","3.56","CORDIO-Univ_Comoros","RPoc_Ocean5"
"Comoros","2022","Grand Comore","Mitsamiuli Ndroude National Park","Ivoini","","Partially Restricted","",NA,"-11.39149","43.40332","5","PIT","Nadjim","Rubble","10.8","11.1","4.96","CORDIO-Univ_Comoros","RPoc_Ocean5"
"Comoros","2022","Grand Comore","Mitsamiuli Ndroude National Park","Ivoini","","Partially Restricted","",NA,"-11.39149","43.40332","5","PIT","Nadjim","Soft coral","0.8","1.79","0.8","CORDIO-Univ_Comoros","RPoc_Ocean5"
"Comoros","2022","Grand Comore","Mitsamiuli Ndroude National Park","Ivoini","","Partially Restricted","",NA,"-11.39149","43.40332","5","PIT","Nadjim","Sand","14.8","13.9","6.22","CORDIO-Univ_Comoros","RPoc_Ocean5"
"Comoros","2022","Grand Comore","Mitsamiuli Ndroude National Park","Ivoini","","Partially Restricted","",NA,"-11.39149","43.40332","5","PIT","Nadjim","SPG","0.4","0.89","0.4","CORDIO-Univ_Comoros","RPoc_Ocean5"
"Comoros","2022","Grand Comore","Mitsamiuli Ndroude National Park","Ivoini","","Partially Restricted","",NA,"-11.39149","43.40332","5","PIT","Nadjim","Others","0","0","0","CORDIO-Univ_Comoros","RPoc_Ocean5"
"Comoros","2022","Grand Comore","Mitsamiuli Ndroude National Park","Bangoi","","Partially Restricted","",NA,"-11.36711","43.37958","5","PIT","Nadjim","Macro-algae","0","0","0","CORDIO-Univ_Comoros","RPoc_Ocean5"
"Comoros","2022","Grand Comore","Mitsamiuli Ndroude National Park","Bangoi","","Partially Restricted","",NA,"-11.36711","43.37958","5","PIT","Nadjim","Bare substrate","30.8","33.51","14.99","CORDIO-Univ_Comoros","RPoc_Ocean5"
"Comoros","2022","Grand Comore","Mitsamiuli Ndroude National Park","Bangoi","","Partially Restricted","",NA,"-11.36711","43.37958","5","PIT","Nadjim","Dead standing coral","6.4","8.76","3.92","CORDIO-Univ_Comoros","RPoc_Ocean5"
"Comoros","2022","Grand Comore","Mitsamiuli Ndroude National Park","Bangoi","","Partially Restricted","",NA,"-11.36711","43.37958","5","PIT","Nadjim","Hard coral","12","8.6","3.85","CORDIO-Univ_Comoros","RPoc_Ocean5"
"Comoros","2022","Grand Comore","Mitsamiuli Ndroude National Park","Bangoi","","Partially Restricted","",NA,"-11.36711","43.37958","5","PIT","Nadjim","Rubble","25.6","32.6","14.58","CORDIO-Univ_Comoros","RPoc_Ocean5"
"Comoros","2022","Grand Comore","Mitsamiuli Ndroude National Park","Bangoi","","Partially Restricted","",NA,"-11.36711","43.37958","5","PIT","Nadjim","Soft coral","2.4","3.58","1.6","CORDIO-Univ_Comoros","RPoc_Ocean5"
"Comoros","2022","Grand Comore","Mitsamiuli Ndroude National Park","Bangoi","","Partially Restricted","",NA,"-11.36711","43.37958","5","PIT","Nadjim","Sand","22.8","12.54","5.61","CORDIO-Univ_Comoros","RPoc_Ocean5"
"Comoros","2022","Grand Comore","Mitsamiuli Ndroude National Park","Bangoi","","Partially Restricted","",NA,"-11.36711","43.37958","5","PIT","Nadjim","SPG","0","0","0","CORDIO-Univ_Comoros","RPoc_Ocean5"
"Comoros","2022","Grand Comore","Mitsamiuli Ndroude National Park","Bangoi","","Partially Restricted","",NA,"-11.36711","43.37958","5","PIT","Nadjim","Others","0","0","0","CORDIO-Univ_Comoros","RPoc_Ocean5"
"Comoros","2022","Grand Comore","Mitsamiuli Ndroude National Park","Memboimboini","","Partially Restricted","",NA,"-11.37151","43.32579","4","PIT","Nadjim","Macro-algae","0","0","0","CORDIO-Univ_Comoros","RPoc_Ocean5"
"Comoros","2022","Grand Comore","Mitsamiuli Ndroude National Park","Memboimboini","","Partially Restricted","",NA,"-11.37151","43.32579","4","PIT","Nadjim","Bare substrate","30","10.33","5.16","CORDIO-Univ_Comoros","RPoc_Ocean5"
"Comoros","2022","Grand Comore","Mitsamiuli Ndroude National Park","Memboimboini","","Partially Restricted","",NA,"-11.37151","43.32579","4","PIT","Nadjim","Dead standing coral","0","0","0","CORDIO-Univ_Comoros","RPoc_Ocean5"
"Comoros","2022","Grand Comore","Mitsamiuli Ndroude National Park","Memboimboini","","Partially Restricted","",NA,"-11.37151","43.32579","4","PIT","Nadjim","Hard coral","41.5","30.83","15.41","CORDIO-Univ_Comoros","RPoc_Ocean5"
"Comoros","2022","Grand Comore","Mitsamiuli Ndroude National Park","Memboimboini","","Partially Restricted","",NA,"-11.37151","43.32579","4","PIT","Nadjim","Rubble","8","11.31","5.66","CORDIO-Univ_Comoros","RPoc_Ocean5"
"Comoros","2022","Grand Comore","Mitsamiuli Ndroude National Park","Memboimboini","","Partially Restricted","",NA,"-11.37151","43.32579","4","PIT","Nadjim","Soft coral","0","0","0","CORDIO-Univ_Comoros","RPoc_Ocean5"
"Comoros","2022","Grand Comore","Mitsamiuli Ndroude National Park","Memboimboini","","Partially Restricted","",NA,"-11.37151","43.32579","4","PIT","Nadjim","Sand","20.5","41","20.5","CORDIO-Univ_Comoros","RPoc_Ocean5"
"Comoros","2022","Grand Comore","Mitsamiuli Ndroude National Park","Memboimboini","","Partially Restricted","",NA,"-11.37151","43.32579","4","PIT","Nadjim","SPG","0","0","0","CORDIO-Univ_Comoros","RPoc_Ocean5"
"Comoros","2022","Grand Comore","Mitsamiuli Ndroude National Park","Memboimboini","","Partially Restricted","",NA,"-11.37151","43.32579","4","PIT","Nadjim","Others","0","0","0","CORDIO-Univ_Comoros","RPoc_Ocean5"
"Comoros","2022","Grand Comore","Coelecanth National Park","Chindini","","Partially Restricted","",NA,"-11.93169","43.49697","4","PIT","Nadjim","Macro-algae","0","0","0","CORDIO-Univ_Comoros","RPoc_Ocean5"
"Comoros","2022","Grand Comore","Coelecanth National Park","Chindini","","Partially Restricted","",NA,"-11.93169","43.49697","4","PIT","Nadjim","Bare substrate","45.5","18.14","9.07","CORDIO-Univ_Comoros","RPoc_Ocean5"
"Comoros","2022","Grand Comore","Coelecanth National Park","Chindini","","Partially Restricted","",NA,"-11.93169","43.49697","4","PIT","Nadjim","Dead standing coral","11","17.09","8.54","CORDIO-Univ_Comoros","RPoc_Ocean5"
"Comoros","2022","Grand Comore","Coelecanth National Park","Chindini","","Partially Restricted","",NA,"-11.93169","43.49697","4","PIT","Nadjim","Hard coral","19.5","14.27","7.14","CORDIO-Univ_Comoros","RPoc_Ocean5"
"Comoros","2022","Grand Comore","Coelecanth National Park","Chindini","","Partially Restricted","",NA,"-11.93169","43.49697","4","PIT","Nadjim","Rubble","15","17.4","8.7","CORDIO-Univ_Comoros","RPoc_Ocean5"
"Comoros","2022","Grand Comore","Coelecanth National Park","Chindini","","Partially Restricted","",NA,"-11.93169","43.49697","4","PIT","Nadjim","Soft coral","0","0","0","CORDIO-Univ_Comoros","RPoc_Ocean5"
"Comoros","2022","Grand Comore","Coelecanth National Park","Chindini","","Partially Restricted","",NA,"-11.93169","43.49697","4","PIT","Nadjim","Sand","9","15.36","7.68","CORDIO-Univ_Comoros","RPoc_Ocean5"
"Comoros","2022","Grand Comore","Coelecanth National Park","Chindini","","Partially Restricted","",NA,"-11.93169","43.49697","4","PIT","Nadjim","SPG","0","0","0","CORDIO-Univ_Comoros","RPoc_Ocean5"
"Comoros","2022","Grand Comore","Coelecanth National Park","Chindini","","Partially Restricted","",NA,"-11.93169","43.49697","4","PIT","Nadjim","Others","0","0","0","CORDIO-Univ_Comoros","RPoc_Ocean5"
"Comoros","2022","Grand Comore","Coelecanth National Park","Male","","Partially Restricted","",NA,"-11.90958","43.51859","5","PIT","Nadjim","Macro-algae","3.6","8.05","3.6","CORDIO-Univ_Comoros","RPoc_Ocean5"
"Comoros","2022","Grand Comore","Coelecanth National Park","Male","","Partially Restricted","",NA,"-11.90958","43.51859","5","PIT","Nadjim","Bare substrate","5.6","4.34","1.94","CORDIO-Univ_Comoros","RPoc_Ocean5"
"Comoros","2022","Grand Comore","Coelecanth National Park","Male","","Partially Restricted","",NA,"-11.90958","43.51859","5","PIT","Nadjim","Dead standing coral","0","0","0","CORDIO-Univ_Comoros","RPoc_Ocean5"
"Comoros","2022","Grand Comore","Coelecanth National Park","Male","","Partially Restricted","",NA,"-11.90958","43.51859","5","PIT","Nadjim","Hard coral","61.2","10.73","4.8","CORDIO-Univ_Comoros","RPoc_Ocean5"
"Comoros","2022","Grand Comore","Coelecanth National Park","Male","","Partially Restricted","",NA,"-11.90958","43.51859","5","PIT","Nadjim","Rubble","19.6","11.78","5.27","CORDIO-Univ_Comoros","RPoc_Ocean5"
"Comoros","2022","Grand Comore","Coelecanth National Park","Male","","Partially Restricted","",NA,"-11.90958","43.51859","5","PIT","Nadjim","Soft coral","3.2","4.15","1.85","CORDIO-Univ_Comoros","RPoc_Ocean5"
"Comoros","2022","Grand Comore","Coelecanth National Park","Male","","Partially Restricted","",NA,"-11.90958","43.51859","5","PIT","Nadjim","Sand","6.4","7.92","3.54","CORDIO-Univ_Comoros","RPoc_Ocean5"
"Comoros","2022","Grand Comore","Coelecanth National Park","Male","","Partially Restricted","",NA,"-11.90958","43.51859","5","PIT","Nadjim","SPG","0","0","0","CORDIO-Univ_Comoros","RPoc_Ocean5"
"Comoros","2022","Grand Comore","Coelecanth National Park","Male","","Partially Restricted","",NA,"-11.90958","43.51859","5","PIT","Nadjim","Others","0.4","0.89","0.4","CORDIO-Univ_Comoros","RPoc_Ocean5"
"Comoros","2022","Grand Comore","Coelecanth National Park","Itsoundzou","","Partially Restricted","",NA,"-11.873187","43.3866534","4","PIT","Nadjim","Macro-algae","0","0","0","CORDIO-Univ_Comoros","RPoc_Ocean5"
"Comoros","2022","Grand Comore","Coelecanth National Park","Itsoundzou","","Partially Restricted","",NA,"-11.873187","43.3866534","4","PIT","Nadjim","Bare substrate","32.5","16.36","8.18","CORDIO-Univ_Comoros","RPoc_Ocean5"
"Comoros","2022","Grand Comore","Coelecanth National Park","Itsoundzou","","Partially Restricted","",NA,"-11.873187","43.3866534","4","PIT","Nadjim","Dead standing coral","2","4","2","CORDIO-Univ_Comoros","RPoc_Ocean5"
"Comoros","2022","Grand Comore","Coelecanth National Park","Itsoundzou","","Partially Restricted","",NA,"-11.873187","43.3866534","4","PIT","Nadjim","Hard coral","60","19.87","9.93","CORDIO-Univ_Comoros","RPoc_Ocean5"
"Comoros","2022","Grand Comore","Coelecanth National Park","Itsoundzou","","Partially Restricted","",NA,"-11.873187","43.3866534","4","PIT","Nadjim","Rubble","0","0","0","CORDIO-Univ_Comoros","RPoc_Ocean5"
"Comoros","2022","Grand Comore","Coelecanth National Park","Itsoundzou","","Partially Restricted","",NA,"-11.873187","43.3866534","4","PIT","Nadjim","Soft coral","2","4","2","CORDIO-Univ_Comoros","RPoc_Ocean5"
"Comoros","2022","Grand Comore","Coelecanth National Park","Itsoundzou","","Partially Restricted","",NA,"-11.873187","43.3866534","4","PIT","Nadjim","Sand","3.5","4.12","2.06","CORDIO-Univ_Comoros","RPoc_Ocean5"
"Comoros","2022","Grand Comore","Coelecanth National Park","Itsoundzou","","Partially Restricted","",NA,"-11.873187","43.3866534","4","PIT","Nadjim","SPG","0","0","0","CORDIO-Univ_Comoros","RPoc_Ocean5"
"Comoros","2022","Grand Comore","Coelecanth National Park","Itsoundzou","","Partially Restricted","",NA,"-11.873187","43.3866534","4","PIT","Nadjim","Others","0","0","0","CORDIO-Univ_Comoros","RPoc_Ocean5"
"Comoros","2022","Grand Comore","Coelecanth National Park","Ifoundihe Chamboini","","Partially Restricted","",NA,"-11.91326","43.42691","5","PIT","Nadjim","Macro-algae","0","0","0","CORDIO-Univ_Comoros","RPoc_Ocean5"
"Comoros","2022","Grand Comore","Coelecanth National Park","Ifoundihe Chamboini","","Partially Restricted","",NA,"-11.91326","43.42691","5","PIT","Nadjim","Bare substrate","17.2","10.64","4.76","CORDIO-Univ_Comoros","RPoc_Ocean5"
"Comoros","2022","Grand Comore","Coelecanth National Park","Ifoundihe Chamboini","","Partially Restricted","",NA,"-11.91326","43.42691","5","PIT","Nadjim","Dead standing coral","5.2","4.82","2.15","CORDIO-Univ_Comoros","RPoc_Ocean5"
"Comoros","2022","Grand Comore","Coelecanth National Park","Ifoundihe Chamboini","","Partially Restricted","",NA,"-11.91326","43.42691","5","PIT","Nadjim","Hard coral","29.2","10.64","4.76","CORDIO-Univ_Comoros","RPoc_Ocean5"
"Comoros","2022","Grand Comore","Coelecanth National Park","Ifoundihe Chamboini","","Partially Restricted","",NA,"-11.91326","43.42691","5","PIT","Nadjim","Rubble","0","0","0","CORDIO-Univ_Comoros","RPoc_Ocean5"
"Comoros","2022","Grand Comore","Coelecanth National Park","Ifoundihe Chamboini","","Partially Restricted","",NA,"-11.91326","43.42691","5","PIT","Nadjim","Soft coral","38.4","27.94","12.5","CORDIO-Univ_Comoros","RPoc_Ocean5"
"Comoros","2022","Grand Comore","Coelecanth National Park","Ifoundihe Chamboini","","Partially Restricted","",NA,"-11.91326","43.42691","5","PIT","Nadjim","Sand","10","12.33","5.51","CORDIO-Univ_Comoros","RPoc_Ocean5"
"Comoros","2022","Grand Comore","Coelecanth National Park","Ifoundihe Chamboini","","Partially Restricted","",NA,"-11.91326","43.42691","5","PIT","Nadjim","SPG","0","0","0","CORDIO-Univ_Comoros","RPoc_Ocean5"
"Comoros","2022","Grand Comore","Coelecanth National Park","Ifoundihe Chamboini","","Partially Restricted","",NA,"-11.91326","43.42691","5","PIT","Nadjim","Others","0","0","0","CORDIO-Univ_Comoros","RPoc_Ocean5"
"Comoros","2023","Grand Comore","Mitsamiuli Ndroude National Park","Mitsamiuli","","Partially restricted","",NA,"-11.3790333","43.2881833","4","PIT","","Hard coral","9.5","8.54","4.27","CORDIO-Univ_Comoros","RPoc_Ocean5"
"Comoros","2023","Grand Comore","Mitsamiuli Ndroude National Park","Mitsamiuli","","Partially restricted","",NA,"-11.3790333","43.2881833","4","PIT","","Rubble","20","16.97","8.49","CORDIO-Univ_Comoros","RPoc_Ocean5"
"Comoros","2023","Grand Comore","Mitsamiuli Ndroude National Park","Mitsamiuli","","Partially restricted","",NA,"-11.3790333","43.2881833","4","PIT","","Dead standing coral","1","2","1","CORDIO-Univ_Comoros","RPoc_Ocean5"
"Comoros","2023","Grand Comore","Mitsamiuli Ndroude National Park","Mitsamiuli","","Partially restricted","",NA,"-11.3790333","43.2881833","4","PIT","","Soft coral","12.5","16.52","8.26","CORDIO-Univ_Comoros","RPoc_Ocean5"
"Comoros","2023","Grand Comore","Mitsamiuli Ndroude National Park","Mitsamiuli","","Partially restricted","",NA,"-11.3790333","43.2881833","4","PIT","","Sand","32","26.38","13.19","CORDIO-Univ_Comoros","RPoc_Ocean5"
"Comoros","2023","Grand Comore","Mitsamiuli Ndroude National Park","Mitsamiuli","","Partially restricted","",NA,"-11.3790333","43.2881833","4","PIT","","Bare substrate","25","7.39","3.7","CORDIO-Univ_Comoros","RPoc_Ocean5"
"Comoros","2023","Grand Comore","Mitsamiuli Ndroude National Park","Fassi","","Partially Restricted","",NA,"-11.39113","43.27732","4","PIT","","Hard coral","20.5","4.12","2.06","CORDIO-Univ_Comoros","RPoc_Ocean5"
"Comoros","2023","Grand Comore","Mitsamiuli Ndroude National Park","Fassi","","Partially Restricted","",NA,"-11.39113","43.27732","4","PIT","","Rubble","2.5","3.79","1.89","CORDIO-Univ_Comoros","RPoc_Ocean5"
"Comoros","2023","Grand Comore","Mitsamiuli Ndroude National Park","Fassi","","Partially Restricted","",NA,"-11.39113","43.27732","4","PIT","","Dead standing coral","11.5","5.26","2.63","CORDIO-Univ_Comoros","RPoc_Ocean5"
"Comoros","2023","Grand Comore","Mitsamiuli Ndroude National Park","Fassi","","Partially Restricted","",NA,"-11.39113","43.27732","4","PIT","","Soft coral","3","1.15","0.58","CORDIO-Univ_Comoros","RPoc_Ocean5"
"Comoros","2023","Grand Comore","Mitsamiuli Ndroude National Park","Fassi","","Partially Restricted","",NA,"-11.39113","43.27732","4","PIT","","Sand","20","7.83","3.92","CORDIO-Univ_Comoros","RPoc_Ocean5"
"Comoros","2023","Grand Comore","Mitsamiuli Ndroude National Park","Fassi","","Partially Restricted","",NA,"-11.39113","43.27732","4","PIT","","Bare substrate","42.5","8.7","4.35","CORDIO-Univ_Comoros","RPoc_Ocean5"
"Comoros","2023","Grand Comore","Mitsamiuli Ndroude National Park","Ndjelezi","","Partially Restricted","",NA,"-11.37226","43.39113","4","PIT","","Hard coral","15","14.09","7.05","CORDIO-Univ_Comoros","RPoc_Ocean5"
"Comoros","2023","Grand Comore","Mitsamiuli Ndroude National Park","Ndjelezi","","Partially Restricted","",NA,"-11.37226","43.39113","4","PIT","","Rubble","0","0","0","CORDIO-Univ_Comoros","RPoc_Ocean5"
"Comoros","2023","Grand Comore","Mitsamiuli Ndroude National Park","Ndjelezi","","Partially Restricted","",NA,"-11.37226","43.39113","4","PIT","","Dead standing coral","0","0","0","CORDIO-Univ_Comoros","RPoc_Ocean5"
"Comoros","2023","Grand Comore","Mitsamiuli Ndroude National Park","Ndjelezi","","Partially Restricted","",NA,"-11.37226","43.39113","4","PIT","","Soft coral","1.5","3","1.5","CORDIO-Univ_Comoros","RPoc_Ocean5"
"Comoros","2023","Grand Comore","Mitsamiuli Ndroude National Park","Ndjelezi","","Partially Restricted","",NA,"-11.37226","43.39113","4","PIT","","Sand","34.5","21.19","10.59","CORDIO-Univ_Comoros","RPoc_Ocean5"
"Comoros","2023","Grand Comore","Mitsamiuli Ndroude National Park","Ndjelezi","","Partially Restricted","",NA,"-11.37226","43.39113","4","PIT","","Bare substrate","49","19.77","9.88","CORDIO-Univ_Comoros","RPoc_Ocean5"
"Comoros","2024","Anjouan Island","Shisiwani National Park","Harimandago","Fore reef","","","20.45","-12.20559","44.22253","24","Photo quadrat","Swaleh","Hard coral","55.75","28.31","4.09","CORDIO-Univ_Comoros","RPoc_Ocean5"
"Comoros","2024","Anjouan Island","Shisiwani National Park","Harimandago","Fore reef","","","20.45","-12.20559","44.22253","24","Photo quadrat","Swaleh","Coralline algae","0.08","0.58","0.08","CORDIO-Univ_Comoros","RPoc_Ocean5"
"Comoros","2024","Anjouan Island","Shisiwani National Park","Harimandago","Fore reef","","","20.45","-12.20559","44.22253","24","Photo quadrat","Swaleh","Halimeda","0.33","1.81","0.26","CORDIO-Univ_Comoros","RPoc_Ocean5"
"Comoros","2024","Anjouan Island","Shisiwani National Park","Harimandago","Fore reef","","","20.45","-12.20559","44.22253","24","Photo quadrat","Swaleh","ALG","1.75","2.85","0.41","CORDIO-Univ_Comoros","RPoc_Ocean5"
"Comoros","2024","Anjouan Island","Shisiwani National Park","Harimandago","Fore reef","","","20.45","-12.20559","44.22253","24","Photo quadrat","Swaleh","Macro-algae","5.33","6.51","0.94","CORDIO-Univ_Comoros","RPoc_Ocean5"
"Comoros","2024","Anjouan Island","Shisiwani National Park","Harimandago","Fore reef","","","20.45","-12.20559","44.22253","24","Photo quadrat","Swaleh","Turf algae","23.92","18.95","2.74","CORDIO-Univ_Comoros","RPoc_Ocean5"
"Comoros","2024","Anjouan Island","Shisiwani National Park","Harimandago","Fore reef","","","20.45","-12.20559","44.22253","24","Photo quadrat","Swaleh","Bare substrate","1.5","6.98","1.01","CORDIO-Univ_Comoros","RPoc_Ocean5"
"Comoros","2024","Anjouan Island","Shisiwani National Park","Harimandago","Fore reef","","","20.45","-12.20559","44.22253","24","Photo quadrat","Swaleh","Other inverts","0.75","2.28","0.33","CORDIO-Univ_Comoros","RPoc_Ocean5"
"Comoros","2024","Anjouan Island","Shisiwani National Park","Harimandago","Fore reef","","","20.45","-12.20559","44.22253","24","Photo quadrat","Swaleh","Soft coral","2.92","4.35","0.63","CORDIO-Univ_Comoros","RPoc_Ocean5"
"Comoros","2024","Anjouan Island","Shisiwani National Park","Harimandago","Fore reef","","","20.45","-12.20559","44.22253","24","Photo quadrat","Swaleh","Dead standing coral","0","0","0","CORDIO-Univ_Comoros","RPoc_Ocean5"
"Comoros","2024","Anjouan Island","Shisiwani National Park","Harimandago","Fore reef","","","20.45","-12.20559","44.22253","24","Photo quadrat","Swaleh","Rubble","2.5","5.06","0.73","CORDIO-Univ_Comoros","RPoc_Ocean5"
"Comoros","2024","Anjouan Island","Shisiwani National Park","Harimandago","Fore reef","","","20.45","-12.20559","44.22253","24","Photo quadrat","Swaleh","Seagrass","0.17","1.15","0.17","CORDIO-Univ_Comoros","RPoc_Ocean5"
"Comoros","2024","Anjouan Island","Shisiwani National Park","Harimandago","Fore reef","","","20.45","-12.20559","44.22253","24","Photo quadrat","Swaleh","Sand","5","9.88","1.43","CORDIO-Univ_Comoros","RPoc_Ocean5"
"Comoros","2024","Anjouan Island","Shisiwani National Park","Harimandago","Fore reef","","","20.45","-12.20559","44.22253","24","Photo quadrat","Swaleh","Others","0","0","0","CORDIO-Univ_Comoros","RPoc_Ocean5"
"Comoros","2024","Anjouan Island","Shisiwani National Park","Fumboni","Fore reef","","","16.2","-12.18536","44.29144","24","Photo quadrat","Swaleh","Hard coral","44.58","23.35","3.37","CORDIO-Univ_Comoros","RPoc_Ocean5"
"Comoros","2024","Anjouan Island","Shisiwani National Park","Fumboni","Fore reef","","","16.2","-12.18536","44.29144","24","Photo quadrat","Swaleh","Coralline algae","1.5","2.93","0.42","CORDIO-Univ_Comoros","RPoc_Ocean5"
"Comoros","2024","Anjouan Island","Shisiwani National Park","Fumboni","Fore reef","","","16.2","-12.18536","44.29144","24","Photo quadrat","Swaleh","Halimeda","3.17","5.47","0.79","CORDIO-Univ_Comoros","RPoc_Ocean5"
"Comoros","2024","Anjouan Island","Shisiwani National Park","Fumboni","Fore reef","","","16.2","-12.18536","44.29144","24","Photo quadrat","Swaleh","ALG","5.58","6.38","0.92","CORDIO-Univ_Comoros","RPoc_Ocean5"
"Comoros","2024","Anjouan Island","Shisiwani National Park","Fumboni","Fore reef","","","16.2","-12.18536","44.29144","24","Photo quadrat","Swaleh","Macro-algae","1.75","3.08","0.44","CORDIO-Univ_Comoros","RPoc_Ocean5"
"Comoros","2024","Anjouan Island","Shisiwani National Park","Fumboni","Fore reef","","","16.2","-12.18536","44.29144","24","Photo quadrat","Swaleh","Turf algae","32.5","19.75","2.85","CORDIO-Univ_Comoros","RPoc_Ocean5"
"Comoros","2024","Anjouan Island","Shisiwani National Park","Fumboni","Fore reef","","","16.2","-12.18536","44.29144","24","Photo quadrat","Swaleh","Bare substrate","0.17","1.15","0.17","CORDIO-Univ_Comoros","RPoc_Ocean5"
"Comoros","2024","Anjouan Island","Shisiwani National Park","Fumboni","Fore reef","","","16.2","-12.18536","44.29144","24","Photo quadrat","Swaleh","Other inverts","3","4.63","0.67","CORDIO-Univ_Comoros","RPoc_Ocean5"
"Comoros","2024","Anjouan Island","Shisiwani National Park","Fumboni","Fore reef","","","16.2","-12.18536","44.29144","24","Photo quadrat","Swaleh","Soft coral","6.25","7.87","1.14","CORDIO-Univ_Comoros","RPoc_Ocean5"
"Comoros","2024","Anjouan Island","Shisiwani National Park","Fumboni","Fore reef","","","16.2","-12.18536","44.29144","24","Photo quadrat","Swaleh","Dead standing coral","0.25","1.28","0.18","CORDIO-Univ_Comoros","RPoc_Ocean5"
"Comoros","2024","Anjouan Island","Shisiwani National Park","Fumboni","Fore reef","","","16.2","-12.18536","44.29144","24","Photo quadrat","Swaleh","Rubble","1.17","5.89","0.85","CORDIO-Univ_Comoros","RPoc_Ocean5"
"Comoros","2024","Anjouan Island","Shisiwani National Park","Fumboni","Fore reef","","","16.2","-12.18536","44.29144","24","Photo quadrat","Swaleh","Seagrass","0","0","0","CORDIO-Univ_Comoros","RPoc_Ocean5"
"Comoros","2024","Anjouan Island","Shisiwani National Park","Fumboni","Fore reef","","","16.2","-12.18536","44.29144","24","Photo quadrat","Swaleh","Sand","0.08","0.58","0.08","CORDIO-Univ_Comoros","RPoc_Ocean5"
"Comoros","2024","Anjouan Island","Shisiwani National Park","Fumboni","Fore reef","","","16.2","-12.18536","44.29144","24","Photo quadrat","Swaleh","Others","0","0","0","CORDIO-Univ_Comoros","RPoc_Ocean5"
"Comoros","2024","Anjouan Island","Shisiwani National Park","Hashelafou","Deep terrace","","","11.6","-12.1664","44.23878","24","Photo quadrat","Swaleh","Hard coral","38","31.75","4.58","CORDIO-Univ_Comoros","RPoc_Ocean5"
"Comoros","2024","Anjouan Island","Shisiwani National Park","Hashelafou","Deep terrace","","","11.6","-12.1664","44.23878","24","Photo quadrat","Swaleh","Coralline algae","1.5","2.93","0.42","CORDIO-Univ_Comoros","RPoc_Ocean5"
"Comoros","2024","Anjouan Island","Shisiwani National Park","Hashelafou","Deep terrace","","","11.6","-12.1664","44.23878","24","Photo quadrat","Swaleh","Halimeda","0.17","1.15","0.17","CORDIO-Univ_Comoros","RPoc_Ocean5"
"Comoros","2024","Anjouan Island","Shisiwani National Park","Hashelafou","Deep terrace","","","11.6","-12.1664","44.23878","24","Photo quadrat","Swaleh","ALG","1.5","3.05","0.44","CORDIO-Univ_Comoros","RPoc_Ocean5"
"Comoros","2024","Anjouan Island","Shisiwani National Park","Hashelafou","Deep terrace","","","11.6","-12.1664","44.23878","24","Photo quadrat","Swaleh","Macro-algae","4.75","5.13","0.74","CORDIO-Univ_Comoros","RPoc_Ocean5"
"Comoros","2024","Anjouan Island","Shisiwani National Park","Hashelafou","Deep terrace","","","11.6","-12.1664","44.23878","24","Photo quadrat","Swaleh","Turf algae","31.33","19.69","2.84","CORDIO-Univ_Comoros","RPoc_Ocean5"
"Comoros","2024","Anjouan Island","Shisiwani National Park","Hashelafou","Deep terrace","","","11.6","-12.1664","44.23878","24","Photo quadrat","Swaleh","Bare substrate","2","3.78","0.55","CORDIO-Univ_Comoros","RPoc_Ocean5"
"Comoros","2024","Anjouan Island","Shisiwani National Park","Hashelafou","Deep terrace","","","11.6","-12.1664","44.23878","24","Photo quadrat","Swaleh","Other inverts","1.42","2.67","0.39","CORDIO-Univ_Comoros","RPoc_Ocean5"
"Comoros","2024","Anjouan Island","Shisiwani National Park","Hashelafou","Deep terrace","","","11.6","-12.1664","44.23878","24","Photo quadrat","Swaleh","Soft coral","3.58","4.46","0.64","CORDIO-Univ_Comoros","RPoc_Ocean5"
"Comoros","2024","Anjouan Island","Shisiwani National Park","Hashelafou","Deep terrace","","","11.6","-12.1664","44.23878","24","Photo quadrat","Swaleh","Dead standing coral","0.08","0.58","0.08","CORDIO-Univ_Comoros","RPoc_Ocean5"
"Comoros","2024","Anjouan Island","Shisiwani National Park","Hashelafou","Deep terrace","","","11.6","-12.1664","44.23878","24","Photo quadrat","Swaleh","Rubble","2.25","4.8","0.69","CORDIO-Univ_Comoros","RPoc_Ocean5"
"Comoros","2024","Anjouan Island","Shisiwani National Park","Hashelafou","Deep terrace","","","11.6","-12.1664","44.23878","24","Photo quadrat","Swaleh","Seagrass","0","0","0","CORDIO-Univ_Comoros","RPoc_Ocean5"
"Comoros","2024","Anjouan Island","Shisiwani National Park","Hashelafou","Deep terrace","","","11.6","-12.1664","44.23878","24","Photo quadrat","Swaleh","Sand","13.17","15.44","2.23","CORDIO-Univ_Comoros","RPoc_Ocean5"
"Comoros","2024","Anjouan Island","Shisiwani National Park","Hashelafou","Deep terrace","","","11.6","-12.1664","44.23878","24","Photo quadrat","Swaleh","Others","0.25","1.73","0.25","CORDIO-Univ_Comoros","RPoc_Ocean5"
"Comoros","2024","Anjouan Island","Shisiwani National Park","Mayindrini","Fore reef","","","12.15","-12.16027","44.20214","24","Photo quadrat","Swaleh","Hard coral","37.75","38.18","5.51","CORDIO-Univ_Comoros","RPoc_Ocean5"
"Comoros","2024","Anjouan Island","Shisiwani National Park","Mayindrini","Fore reef","","","12.15","-12.16027","44.20214","24","Photo quadrat","Swaleh","Coralline algae","1.75","2.96","0.43","CORDIO-Univ_Comoros","RPoc_Ocean5"
"Comoros","2024","Anjouan Island","Shisiwani National Park","Mayindrini","Fore reef","","","12.15","-12.16027","44.20214","24","Photo quadrat","Swaleh","Halimeda","3.08","6.82","0.98","CORDIO-Univ_Comoros","RPoc_Ocean5"
"Comoros","2024","Anjouan Island","Shisiwani National Park","Mayindrini","Fore reef","","","12.15","-12.16027","44.20214","24","Photo quadrat","Swaleh","ALG","2.33","3.67","0.53","CORDIO-Univ_Comoros","RPoc_Ocean5"
"Comoros","2024","Anjouan Island","Shisiwani National Park","Mayindrini","Fore reef","","","12.15","-12.16027","44.20214","24","Photo quadrat","Swaleh","Macro-algae","2.33","4.27","0.62","CORDIO-Univ_Comoros","RPoc_Ocean5"
"Comoros","2024","Anjouan Island","Shisiwani National Park","Mayindrini","Fore reef","","","12.15","-12.16027","44.20214","24","Photo quadrat","Swaleh","Turf algae","28.83","24.25","3.5","CORDIO-Univ_Comoros","RPoc_Ocean5"
"Comoros","2024","Anjouan Island","Shisiwani National Park","Mayindrini","Fore reef","","","12.15","-12.16027","44.20214","24","Photo quadrat","Swaleh","Bare substrate","4.5","15.99","2.31","CORDIO-Univ_Comoros","RPoc_Ocean5"
"Comoros","2024","Anjouan Island","Shisiwani National Park","Mayindrini","Fore reef","","","12.15","-12.16027","44.20214","24","Photo quadrat","Swaleh","Other inverts","1.5","2.69","0.39","CORDIO-Univ_Comoros","RPoc_Ocean5"
"Comoros","2024","Anjouan Island","Shisiwani National Park","Mayindrini","Fore reef","","","12.15","-12.16027","44.20214","24","Photo quadrat","Swaleh","Soft coral","3.08","5.85","0.84","CORDIO-Univ_Comoros","RPoc_Ocean5"
"Comoros","2024","Anjouan Island","Shisiwani National Park","Mayindrini","Fore reef","","","12.15","-12.16027","44.20214","24","Photo quadrat","Swaleh","Dead standing coral","0","0","0","CORDIO-Univ_Comoros","RPoc_Ocean5"
"Comoros","2024","Anjouan Island","Shisiwani National Park","Mayindrini","Fore reef","","","12.15","-12.16027","44.20214","24","Photo quadrat","Swaleh","Rubble","3.92","7.03","1.01","CORDIO-Univ_Comoros","RPoc_Ocean5"
"Comoros","2024","Anjouan Island","Shisiwani National Park","Mayindrini","Fore reef","","","12.15","-12.16027","44.20214","24","Photo quadrat","Swaleh","Seagrass","0","0","0","CORDIO-Univ_Comoros","RPoc_Ocean5"
"Comoros","2024","Anjouan Island","Shisiwani National Park","Mayindrini","Fore reef","","","12.15","-12.16027","44.20214","24","Photo quadrat","Swaleh","Sand","10.92","15.69","2.27","CORDIO-Univ_Comoros","RPoc_Ocean5"
"Comoros","2024","Anjouan Island","Shisiwani National Park","Mayindrini","Fore reef","","","12.15","-12.16027","44.20214","24","Photo quadrat","Swaleh","Others","0","0","0","CORDIO-Univ_Comoros","RPoc_Ocean5"
"Comoros","2024","Anjouan Island","Shisiwani National Park","Shitsangasheli","Fore reef","","","18.1","-12.25126","44.31506","24","Photo quadrat","Swaleh","Hard coral","39.67","26.36","3.81","CORDIO-Univ_Comoros","RPoc_Ocean5"
"Comoros","2024","Anjouan Island","Shisiwani National Park","Shitsangasheli","Fore reef","","","18.1","-12.25126","44.31506","24","Photo quadrat","Swaleh","Coralline algae","0.83","2.01","0.29","CORDIO-Univ_Comoros","RPoc_Ocean5"
"Comoros","2024","Anjouan Island","Shisiwani National Park","Shitsangasheli","Fore reef","","","18.1","-12.25126","44.31506","24","Photo quadrat","Swaleh","Halimeda","1.5","4.57","0.66","CORDIO-Univ_Comoros","RPoc_Ocean5"
"Comoros","2024","Anjouan Island","Shisiwani National Park","Shitsangasheli","Fore reef","","","18.1","-12.25126","44.31506","24","Photo quadrat","Swaleh","ALG","0.08","0.58","0.08","CORDIO-Univ_Comoros","RPoc_Ocean5"
"Comoros","2024","Anjouan Island","Shisiwani National Park","Shitsangasheli","Fore reef","","","18.1","-12.25126","44.31506","24","Photo quadrat","Swaleh","Macro-algae","8","7.33","1.06","CORDIO-Univ_Comoros","RPoc_Ocean5"
"Comoros","2024","Anjouan Island","Shisiwani National Park","Shitsangasheli","Fore reef","","","18.1","-12.25126","44.31506","24","Photo quadrat","Swaleh","Turf algae","31.42","17.46","2.52","CORDIO-Univ_Comoros","RPoc_Ocean5"
"Comoros","2024","Anjouan Island","Shisiwani National Park","Shitsangasheli","Fore reef","","","18.1","-12.25126","44.31506","24","Photo quadrat","Swaleh","Bare substrate","0.58","2.02","0.29","CORDIO-Univ_Comoros","RPoc_Ocean5"
"Comoros","2024","Anjouan Island","Shisiwani National Park","Shitsangasheli","Fore reef","","","18.1","-12.25126","44.31506","24","Photo quadrat","Swaleh","Other inverts","2.42","2.83","0.41","CORDIO-Univ_Comoros","RPoc_Ocean5"
"Comoros","2024","Anjouan Island","Shisiwani National Park","Shitsangasheli","Fore reef","","","18.1","-12.25126","44.31506","24","Photo quadrat","Swaleh","Soft coral","5.08","4.93","0.71","CORDIO-Univ_Comoros","RPoc_Ocean5"
"Comoros","2024","Anjouan Island","Shisiwani National Park","Shitsangasheli","Fore reef","","","18.1","-12.25126","44.31506","24","Photo quadrat","Swaleh","Dead standing coral","0","0","0","CORDIO-Univ_Comoros","RPoc_Ocean5"
"Comoros","2024","Anjouan Island","Shisiwani National Park","Shitsangasheli","Fore reef","","","18.1","-12.25126","44.31506","24","Photo quadrat","Swaleh","Rubble","3.67","7.19","1.04","CORDIO-Univ_Comoros","RPoc_Ocean5"
"Comoros","2024","Anjouan Island","Shisiwani National Park","Shitsangasheli","Fore reef","","","18.1","-12.25126","44.31506","24","Photo quadrat","Swaleh","Seagrass","0","0","0","CORDIO-Univ_Comoros","RPoc_Ocean5"
"Comoros","2024","Anjouan Island","Shisiwani National Park","Shitsangasheli","Fore reef","","","18.1","-12.25126","44.31506","24","Photo quadrat","Swaleh","Sand","6.42","11.15","1.61","CORDIO-Univ_Comoros","RPoc_Ocean5"
"Comoros","2024","Anjouan Island","Shisiwani National Park","Shitsangasheli","Fore reef","","","18.1","-12.25126","44.31506","24","Photo quadrat","Swaleh","Others","0.33","1.12","0.16","CORDIO-Univ_Comoros","RPoc_Ocean5"
"Comoros","2024","Anjouan Island","Shisiwani National Park","Lambwa","Fore reef","","","13.3","-12.23235","44.28096","24","Photo quadrat","Swaleh","Hard coral","64.67","36.9","5.33","CORDIO-Univ_Comoros","RPoc_Ocean5"
"Comoros","2024","Anjouan Island","Shisiwani National Park","Lambwa","Fore reef","","","13.3","-12.23235","44.28096","24","Photo quadrat","Swaleh","Coralline algae","0.75","2.43","0.35","CORDIO-Univ_Comoros","RPoc_Ocean5"
"Comoros","2024","Anjouan Island","Shisiwani National Park","Lambwa","Fore reef","","","13.3","-12.23235","44.28096","24","Photo quadrat","Swaleh","Halimeda","0.75","2.43","0.35","CORDIO-Univ_Comoros","RPoc_Ocean5"
"Comoros","2024","Anjouan Island","Shisiwani National Park","Lambwa","Fore reef","","","13.3","-12.23235","44.28096","24","Photo quadrat","Swaleh","ALG","2.42","5.64","0.81","CORDIO-Univ_Comoros","RPoc_Ocean5"
"Comoros","2024","Anjouan Island","Shisiwani National Park","Lambwa","Fore reef","","","13.3","-12.23235","44.28096","24","Photo quadrat","Swaleh","Macro-algae","5.17","8","1.15","CORDIO-Univ_Comoros","RPoc_Ocean5"
"Comoros","2024","Anjouan Island","Shisiwani National Park","Lambwa","Fore reef","","","13.3","-12.23235","44.28096","24","Photo quadrat","Swaleh","Turf algae","11.83","15.94","2.3","CORDIO-Univ_Comoros","RPoc_Ocean5"
"Comoros","2024","Anjouan Island","Shisiwani National Park","Lambwa","Fore reef","","","13.3","-12.23235","44.28096","24","Photo quadrat","Swaleh","Bare substrate","0.17","0.81","0.12","CORDIO-Univ_Comoros","RPoc_Ocean5"
"Comoros","2024","Anjouan Island","Shisiwani National Park","Lambwa","Fore reef","","","13.3","-12.23235","44.28096","24","Photo quadrat","Swaleh","Other inverts","3.5","6.21","0.9","CORDIO-Univ_Comoros","RPoc_Ocean5"
"Comoros","2024","Anjouan Island","Shisiwani National Park","Lambwa","Fore reef","","","13.3","-12.23235","44.28096","24","Photo quadrat","Swaleh","Soft coral","7.08","8.54","1.23","CORDIO-Univ_Comoros","RPoc_Ocean5"
"Comoros","2024","Anjouan Island","Shisiwani National Park","Lambwa","Fore reef","","","13.3","-12.23235","44.28096","24","Photo quadrat","Swaleh","Dead standing coral","0.17","0.81","0.12","CORDIO-Univ_Comoros","RPoc_Ocean5"
"Comoros","2024","Anjouan Island","Shisiwani National Park","Lambwa","Fore reef","","","13.3","-12.23235","44.28096","24","Photo quadrat","Swaleh","Rubble","1.33","4.9","0.71","CORDIO-Univ_Comoros","RPoc_Ocean5"
"Comoros","2024","Anjouan Island","Shisiwani National Park","Lambwa","Fore reef","","","13.3","-12.23235","44.28096","24","Photo quadrat","Swaleh","Seagrass","0","0","0","CORDIO-Univ_Comoros","RPoc_Ocean5"
"Comoros","2024","Anjouan Island","Shisiwani National Park","Lambwa","Fore reef","","","13.3","-12.23235","44.28096","24","Photo quadrat","Swaleh","Sand","2.17","6.39","0.92","CORDIO-Univ_Comoros","RPoc_Ocean5"
"Comoros","2024","Anjouan Island","Shisiwani National Park","Lambwa","Fore reef","","","13.3","-12.23235","44.28096","24","Photo quadrat","Swaleh","Others","0","0","0","CORDIO-Univ_Comoros","RPoc_Ocean5"
"Comoros","2024","Anjouan Island","Shisiwani National Park","Habwanajibou","Fore reef","","","15","-12.22028","44.25693","24","Photo quadrat","Swaleh","Hard coral","56.33","31.48","4.54","CORDIO-Univ_Comoros","RPoc_Ocean5"
"Comoros","2024","Anjouan Island","Shisiwani National Park","Habwanajibou","Fore reef","","","15","-12.22028","44.25693","24","Photo quadrat","Swaleh","Coralline algae","0.25","0.98","0.14","CORDIO-Univ_Comoros","RPoc_Ocean5"
"Comoros","2024","Anjouan Island","Shisiwani National Park","Habwanajibou","Fore reef","","","15","-12.22028","44.25693","24","Photo quadrat","Swaleh","Halimeda","0.58","2.02","0.29","CORDIO-Univ_Comoros","RPoc_Ocean5"
"Comoros","2024","Anjouan Island","Shisiwani National Park","Habwanajibou","Fore reef","","","15","-12.22028","44.25693","24","Photo quadrat","Swaleh","ALG","0.75","1.78","0.26","CORDIO-Univ_Comoros","RPoc_Ocean5"
"Comoros","2024","Anjouan Island","Shisiwani National Park","Habwanajibou","Fore reef","","","15","-12.22028","44.25693","24","Photo quadrat","Swaleh","Macro-algae","4.17","5.89","0.85","CORDIO-Univ_Comoros","RPoc_Ocean5"
"Comoros","2024","Anjouan Island","Shisiwani National Park","Habwanajibou","Fore reef","","","15","-12.22028","44.25693","24","Photo quadrat","Swaleh","Turf algae","31","25.4","3.67","CORDIO-Univ_Comoros","RPoc_Ocean5"
"Comoros","2024","Anjouan Island","Shisiwani National Park","Habwanajibou","Fore reef","","","15","-12.22028","44.25693","24","Photo quadrat","Swaleh","Bare substrate","0.33","2.31","0.33","CORDIO-Univ_Comoros","RPoc_Ocean5"
"Comoros","2024","Anjouan Island","Shisiwani National Park","Habwanajibou","Fore reef","","","15","-12.22028","44.25693","24","Photo quadrat","Swaleh","Other inverts","1.25","2.21","0.32","CORDIO-Univ_Comoros","RPoc_Ocean5"
"Comoros","2024","Anjouan Island","Shisiwani National Park","Habwanajibou","Fore reef","","","15","-12.22028","44.25693","24","Photo quadrat","Swaleh","Soft coral","2","3.78","0.55","CORDIO-Univ_Comoros","RPoc_Ocean5"
"Comoros","2024","Anjouan Island","Shisiwani National Park","Habwanajibou","Fore reef","","","15","-12.22028","44.25693","24","Photo quadrat","Swaleh","Dead standing coral","0","0","0","CORDIO-Univ_Comoros","RPoc_Ocean5"
"Comoros","2024","Anjouan Island","Shisiwani National Park","Habwanajibou","Fore reef","","","15","-12.22028","44.25693","24","Photo quadrat","Swaleh","Rubble","0.92","4.76","0.69","CORDIO-Univ_Comoros","RPoc_Ocean5"
"Comoros","2024","Anjouan Island","Shisiwani National Park","Habwanajibou","Fore reef","","","15","-12.22028","44.25693","24","Photo quadrat","Swaleh","Seagrass","0","0","0","CORDIO-Univ_Comoros","RPoc_Ocean5"
"Comoros","2024","Anjouan Island","Shisiwani National Park","Habwanajibou","Fore reef","","","15","-12.22028","44.25693","24","Photo quadrat","Swaleh","Sand","2.42","5.64","0.81","CORDIO-Univ_Comoros","RPoc_Ocean5"
"Comoros","2024","Anjouan Island","Shisiwani National Park","Habwanajibou","Fore reef","","","15","-12.22028","44.25693","24","Photo quadrat","Swaleh","Others","0","0","0","CORDIO-Univ_Comoros","RPoc_Ocean5"
"Comoros","1999","Grand Comore","Itsandra","Bandamadji","","Open access","Open access",NA,"-11.67013333","43.26388333",NA,"","","Hard coral","38.5","23.33","16.5","AIDE","GCRMN 2015"
"Comoros","1999","Grand Comore","Mitsamiuli Ndroude National Park","Mitsamiuli","","Open access","Open access",NA,"-11.3758","43.3097",NA,"","","Hard coral","44.5","2.12","1.5","AIDE","GCRMN 2015"
"Comoros","1999","Moheli island","Moheli National Park","Nkandzoni","","Partially Restricted","National Park",NA,"-12.2443","43.3972",NA,"","","Hard coral","40","9.9","7","AIDE","GCRMN 2015"
"Comoros","1999","Grand Comore","Coelecanth National Park","Shindini","","Open access","Open access",NA,"-11.9293","43.49171667",NA,"","","Hard coral","68",NA,NA,"AIDE","GCRMN 2015"
"Comoros","2002","Moheli island","Moheli National Park","Mea","","Partially Restricted","National Park",NA,"-12.38165","43.73766667",NA,"","","Hard coral","33",NA,NA,"AIDE","GCRMN 2015"
"Comoros","2002","Moheli island","Moheli National Park","Mirereni","","Partially Restricted","National Park",NA,"-12.2041","43.3912",NA,"","","Hard coral","33","9.9","7","AIDE","GCRMN 2015"
"Comoros","2002","Moheli island","Moheli National Park","Sambia_W","","Partially Restricted","National Park",NA,"-12.38331667","43.78685",NA,"","","Hard coral","48","8.49","6","AIDE","GCRMN 2015"
"Comoros","2003","Anjouan Island","Shisiwani National Park","Anlamadjou","","Partially Restricted","National Park",NA,"-12.19683333","44.22866667",NA,"","","Hard coral","25",NA,NA,"AIDE","GCRMN 2015"
"Comoros","2003","Grand Comore","Itsandra","Bandamadji","","Open access","Open access",NA,"-11.67013333","43.26388333",NA,"","","Hard coral","41","7.07","5","AIDE","GCRMN 2015"
"Comoros","2003","Moheli island","Fomboni","Fomboni","","Open access","National Park",NA,"-12.27001667","43.73908333",NA,"","","Hard coral","31",NA,NA,"AIDE","GCRMN 2015"
"Comoros","2003","Moheli island","Moheli National Park","Mea","","Partially Restricted","National Park",NA,"-12.38165","43.73766667",NA,"","","Hard coral","38","22.63","16","AIDE","GCRMN 2015"
"Comoros","2003","Grand Comore","Mitsamiuli Ndroude National Park","Mitsamiuli","","Open access","Open access",NA,"-11.3758","43.3097",NA,"","","Hard coral","43",NA,NA,"AIDE","GCRMN 2015"
"Comoros","2003","Anjouan Island","Pomoni","Moya","","Partially Restricted","Community Reserve",NA,"-12.1044","44.2586",NA,"","","Hard coral","36",NA,NA,"AIDE","GCRMN 2015"
"Comoros","2003","Moheli island","Moheli National Park","Nkandzoni","","Partially Restricted","National Park",NA,"-12.2443","43.3972",NA,"","","Hard coral","40","11.31","8","AIDE","GCRMN 2015"
"Comoros","2003","Anjouan Island","Ouani","Ouani_01","","Open access","Open access",NA,"-12.0647","44.2557",NA,"","","Hard coral","49.5","17.68","12.5","AIDE","GCRMN 2015"
"Comoros","2003","Grand Comore","Moroni","Retaj","","Open access","Open access",NA,"-11.43","43.1712",NA,"","","Hard coral","64",NA,NA,"AIDE","GCRMN 2015"
"Comoros","2003","Moheli island","Moheli National Park","Sambia_W","","Partially Restricted","National Park",NA,"-12.38331667","43.78685",NA,"","","Hard coral","49","8.49","6","AIDE","GCRMN 2015"
"Comoros","2004","Anjouan Island","Shisiwani National Park","Anlamadjou","","Partially Restricted","National Park",NA,"-12.19683333","44.22866667",NA,"","","Hard coral","18",NA,NA,"AIDE","GCRMN 2015"
"Comoros","2004","Grand Comore","Itsandra","Bandamadji","","Open access","Open access",NA,"-11.67013333","43.26388333",NA,"","","Hard coral","43",NA,NA,"AIDE","GCRMN 2015"
"Comoros","2004","Moheli island","Moheli National Park","Hatsimedou","","Partially Restricted","National Park",NA,"-12.2008","43.3857",NA,"","","Hard coral","58",NA,NA,"AIDE","GCRMN 2015"
"Comoros","2004","Moheli island","Moheli National Park","Mchaco","","Partially Restricted","National Park",NA,"-12.36921667","43.87231667",NA,"","","Hard coral","28",NA,NA,"AIDE","GCRMN 2015"
"Comoros","2004","Moheli island","Moheli National Park","Mea","","Partially Restricted","National Park",NA,"-12.38165","43.73766667",NA,"","","Hard coral","40","22.63","16","AIDE","GCRMN 2015"
"Comoros","2004","Grand Comore","Mitsamiuli Ndroude National Park","Mitsamiuli","","Open access","Open access",NA,"-11.3758","43.3097",NA,"","","Hard coral","26.5","9.19","6.5","AIDE","GCRMN 2015"
"Comoros","2004","Anjouan Island","Pomoni","Moya","","Partially Restricted","Community Reserve",NA,"-12.1044","44.2586",NA,"","","Hard coral","52",NA,NA,"AIDE","GCRMN 2015"
"Comoros","2004","Moheli island","Moheli National Park","Nkandzoni","","Partially Restricted","National Park",NA,"-12.2443","43.3972",NA,"","","Hard coral","41","14.14","10","AIDE","GCRMN 2015"
"Comoros","2004","Anjouan Island","Ouani","Ouani_01","","Open access","Open access",NA,"-12.0647","44.2557",NA,"","","Hard coral","38",NA,NA,"AIDE","GCRMN 2015"
"Comoros","2004","Grand Comore","Moroni","Retaj","","Open access","Open access",NA,"-11.43","43.1712",NA,"","","Hard coral","54",NA,NA,"AIDE","GCRMN 2015"
"Comoros","2004","Grand Comore","Coelecanth National Park","Shindini","","Open access","Open access",NA,"-11.9293","43.49171667",NA,"","","Hard coral","22",NA,NA,"AIDE","GCRMN 2015"
"Comoros","2005","Anjouan Island","Shisiwani National Park","Anlamadjou","","Partially Restricted","National Park",NA,"-12.19683333","44.22866667",NA,"","","Hard coral","19",NA,NA,"AIDE","GCRMN 2015"
"Comoros","2005","Anjouan Island","Domoni","Bambao_mtsanga","","Open access","Open access",NA,"-12.20883333","44.5225",NA,"","","Hard coral","26",NA,NA,"AIDE","GCRMN 2015"
"Comoros","2005","Grand Comore","Itsandra","Bandamadji","","Open access","Open access",NA,"-11.67013333","43.26388333",NA,"","","Hard coral","46","4.24","3","AIDE","GCRMN 2015"
"Comoros","2005","Moheli island","Moheli National Park","Mchaco","","Partially Restricted","National Park",NA,"-12.36921667","43.87231667",NA,"","","Hard coral","48.5","20.51","14.5","AIDE","GCRMN 2015"
"Comoros","2005","Moheli island","Moheli National Park","Mea","","Partially Restricted","National Park",NA,"-12.38165","43.73766667",NA,"","","Hard coral","52","1.41","1","AIDE","GCRMN 2015"
"Comoros","2005","Moheli island","Moheli National Park","Mirereni","","Partially Restricted","National Park",NA,"-12.2041","43.3912",NA,"","","Hard coral","65",NA,NA,"AIDE","GCRMN 2015"
"Comoros","2005","Grand Comore","Mitsamiuli Ndroude National Park","Mitsamiuli","","Open access","Open access",NA,"-11.3758","43.3097",NA,"","","Hard coral","42.5","0.71","0.5","AIDE","GCRMN 2015"
"Comoros","2005","Anjouan Island","Pomoni","Moya","","Partially Restricted","Community Reserve",NA,"-12.1044","44.2586",NA,"","","Hard coral","57",NA,NA,"AIDE","GCRMN 2015"
"Comoros","2005","Moheli island","Moheli National Park","Nkandzoni","","Partially Restricted","National Park",NA,"-12.2443","43.3972",NA,"","","Hard coral","50.5","20.51","14.5","AIDE","GCRMN 2015"
"Comoros","2005","Grand Comore","Moroni","Retaj","","Open access","Open access",NA,"-11.43","43.1712",NA,"","","Hard coral","67",NA,NA,"AIDE","GCRMN 2015"
"Comoros","2007","Anjouan Island","Shisiwani National Park","Anlamadjou","","Partially Restricted","National Park",NA,"-12.19683333","44.22866667",NA,"","","Hard coral","24",NA,NA,"AIDE","GCRMN 2015"
"Comoros","2007","Grand Comore","Itsandra","Bandamadji","","Open access","Open access",NA,"-11.67013333","43.26388333",NA,"","","Hard coral","48","0","0","AIDE","GCRMN 2015"
"Comoros","2007","Moheli island","Moheli National Park","Dziayalagnouma","","Partially Restricted","National Park",NA,"-12.22056",NA,NA,"","","Hard coral","65",NA,NA,"AIDE","GCRMN 2015"
"Comoros","2007","Moheli island","Moheli National Park","Mea","","Partially Restricted","National Park",NA,"-12.38165","43.73766667",NA,"","","Hard coral","59",NA,NA,"AIDE","GCRMN 2015"
"Comoros","2007","Moheli island","Moheli National Park","Mirereni","","Partially Restricted","National Park",NA,"-12.2041","43.3912",NA,"","","Hard coral","71",NA,NA,"AIDE","GCRMN 2015"
"Comoros","2007","Grand Comore","Mitsamiuli Ndroude National Park","Mitsamiuli","","Open access","Open access",NA,"-11.3758","43.3097",NA,"","","Hard coral","57.5","20.51","14.5","AIDE","GCRMN 2015"
"Comoros","2007","Moheli island","Moheli National Park","Nkandzoni","","Partially Restricted","National Park",NA,"-12.2443","43.3972",NA,"","","Hard coral","63",NA,NA,"AIDE","GCRMN 2015"
"Comoros","2007","Anjouan Island","Ouani","Ouani_01","","Open access","Open access",NA,"-12.0647","44.2557",NA,"","","Hard coral","78",NA,NA,"AIDE","GCRMN 2015"
"Comoros","2007","Grand Comore","Moroni","Retaj","","Open access","Open access",NA,"-11.43","43.1712",NA,"","","Hard coral","71",NA,NA,"AIDE","GCRMN 2015"
"Comoros","2007","Grand Comore","Coelecanth National Park","Shindini","","Open access","Open access",NA,"-11.9293","43.49171667",NA,"","","Hard coral","21",NA,NA,"AIDE","GCRMN 2015"
"Comoros","2009","Grand Comore","Itsandra","Bandamadji","","Open access","Open access",NA,"-11.67013333","43.26388333",NA,"","","Hard coral","54",NA,NA,"Sarah_Freed_and_AIDE","GCRMN 2015"
"Comoros","2009","Grand Comore","Coelecanth National Park","Male","","Open access","Open access",NA,"-11.89966667","43.52521667",NA,"","","Hard coral","31",NA,NA,"Sarah_Freed_and_AIDE","GCRMN 2015"
"Comoros","2009","Grand Comore","Mitsamiuli Ndroude National Park","Memboimboini","","Open access","Open access",NA,"-11.22517",NA,NA,"","","Hard coral","35",NA,NA,"Sarah_Freed_and_AIDE","GCRMN 2015"
"Comoros","2009","Grand Comore","Bambao","Moindzaza","","Open access","Open access",NA,"-11.77471667","43.23868333",NA,"","","Hard coral","34",NA,NA,"Sarah_Freed_and_AIDE","GCRMN 2015"
"Comoros","2009","Grand Comore","Coelecanth National Park","Shindini","","Open access","Open access",NA,"-11.9293","43.49171667",NA,"","","Hard coral","14",NA,NA,"Sarah_Freed_and_AIDE","GCRMN 2015"
"Comoros","2011","Grand Comore","Itsandra","Bandamadji","","Open access","Open access",NA,"-11.67013333","43.26388333",NA,"","","Hard coral","33",NA,NA,"Sarah_Freed_and_AIDE","GCRMN 2015"
"Comoros","2011","Grand Comore","Coelecanth National Park","Male","","Open access","Open access",NA,"-11.89966667","43.52521667",NA,"","","Hard coral","7",NA,NA,"Sarah_Freed_and_AIDE","GCRMN 2015"
"Comoros","2011","Grand Comore","Mitsamiuli Ndroude National Park","Memboimboini","","Open access","Open access",NA,"-11.22517",NA,NA,"","","Hard coral","29",NA,NA,"Sarah_Freed_and_AIDE","GCRMN 2015"
"Comoros","2011","Grand Comore","Bambao","Moindzaza","","Open access","Open access",NA,"-11.77471667","43.23868333",NA,"","","Hard coral","22",NA,NA,"Sarah_Freed_and_AIDE","GCRMN 2015"
"Comoros","2011","Grand Comore","Coelecanth National Park","Shindini","","Open access","Open access",NA,"-11.9293","43.49171667",NA,"","","Hard coral","3",NA,NA,"Sarah_Freed_and_AIDE","GCRMN 2015"
"Comoros","2015","Anjouan Island","Shisiwani National Park","Anlamadjou","","Partially Restricted","National Park",NA,"-12.19683333","44.22866667",NA,"","","Hard coral","65",NA,NA,"AIDE","GCRMN 2015"
"Comoros","2015","Moheli island","Moheli National Park","Hatsimedou","","Partially Restricted","National Park",NA,"-12.2008","43.3857",NA,"","","Hard coral","55",NA,NA,"AIDE","GCRMN 2015"
"Comoros","2015","Moheli island","Moheli National Park","Mchaco","","Partially Restricted","National Park",NA,"-12.2215","43.5331",NA,"","","Hard coral","76",NA,NA,"AIDE","GCRMN 2015"
"Comoros","2015","Moheli island","Moheli National Park","Mea","","Partially Restricted","National Park",NA,"-12.38165","43.73766667",NA,"","","Hard coral","59",NA,NA,"AIDE","GCRMN 2015"
"Comoros","2015","Grand Comore","Mitsamiuli Ndroude National Park","Mitsamiuli","","Open access","Open access",NA,"-11.3758","43.3097",NA,"","","Hard coral","43",NA,NA,"AIDE","GCRMN 2015"
"Comoros","2015","Moheli island","Moheli National Park","Nkandzoni","","Partially Restricted","National Park",NA,"-12.2443","43.3972",NA,"","","Hard coral","40","29.7","21","AIDE","GCRMN 2015"
"Comoros","2015","Anjouan Island","Ouani","Ouani_01","","Open access","Open access",NA,"-12.0647","44.2557",NA,"","","Hard coral","61",NA,NA,"AIDE","GCRMN 2015"
"Comoros","2015","Grand Comore","Moroni","Retaj","","Open access","Open access",NA,"-11.43","43.1712",NA,"","","Hard coral","70",NA,NA,"AIDE","GCRMN 2015"
"Comoros","2022","Grand Comore","Itsandra","Bandamadji",NA,"Open access","Open access",NA,"-11.67013333","43.26388333","3","PIT","","Hard coral","24.46","4.08","2.35","AIDE","AIDE"
"Comoros","2022","Grand Comore","Itsandra","Bandamadji",NA,"Open access","Open access",NA,"-11.67013333","43.26388333","3","PIT","","Coralline algae","0","0","0","AIDE","AIDE"
"Comoros","2022","Grand Comore","Itsandra","Bandamadji",NA,"Open access","Open access",NA,"-11.67013333","43.26388333","3","PIT","","Halimeda","0","0","0","AIDE","AIDE"
"Comoros","2022","Grand Comore","Itsandra","Bandamadji",NA,"Open access","Open access",NA,"-11.67013333","43.26388333","3","PIT","","Algae","0","0","0","AIDE","AIDE"
"Comoros","2022","Grand Comore","Itsandra","Bandamadji",NA,"Open access","Open access",NA,"-11.67013333","43.26388333","3","PIT","","Macro-algae","0","0","0","AIDE","AIDE"
"Comoros","2022","Grand Comore","Itsandra","Bandamadji",NA,"Open access","Open access",NA,"-11.67013333","43.26388333","3","PIT","","Bare substrate","5.94","5.36","3.1","AIDE","AIDE"
"Comoros","2022","Grand Comore","Itsandra","Bandamadji",NA,"Open access","Open access",NA,"-11.67013333","43.26388333","3","PIT","","Dead standing coral","9.61","10.51","6.07","AIDE","AIDE"
"Comoros","2022","Grand Comore","Itsandra","Bandamadji",NA,"Open access","Open access",NA,"-11.67013333","43.26388333","3","PIT","","Rubble","30.6","10.27","5.93","AIDE","AIDE"
"Comoros","2022","Grand Comore","Itsandra","Bandamadji",NA,"Open access","Open access",NA,"-11.67013333","43.26388333","3","PIT","","Sand","12.44","2.41","1.39","AIDE","AIDE"
"Comoros","2022","Grand Comore","Itsandra","Bandamadji",NA,"Open access","Open access",NA,"-11.67013333","43.26388333","3","PIT","","Soft coral","16.95","7.95","4.59","AIDE","AIDE"
"Comoros","2022","Grand Comore","Itsandra","Bandamadji",NA,"Open access","Open access",NA,"-11.67013333","43.26388333","3","PIT","","Seagrass","0","0","0","AIDE","AIDE"
"Comoros","2022","Grand Comore","Coelecanth National Park","Male",NA,"Partially Restricted","National Park",NA,"-11.90733","43.52169","5","PIT","","Hard coral","48.43","14.96","4.32","AIDE","AIDE"
"Comoros","2022","Grand Comore","Coelecanth National Park","Male",NA,"Partially Restricted","National Park",NA,"-11.90733","43.52169","5","PIT","","Coralline algae","2.67","3.85","1.11","AIDE","AIDE"
"Comoros","2022","Grand Comore","Coelecanth National Park","Male",NA,"Partially Restricted","National Park",NA,"-11.90733","43.52169","5","PIT","","Halimeda","2.67","7.45","2.15","AIDE","AIDE"
"Comoros","2022","Grand Comore","Coelecanth National Park","Male",NA,"Partially Restricted","National Park",NA,"-11.90733","43.52169","5","PIT","","Algae","1.5","5.2","1.5","AIDE","AIDE"
"Comoros","2022","Grand Comore","Coelecanth National Park","Male",NA,"Partially Restricted","National Park",NA,"-11.90733","43.52169","5","PIT","","Macro-algae","5.83","11.07","3.2","AIDE","AIDE"
"Comoros","2022","Grand Comore","Coelecanth National Park","Male",NA,"Partially Restricted","National Park",NA,"-11.90733","43.52169","5","PIT","","Bare substrate","4.5","4.1","1.18","AIDE","AIDE"
"Comoros","2022","Grand Comore","Coelecanth National Park","Male",NA,"Partially Restricted","National Park",NA,"-11.90733","43.52169","5","PIT","","Dead standing coral","1.33","4.62","1.33","AIDE","AIDE"
"Comoros","2022","Grand Comore","Coelecanth National Park","Male",NA,"Partially Restricted","National Park",NA,"-11.90733","43.52169","5","PIT","","Rubble","19.54","9.75","2.81","AIDE","AIDE"
"Comoros","2022","Grand Comore","Coelecanth National Park","Male",NA,"Partially Restricted","National Park",NA,"-11.90733","43.52169","5","PIT","","Sand","10.02","9.04","2.61","AIDE","AIDE"
"Comoros","2022","Grand Comore","Coelecanth National Park","Male",NA,"Partially Restricted","National Park",NA,"-11.90733","43.52169","5","PIT","","Soft coral","1.33","2.99","0.86","AIDE","AIDE"
"Comoros","2022","Grand Comore","Coelecanth National Park","Male",NA,"Partially Restricted","National Park",NA,"-11.90733","43.52169","5","PIT","","Seagrass","2.17","7.51","2.17","AIDE","AIDE"
"Comoros","2022","Grand Comore","Mitsamiuli Ndroude National Park","Memboimboini",NA,"Partially Restricted","National Park",NA,"-11.37374","43.31699","2","PIT","","Hard coral","54","8.49","6","AIDE","AIDE"
"Comoros","2022","Grand Comore","Mitsamiuli Ndroude National Park","Memboimboini",NA,"Partially Restricted","National Park",NA,"-11.37374","43.31699","2","PIT","","Coralline algae","3","4.24","3","AIDE","AIDE"
"Comoros","2022","Grand Comore","Mitsamiuli Ndroude National Park","Memboimboini",NA,"Partially Restricted","National Park",NA,"-11.37374","43.31699","2","PIT","","Halimeda","0","0","0","AIDE","AIDE"
"Comoros","2022","Grand Comore","Mitsamiuli Ndroude National Park","Memboimboini",NA,"Partially Restricted","National Park",NA,"-11.37374","43.31699","2","PIT","","Algae","0","0","0","AIDE","AIDE"
"Comoros","2022","Grand Comore","Mitsamiuli Ndroude National Park","Memboimboini",NA,"Partially Restricted","National Park",NA,"-11.37374","43.31699","2","PIT","","Macro-algae","0","0","0","AIDE","AIDE"
"Comoros","2022","Grand Comore","Mitsamiuli Ndroude National Park","Memboimboini",NA,"Partially Restricted","National Park",NA,"-11.37374","43.31699","2","PIT","","Bare substrate","2","2.83","2","AIDE","AIDE"
"Comoros","2022","Grand Comore","Mitsamiuli Ndroude National Park","Memboimboini",NA,"Partially Restricted","National Park",NA,"-11.37374","43.31699","2","PIT","","Dead standing coral","13","1.41","1","AIDE","AIDE"
"Comoros","2022","Grand Comore","Mitsamiuli Ndroude National Park","Memboimboini",NA,"Partially Restricted","National Park",NA,"-11.37374","43.31699","2","PIT","","Rubble","2","2.83","2","AIDE","AIDE"
"Comoros","2022","Grand Comore","Mitsamiuli Ndroude National Park","Memboimboini",NA,"Partially Restricted","National Park",NA,"-11.37374","43.31699","2","PIT","","Sand","13","1.41","1","AIDE","AIDE"
"Comoros","2022","Grand Comore","Mitsamiuli Ndroude National Park","Memboimboini",NA,"Partially Restricted","National Park",NA,"-11.37374","43.31699","2","PIT","","Soft coral","13","1.41","1","AIDE","AIDE"
"Comoros","2022","Grand Comore","Mitsamiuli Ndroude National Park","Memboimboini",NA,"Partially Restricted","National Park",NA,"-11.37374","43.31699","2","PIT","","Seagrass","0","0","0","AIDE","AIDE"
"Comoros","2022","Moheli island","Moimbao","Barakani",NA,"Partially Restricted","Community Reserve",NA,"-12.29296667","43.62386667","5","PIT","","Hard coral","56","30.95","13.84","AIDE","AIDE"
"Comoros","2022","Moheli island","Moimbao","Barakani",NA,"Partially Restricted","Community Reserve",NA,"-12.29296667","43.62386667","5","PIT","","Coralline algae","3.2","4.6","2.06","AIDE","AIDE"
"Comoros","2022","Moheli island","Moimbao","Barakani",NA,"Partially Restricted","Community Reserve",NA,"-12.29296667","43.62386667","5","PIT","","Halimeda","0.4","0.89","0.4","AIDE","AIDE"
"Comoros","2022","Moheli island","Moimbao","Barakani",NA,"Partially Restricted","Community Reserve",NA,"-12.29296667","43.62386667","5","PIT","","Algae","0","0","0","AIDE","AIDE"
"Comoros","2022","Moheli island","Moimbao","Barakani",NA,"Partially Restricted","Community Reserve",NA,"-12.29296667","43.62386667","5","PIT","","Macro-algae","0.4","0.89","0.4","AIDE","AIDE"
"Comoros","2022","Moheli island","Moimbao","Barakani",NA,"Partially Restricted","Community Reserve",NA,"-12.29296667","43.62386667","5","PIT","","Bare substrate","12.4","12.12","5.42","AIDE","AIDE"
"Comoros","2022","Moheli island","Moimbao","Barakani",NA,"Partially Restricted","Community Reserve",NA,"-12.29296667","43.62386667","5","PIT","","Dead standing coral","0.8","1.1","0.49","AIDE","AIDE"
"Comoros","2022","Moheli island","Moimbao","Barakani",NA,"Partially Restricted","Community Reserve",NA,"-12.29296667","43.62386667","5","PIT","","Rubble","4.4","6.07","2.71","AIDE","AIDE"
"Comoros","2022","Moheli island","Moimbao","Barakani",NA,"Partially Restricted","Community Reserve",NA,"-12.29296667","43.62386667","5","PIT","","Sand","10","20.15","9.01","AIDE","AIDE"
"Comoros","2022","Moheli island","Moimbao","Barakani",NA,"Partially Restricted","Community Reserve",NA,"-12.29296667","43.62386667","5","PIT","","Soft coral","12.4","11.78","5.27","AIDE","AIDE"
"Comoros","2022","Moheli island","Moimbao","Barakani",NA,"Partially Restricted","Community Reserve",NA,"-12.29296667","43.62386667","5","PIT","","Seagrass","0","0","0","AIDE","AIDE"
"Comoros","2017","Anjouan Island","Pomoni","Dzindri Yantsini","Forereef","Partially Restricted","Community Reserve",NA,"-12.249128","44.350077","6","PIT","","Hard coral","45.42","7.79","3.18","Dahari","Dahari"
"Comoros","2017","Anjouan Island","Pomoni","Dzindri Yantsini","Forereef","Partially Restricted","Community Reserve",NA,"-12.249128","44.350077","6","PIT","","Other inverts","2.61","2.95","1.21","Dahari","Dahari"
"Comoros","2017","Anjouan Island","Pomoni","Dzindri Yantsini","Forereef","Partially Restricted","Community Reserve",NA,"-12.249128","44.350077","6","PIT","","Macro-algae","2.29","3.14","1.28","Dahari","Dahari"
"Comoros","2017","Anjouan Island","Pomoni","Dzindri Yantsini","Forereef","Partially Restricted","Community Reserve",NA,"-12.249128","44.350077","6","PIT","","Turf algae","25.16","8.63","3.52","Dahari","Dahari"
"Comoros","2017","Anjouan Island","Pomoni","Dzindri Yantsini","Forereef","Partially Restricted","Community Reserve",NA,"-12.249128","44.350077","6","PIT","","Halimeda","0","0","0","Dahari","Dahari"
"Comoros","2017","Anjouan Island","Pomoni","Dzindri Yantsini","Forereef","Partially Restricted","Community Reserve",NA,"-12.249128","44.350077","6","PIT","","Coralline algae","23.2","5.46","2.23","Dahari","Dahari"
"Comoros","2017","Anjouan Island","Pomoni","Dzindri Yantsini","Forereef","Partially Restricted","Community Reserve",NA,"-12.249128","44.350077","6","PIT","","Rubble","1.31","1.6","0.65","Dahari","Dahari"
"Comoros","2017","Anjouan Island","Pomoni","Dzindri Yantsini","Forereef","Partially Restricted","Community Reserve",NA,"-12.249128","44.350077","6","PIT","","Rock","0","0","0","Dahari","Dahari"
"Comoros","2017","Anjouan Island","Pomoni","Dzindri Yantsini","Forereef","Partially Restricted","Community Reserve",NA,"-12.249128","44.350077","6","PIT","","Sand","0","0","0","Dahari","Dahari"
"Comoros","2017","Anjouan Island","Pomoni","Dzindri Yantsini","Forereef","Partially Restricted","Community Reserve",NA,"-12.249128","44.350077","6","PIT","","Seagrass","0","0","0","Dahari","Dahari"
"Comoros","2017","Anjouan Island","Pomoni","Dzindri Yantsini","Forereef","Partially Restricted","Community Reserve",NA,"-12.249128","44.350077","6","PIT","","Recently dead coral","0","0","0","Dahari","Dahari"
"Comoros","2017","Anjouan Island","Pomoni","Mabamboni","Forereef","Partially Restricted","Community Reserve",NA,"-12.244921","44.329091","6","PIT","","Hard coral","34.97","6.37","2.6","Dahari","Dahari"
"Comoros","2017","Anjouan Island","Pomoni","Mabamboni","Forereef","Partially Restricted","Community Reserve",NA,"-12.244921","44.329091","6","PIT","","Other inverts","1.63","1.48","0.6","Dahari","Dahari"
"Comoros","2017","Anjouan Island","Pomoni","Mabamboni","Forereef","Partially Restricted","Community Reserve",NA,"-12.244921","44.329091","6","PIT","","Macro-algae","4.9","4.07","1.66","Dahari","Dahari"
"Comoros","2017","Anjouan Island","Pomoni","Mabamboni","Forereef","Partially Restricted","Community Reserve",NA,"-12.244921","44.329091","6","PIT","","Turf algae","33.01","7.79","3.18","Dahari","Dahari"
"Comoros","2017","Anjouan Island","Pomoni","Mabamboni","Forereef","Partially Restricted","Community Reserve",NA,"-12.244921","44.329091","6","PIT","","Halimeda","0","0","0","Dahari","Dahari"
"Comoros","2017","Anjouan Island","Pomoni","Mabamboni","Forereef","Partially Restricted","Community Reserve",NA,"-12.244921","44.329091","6","PIT","","Coralline algae","13.4","3.38","1.38","Dahari","Dahari"
"Comoros","2017","Anjouan Island","Pomoni","Mabamboni","Forereef","Partially Restricted","Community Reserve",NA,"-12.244921","44.329091","6","PIT","","Rubble","6.21","6.73","2.75","Dahari","Dahari"
"Comoros","2017","Anjouan Island","Pomoni","Mabamboni","Forereef","Partially Restricted","Community Reserve",NA,"-12.244921","44.329091","6","PIT","","Rock","4.25","1.48","0.6","Dahari","Dahari"
"Comoros","2017","Anjouan Island","Pomoni","Mabamboni","Forereef","Partially Restricted","Community Reserve",NA,"-12.244921","44.329091","6","PIT","","Sand","1.31","3.2","1.31","Dahari","Dahari"
"Comoros","2017","Anjouan Island","Pomoni","Mabamboni","Forereef","Partially Restricted","Community Reserve",NA,"-12.244921","44.329091","6","PIT","","Seagrass","0","0","0","Dahari","Dahari"
"Comoros","2017","Anjouan Island","Pomoni","Mabamboni","Forereef","Partially Restricted","Community Reserve",NA,"-12.244921","44.329091","6","PIT","","Recently dead coral","0.33","0.8","0.33","Dahari","Dahari"
"Comoros","2017","Anjouan Island","Pomoni","Hamare_02","Forereef","Partially Restricted","Community Reserve",NA,"-12.241253","44.333174","6","PIT","","Hard coral","51.96","4.07","1.66","Dahari","Dahari"
"Comoros","2017","Anjouan Island","Pomoni","Hamare_02","Forereef","Partially Restricted","Community Reserve",NA,"-12.241253","44.333174","6","PIT","","Other inverts","1.96","1.75","0.72","Dahari","Dahari"
"Comoros","2017","Anjouan Island","Pomoni","Hamare_02","Forereef","Partially Restricted","Community Reserve",NA,"-12.241253","44.333174","6","PIT","","Macro-algae","0.33","0.8","0.33","Dahari","Dahari"
"Comoros","2017","Anjouan Island","Pomoni","Hamare_02","Forereef","Partially Restricted","Community Reserve",NA,"-12.241253","44.333174","6","PIT","","Turf algae","25.82","10.41","4.25","Dahari","Dahari"
"Comoros","2017","Anjouan Island","Pomoni","Hamare_02","Forereef","Partially Restricted","Community Reserve",NA,"-12.241253","44.333174","6","PIT","","Halimeda","0","0","0","Dahari","Dahari"
"Comoros","2017","Anjouan Island","Pomoni","Hamare_02","Forereef","Partially Restricted","Community Reserve",NA,"-12.241253","44.333174","6","PIT","","Coralline algae","16.99","9.66","3.94","Dahari","Dahari"
"Comoros","2017","Anjouan Island","Pomoni","Hamare_02","Forereef","Partially Restricted","Community Reserve",NA,"-12.241253","44.333174","6","PIT","","Rubble","0.65","1.6","0.65","Dahari","Dahari"
"Comoros","2017","Anjouan Island","Pomoni","Hamare_02","Forereef","Partially Restricted","Community Reserve",NA,"-12.241253","44.333174","6","PIT","","Rock","1.96","2.48","1.01","Dahari","Dahari"
"Comoros","2017","Anjouan Island","Pomoni","Hamare_02","Forereef","Partially Restricted","Community Reserve",NA,"-12.241253","44.333174","6","PIT","","Sand","0","0","0","Dahari","Dahari"
"Comoros","2017","Anjouan Island","Pomoni","Hamare_02","Forereef","Partially Restricted","Community Reserve",NA,"-12.241253","44.333174","6","PIT","","Seagrass","0","0","0","Dahari","Dahari"
"Comoros","2017","Anjouan Island","Pomoni","Hamare_02","Forereef","Partially Restricted","Community Reserve",NA,"-12.241253","44.333174","6","PIT","","Recently dead coral","0.33","0.8","0.33","Dahari","Dahari"
"Comoros","2017","Anjouan Island","Pomoni","Mrojou","Reef flat","Partially Restricted","Community Reserve",NA,"-12.2440278","44.3556667","6","PIT","","Hard coral","36.27","9.01","3.68","Dahari","Dahari"
"Comoros","2017","Anjouan Island","Pomoni","Mrojou","Reef flat","Partially Restricted","Community Reserve",NA,"-12.2440278","44.3556667","6","PIT","","Other inverts","1.96","1.24","0.51","Dahari","Dahari"
"Comoros","2017","Anjouan Island","Pomoni","Mrojou","Reef flat","Partially Restricted","Community Reserve",NA,"-12.2440278","44.3556667","6","PIT","","Macro-algae","8.5","6.4","2.61","Dahari","Dahari"
"Comoros","2017","Anjouan Island","Pomoni","Mrojou","Reef flat","Partially Restricted","Community Reserve",NA,"-12.2440278","44.3556667","6","PIT","","Turf algae","33.01","8.08","3.3","Dahari","Dahari"
"Comoros","2017","Anjouan Island","Pomoni","Mrojou","Reef flat","Partially Restricted","Community Reserve",NA,"-12.2440278","44.3556667","6","PIT","","Halimeda","0","0","0","Dahari","Dahari"
"Comoros","2017","Anjouan Island","Pomoni","Mrojou","Reef flat","Partially Restricted","Community Reserve",NA,"-12.2440278","44.3556667","6","PIT","","Coralline algae","9.48","4.87","1.99","Dahari","Dahari"
"Comoros","2017","Anjouan Island","Pomoni","Mrojou","Reef flat","Partially Restricted","Community Reserve",NA,"-12.2440278","44.3556667","6","PIT","","Rubble","4.9","2.06","0.84","Dahari","Dahari"
"Comoros","2017","Anjouan Island","Pomoni","Mrojou","Reef flat","Partially Restricted","Community Reserve",NA,"-12.2440278","44.3556667","6","PIT","","Rock","0","0","0","Dahari","Dahari"
"Comoros","2017","Anjouan Island","Pomoni","Mrojou","Reef flat","Partially Restricted","Community Reserve",NA,"-12.2440278","44.3556667","6","PIT","","Sand","5.23","6.28","2.56","Dahari","Dahari"
"Comoros","2017","Anjouan Island","Pomoni","Mrojou","Reef flat","Partially Restricted","Community Reserve",NA,"-12.2440278","44.3556667","6","PIT","","Seagrass","0","0","0","Dahari","Dahari"
"Comoros","2017","Anjouan Island","Pomoni","Mrojou","Reef flat","Partially Restricted","Community Reserve",NA,"-12.2440278","44.3556667","6","PIT","","Recently dead coral","0.65","1.01","0.41","Dahari","Dahari"
"Comoros","2018","Anjouan Island","Pomoni","Mrojou","Reef flat","Partially Restricted","Community Reserve",NA,"-12.2440278","44.3556667","3","PIT","","Hard coral","28.07","9.42","3.14","Dahari","Dahari"
"Comoros","2018","Anjouan Island","Pomoni","Mrojou","Reef flat","Partially Restricted","Community Reserve",NA,"-12.2440278","44.3556667","3","PIT","","Other inverts","0.44","0.66","0.22","Dahari","Dahari"
"Comoros","2018","Anjouan Island","Pomoni","Mrojou","Reef flat","Partially Restricted","Community Reserve",NA,"-12.2440278","44.3556667","3","PIT","","Macro-algae","6.73","7.22","2.41","Dahari","Dahari"
"Comoros","2018","Anjouan Island","Pomoni","Mrojou","Reef flat","Partially Restricted","Community Reserve",NA,"-12.2440278","44.3556667","3","PIT","","Turf algae","35.96","12.59","4.2","Dahari","Dahari"
"Comoros","2018","Anjouan Island","Pomoni","Mrojou","Reef flat","Partially Restricted","Community Reserve",NA,"-12.2440278","44.3556667","3","PIT","","Halimeda","0","0","0","Dahari","Dahari"
"Comoros","2018","Anjouan Island","Pomoni","Mrojou","Reef flat","Partially Restricted","Community Reserve",NA,"-12.2440278","44.3556667","3","PIT","","Coralline algae","16.81","9.16","3.05","Dahari","Dahari"
"Comoros","2018","Anjouan Island","Pomoni","Mrojou","Reef flat","Partially Restricted","Community Reserve",NA,"-12.2440278","44.3556667","3","PIT","","Rubble","3.36","3.36","1.12","Dahari","Dahari"
"Comoros","2018","Anjouan Island","Pomoni","Mrojou","Reef flat","Partially Restricted","Community Reserve",NA,"-12.2440278","44.3556667","3","PIT","","Rock","4.09","4.58","1.53","Dahari","Dahari"
"Comoros","2018","Anjouan Island","Pomoni","Mrojou","Reef flat","Partially Restricted","Community Reserve",NA,"-12.2440278","44.3556667","3","PIT","","Sand","4.53","4.75","1.58","Dahari","Dahari"
"Comoros","2018","Anjouan Island","Pomoni","Mrojou","Reef flat","Partially Restricted","Community Reserve",NA,"-12.2440278","44.3556667","3","PIT","","Seagrass","0","0","0","Dahari","Dahari"
"Comoros","2018","Anjouan Island","Pomoni","Mrojou","Reef flat","Partially Restricted","Community Reserve",NA,"-12.2440278","44.3556667","3","PIT","","Recently dead coral","0","0","0","Dahari","Dahari"
"Comoros","2018","Anjouan Island","Pomoni","Mnadzijou","Reef flat","Partially Restricted","Community Reserve",NA,"-12.242777","44.3497222","3","PIT","","Hard coral","28.29","6.38","2.6","Dahari","Dahari"
"Comoros","2018","Anjouan Island","Pomoni","Mnadzijou","Reef flat","Partially Restricted","Community Reserve",NA,"-12.242777","44.3497222","3","PIT","","Other inverts","1.32","0.83","0.34","Dahari","Dahari"
"Comoros","2018","Anjouan Island","Pomoni","Mnadzijou","Reef flat","Partially Restricted","Community Reserve",NA,"-12.242777","44.3497222","3","PIT","","Macro-algae","4.39","3.96","1.62","Dahari","Dahari"
"Comoros","2018","Anjouan Island","Pomoni","Mnadzijou","Reef flat","Partially Restricted","Community Reserve",NA,"-12.242777","44.3497222","3","PIT","","Turf algae","35.53","6.34","2.59","Dahari","Dahari"
"Comoros","2018","Anjouan Island","Pomoni","Mnadzijou","Reef flat","Partially Restricted","Community Reserve",NA,"-12.242777","44.3497222","3","PIT","","Halimeda","0","0","0","Dahari","Dahari"
"Comoros","2018","Anjouan Island","Pomoni","Mnadzijou","Reef flat","Partially Restricted","Community Reserve",NA,"-12.242777","44.3497222","3","PIT","","Coralline algae","12.94","3.05","1.24","Dahari","Dahari"
"Comoros","2018","Anjouan Island","Pomoni","Mnadzijou","Reef flat","Partially Restricted","Community Reserve",NA,"-12.242777","44.3497222","3","PIT","","Rubble","9.43","2.55","1.04","Dahari","Dahari"
"Comoros","2018","Anjouan Island","Pomoni","Mnadzijou","Reef flat","Partially Restricted","Community Reserve",NA,"-12.242777","44.3497222","3","PIT","","Rock","2.41","1.29","0.53","Dahari","Dahari"
"Comoros","2018","Anjouan Island","Pomoni","Mnadzijou","Reef flat","Partially Restricted","Community Reserve",NA,"-12.242777","44.3497222","3","PIT","","Sand","5.7","3.29","1.34","Dahari","Dahari"
"Comoros","2018","Anjouan Island","Pomoni","Mnadzijou","Reef flat","Partially Restricted","Community Reserve",NA,"-12.242777","44.3497222","3","PIT","","Seagrass","0","0","0","Dahari","Dahari"
"Comoros","2018","Anjouan Island","Pomoni","Mnadzijou","Reef flat","Partially Restricted","Community Reserve",NA,"-12.242777","44.3497222","3","PIT","","Recently dead coral","0","0","0","Dahari","Dahari"
"Comoros","2018","Anjouan Island","Pomoni","Madjibaridi","Reef flat","Partially Restricted","Community Reserve",NA,"-12.2433333","44.34805556","3","PIT","","Hard coral","22.59","15.64","6.39","Dahari","Dahari"
"Comoros","2018","Anjouan Island","Pomoni","Madjibaridi","Reef flat","Partially Restricted","Community Reserve",NA,"-12.2433333","44.34805556","3","PIT","","Other inverts","2.19","1.59","0.65","Dahari","Dahari"
"Comoros","2018","Anjouan Island","Pomoni","Madjibaridi","Reef flat","Partially Restricted","Community Reserve",NA,"-12.2433333","44.34805556","3","PIT","","Macro-algae","3.95","1.66","0.68","Dahari","Dahari"
"Comoros","2018","Anjouan Island","Pomoni","Madjibaridi","Reef flat","Partially Restricted","Community Reserve",NA,"-12.2433333","44.34805556","3","PIT","","Turf algae","23.68","11.2","4.57","Dahari","Dahari"
"Comoros","2018","Anjouan Island","Pomoni","Madjibaridi","Reef flat","Partially Restricted","Community Reserve",NA,"-12.2433333","44.34805556","3","PIT","","Halimeda","0","0","0","Dahari","Dahari"
"Comoros","2018","Anjouan Island","Pomoni","Madjibaridi","Reef flat","Partially Restricted","Community Reserve",NA,"-12.2433333","44.34805556","3","PIT","","Coralline algae","9.87","3.79","1.55","Dahari","Dahari"
"Comoros","2018","Anjouan Island","Pomoni","Madjibaridi","Reef flat","Partially Restricted","Community Reserve",NA,"-12.2433333","44.34805556","3","PIT","","Rubble","24.78","11.27","4.6","Dahari","Dahari"
"Comoros","2018","Anjouan Island","Pomoni","Madjibaridi","Reef flat","Partially Restricted","Community Reserve",NA,"-12.2433333","44.34805556","3","PIT","","Rock","3.07","2.59","1.06","Dahari","Dahari"
"Comoros","2018","Anjouan Island","Pomoni","Madjibaridi","Reef flat","Partially Restricted","Community Reserve",NA,"-12.2433333","44.34805556","3","PIT","","Sand","9.87","4.61","1.88","Dahari","Dahari"
"Comoros","2018","Anjouan Island","Pomoni","Madjibaridi","Reef flat","Partially Restricted","Community Reserve",NA,"-12.2433333","44.34805556","3","PIT","","Seagrass","0","0","0","Dahari","Dahari"
"Comoros","2018","Anjouan Island","Pomoni","Madjibaridi","Reef flat","Partially Restricted","Community Reserve",NA,"-12.2433333","44.34805556","3","PIT","","Recently dead coral","0","0","0","Dahari","Dahari"
"Comoros","2018","Anjouan Island","Pomoni","Hamare_01","Reef flat","Partially Restricted","Community Reserve",NA,"-12.240493","44.334006","3","PIT","","Hard coral","24.34","8.6","3.51","Dahari","Dahari"
"Comoros","2018","Anjouan Island","Pomoni","Hamare_01","Reef flat","Partially Restricted","Community Reserve",NA,"-12.240493","44.334006","3","PIT","","Other inverts","0.66","0.72","0.29","Dahari","Dahari"
"Comoros","2018","Anjouan Island","Pomoni","Hamare_01","Reef flat","Partially Restricted","Community Reserve",NA,"-12.240493","44.334006","3","PIT","","Macro-algae","10.75","7.03","2.87","Dahari","Dahari"
"Comoros","2018","Anjouan Island","Pomoni","Hamare_01","Reef flat","Partially Restricted","Community Reserve",NA,"-12.240493","44.334006","3","PIT","","Turf algae","30.92","11.46","4.68","Dahari","Dahari"
"Comoros","2018","Anjouan Island","Pomoni","Hamare_01","Reef flat","Partially Restricted","Community Reserve",NA,"-12.240493","44.334006","3","PIT","","Halimeda","0","0","0","Dahari","Dahari"
"Comoros","2018","Anjouan Island","Pomoni","Hamare_01","Reef flat","Partially Restricted","Community Reserve",NA,"-12.240493","44.334006","3","PIT","","Coralline algae","11.84","4.85","1.98","Dahari","Dahari"
"Comoros","2018","Anjouan Island","Pomoni","Hamare_01","Reef flat","Partially Restricted","Community Reserve",NA,"-12.240493","44.334006","3","PIT","","Rubble","16.01","12.19","4.97","Dahari","Dahari"
"Comoros","2018","Anjouan Island","Pomoni","Hamare_01","Reef flat","Partially Restricted","Community Reserve",NA,"-12.240493","44.334006","3","PIT","","Rock","2.19","1.59","0.65","Dahari","Dahari"
"Comoros","2018","Anjouan Island","Pomoni","Hamare_01","Reef flat","Partially Restricted","Community Reserve",NA,"-12.240493","44.334006","3","PIT","","Sand","1.75","1.59","0.65","Dahari","Dahari"
"Comoros","2018","Anjouan Island","Pomoni","Hamare_01","Reef flat","Partially Restricted","Community Reserve",NA,"-12.240493","44.334006","3","PIT","","Seagrass","0","0","0","Dahari","Dahari"
"Comoros","2018","Anjouan Island","Pomoni","Hamare_01","Reef flat","Partially Restricted","Community Reserve",NA,"-12.240493","44.334006","3","PIT","","Recently dead coral","1.54","2.11","0.86","Dahari","Dahari"
"Comoros","2018","Anjouan Island","Pomoni","Hamare_02","Forereef","Partially Restricted","Community Reserve",NA,"-12.241253","44.333174","3","PIT","","Hard coral","47.81","3.31","1.91","Dahari","Dahari"
"Comoros","2018","Anjouan Island","Pomoni","Hamare_02","Forereef","Partially Restricted","Community Reserve",NA,"-12.241253","44.333174","3","PIT","","Other inverts","1.75","0.76","0.44","Dahari","Dahari"
"Comoros","2018","Anjouan Island","Pomoni","Hamare_02","Forereef","Partially Restricted","Community Reserve",NA,"-12.241253","44.333174","3","PIT","","Macro-algae","0.44","0.76","0.44","Dahari","Dahari"
"Comoros","2018","Anjouan Island","Pomoni","Hamare_02","Forereef","Partially Restricted","Community Reserve",NA,"-12.241253","44.333174","3","PIT","","Turf algae","23.25","8.56","4.94","Dahari","Dahari"
"Comoros","2018","Anjouan Island","Pomoni","Hamare_02","Forereef","Partially Restricted","Community Reserve",NA,"-12.241253","44.333174","3","PIT","","Halimeda","0","0","0","Dahari","Dahari"
"Comoros","2018","Anjouan Island","Pomoni","Hamare_02","Forereef","Partially Restricted","Community Reserve",NA,"-12.241253","44.333174","3","PIT","","Coralline algae","25","6.58","3.8","Dahari","Dahari"
"Comoros","2018","Anjouan Island","Pomoni","Hamare_02","Forereef","Partially Restricted","Community Reserve",NA,"-12.241253","44.333174","3","PIT","","Rubble","0.88","0.76","0.44","Dahari","Dahari"
"Comoros","2018","Anjouan Island","Pomoni","Hamare_02","Forereef","Partially Restricted","Community Reserve",NA,"-12.241253","44.333174","3","PIT","","Rock","0","0","0","Dahari","Dahari"
"Comoros","2018","Anjouan Island","Pomoni","Hamare_02","Forereef","Partially Restricted","Community Reserve",NA,"-12.241253","44.333174","3","PIT","","Sand","0","0","0","Dahari","Dahari"
"Comoros","2018","Anjouan Island","Pomoni","Hamare_02","Forereef","Partially Restricted","Community Reserve",NA,"-12.241253","44.333174","3","PIT","","Seagrass","0","0","0","Dahari","Dahari"
"Comoros","2018","Anjouan Island","Pomoni","Hamare_02","Forereef","Partially Restricted","Community Reserve",NA,"-12.241253","44.333174","3","PIT","","Recently dead coral","0.88","0.76","0.44","Dahari","Dahari"
"Comoros","2018","Anjouan Island","Pomoni","Mabamboni","Forereef","Partially Restricted","Community Reserve",NA,"-12.244921","44.329091","3","PIT","","Hard coral","35.96","3.31","1.91","Dahari","Dahari"
"Comoros","2018","Anjouan Island","Pomoni","Mabamboni","Forereef","Partially Restricted","Community Reserve",NA,"-12.244921","44.329091","3","PIT","","Other inverts","1.75","0.76","0.44","Dahari","Dahari"
"Comoros","2018","Anjouan Island","Pomoni","Mabamboni","Forereef","Partially Restricted","Community Reserve",NA,"-12.244921","44.329091","3","PIT","","Macro-algae","2.19","0.76","0.44","Dahari","Dahari"
"Comoros","2018","Anjouan Island","Pomoni","Mabamboni","Forereef","Partially Restricted","Community Reserve",NA,"-12.244921","44.329091","3","PIT","","Turf algae","39.91","0.76","0.44","Dahari","Dahari"
"Comoros","2018","Anjouan Island","Pomoni","Mabamboni","Forereef","Partially Restricted","Community Reserve",NA,"-12.244921","44.329091","3","PIT","","Halimeda","0","0","0","Dahari","Dahari"
"Comoros","2018","Anjouan Island","Pomoni","Mabamboni","Forereef","Partially Restricted","Community Reserve",NA,"-12.244921","44.329091","3","PIT","","Coralline algae","12.72","6.62","3.82","Dahari","Dahari"
"Comoros","2018","Anjouan Island","Pomoni","Mabamboni","Forereef","Partially Restricted","Community Reserve",NA,"-12.244921","44.329091","3","PIT","","Rubble","3.07","3.31","1.91","Dahari","Dahari"
"Comoros","2018","Anjouan Island","Pomoni","Mabamboni","Forereef","Partially Restricted","Community Reserve",NA,"-12.244921","44.329091","3","PIT","","Rock","4.39","2.01","1.16","Dahari","Dahari"
"Comoros","2018","Anjouan Island","Pomoni","Mabamboni","Forereef","Partially Restricted","Community Reserve",NA,"-12.244921","44.329091","3","PIT","","Sand","0","0","0","Dahari","Dahari"
"Comoros","2018","Anjouan Island","Pomoni","Mabamboni","Forereef","Partially Restricted","Community Reserve",NA,"-12.244921","44.329091","3","PIT","","Seagrass","0","0","0","Dahari","Dahari"
"Comoros","2018","Anjouan Island","Pomoni","Mabamboni","Forereef","Partially Restricted","Community Reserve",NA,"-12.244921","44.329091","3","PIT","","Recently dead coral","0","0","0","Dahari","Dahari"
"Comoros","2018","Anjouan Island","Pomoni","Dzindri Yantsini","Forereef","Partially Restricted","Community Reserve",NA,"-12.249128","44.350077","3","PIT","","Hard coral","42.11","7.33","4.23","Dahari","Dahari"
"Comoros","2018","Anjouan Island","Pomoni","Dzindri Yantsini","Forereef","Partially Restricted","Community Reserve",NA,"-12.249128","44.350077","3","PIT","","Other inverts","1.32","1.32","0.76","Dahari","Dahari"
"Comoros","2018","Anjouan Island","Pomoni","Dzindri Yantsini","Forereef","Partially Restricted","Community Reserve",NA,"-12.249128","44.350077","3","PIT","","Macro-algae","3.07","2.01","1.16","Dahari","Dahari"
"Comoros","2018","Anjouan Island","Pomoni","Dzindri Yantsini","Forereef","Partially Restricted","Community Reserve",NA,"-12.249128","44.350077","3","PIT","","Turf algae","29.82","12.64","7.3","Dahari","Dahari"
"Comoros","2018","Anjouan Island","Pomoni","Dzindri Yantsini","Forereef","Partially Restricted","Community Reserve",NA,"-12.249128","44.350077","3","PIT","","Halimeda","0","0","0","Dahari","Dahari"
"Comoros","2018","Anjouan Island","Pomoni","Dzindri Yantsini","Forereef","Partially Restricted","Community Reserve",NA,"-12.249128","44.350077","3","PIT","","Coralline algae","19.3","0.76","0.44","Dahari","Dahari"
"Comoros","2018","Anjouan Island","Pomoni","Dzindri Yantsini","Forereef","Partially Restricted","Community Reserve",NA,"-12.249128","44.350077","3","PIT","","Rubble","2.19","1.52","0.88","Dahari","Dahari"
"Comoros","2018","Anjouan Island","Pomoni","Dzindri Yantsini","Forereef","Partially Restricted","Community Reserve",NA,"-12.249128","44.350077","3","PIT","","Rock","1.32","1.32","0.76","Dahari","Dahari"
"Comoros","2018","Anjouan Island","Pomoni","Dzindri Yantsini","Forereef","Partially Restricted","Community Reserve",NA,"-12.249128","44.350077","3","PIT","","Sand","0","0","0","Dahari","Dahari"
"Comoros","2018","Anjouan Island","Pomoni","Dzindri Yantsini","Forereef","Partially Restricted","Community Reserve",NA,"-12.249128","44.350077","3","PIT","","Seagrass","0","0","0","Dahari","Dahari"
"Comoros","2018","Anjouan Island","Pomoni","Dzindri Yantsini","Forereef","Partially Restricted","Community Reserve",NA,"-12.249128","44.350077","3","PIT","","Recently dead coral","0.88","1.52","0.88","Dahari","Dahari"
"Comoros","2019","Anjouan Island","Pomoni","Hamare_02","Forereef","Partially Restricted","Community Reserve",NA,"-12.241253","44.333174","3","PIT","","Hard coral","53.51","3.04","1.75","Dahari","Dahari"
"Comoros","2019","Anjouan Island","Pomoni","Hamare_02","Forereef","Partially Restricted","Community Reserve",NA,"-12.241253","44.333174","3","PIT","","Other inverts","5.7","5.48","3.16","Dahari","Dahari"
"Comoros","2019","Anjouan Island","Pomoni","Hamare_02","Forereef","Partially Restricted","Community Reserve",NA,"-12.241253","44.333174","3","PIT","","Macro-algae","0.88","1.52","0.88","Dahari","Dahari"
"Comoros","2019","Anjouan Island","Pomoni","Hamare_02","Forereef","Partially Restricted","Community Reserve",NA,"-12.241253","44.333174","3","PIT","","Turf algae","16.67","3.31","1.91","Dahari","Dahari"
"Comoros","2019","Anjouan Island","Pomoni","Hamare_02","Forereef","Partially Restricted","Community Reserve",NA,"-12.241253","44.333174","3","PIT","","Halimeda","0","0","0","Dahari","Dahari"
"Comoros","2019","Anjouan Island","Pomoni","Hamare_02","Forereef","Partially Restricted","Community Reserve",NA,"-12.241253","44.333174","3","PIT","","Coralline algae","21.49","8.76","5.06","Dahari","Dahari"
"Comoros","2019","Anjouan Island","Pomoni","Hamare_02","Forereef","Partially Restricted","Community Reserve",NA,"-12.241253","44.333174","3","PIT","","Rubble","0.88","1.52","0.88","Dahari","Dahari"
"Comoros","2019","Anjouan Island","Pomoni","Hamare_02","Forereef","Partially Restricted","Community Reserve",NA,"-12.241253","44.333174","3","PIT","","Rock","0.88","0.76","0.44","Dahari","Dahari"
"Comoros","2019","Anjouan Island","Pomoni","Hamare_02","Forereef","Partially Restricted","Community Reserve",NA,"-12.241253","44.333174","3","PIT","","Sand","0","0","0","Dahari","Dahari"
"Comoros","2019","Anjouan Island","Pomoni","Hamare_02","Forereef","Partially Restricted","Community Reserve",NA,"-12.241253","44.333174","3","PIT","","Seagrass","0","0","0","Dahari","Dahari"
"Comoros","2019","Anjouan Island","Pomoni","Hamare_02","Forereef","Partially Restricted","Community Reserve",NA,"-12.241253","44.333174","3","PIT","","Recently dead coral","0","0","0","Dahari","Dahari"
"Comoros","2019","Anjouan Island","Pomoni","Mrojou","Reef flat","Partially Restricted","Community Reserve",NA,"-12.2440278","44.3556667","3","PIT","","Hard coral","30.7","18.25","10.54","Dahari","Dahari"
"Comoros","2019","Anjouan Island","Pomoni","Mrojou","Reef flat","Partially Restricted","Community Reserve",NA,"-12.2440278","44.3556667","3","PIT","","Other inverts","0.44","0.76","0.44","Dahari","Dahari"
"Comoros","2019","Anjouan Island","Pomoni","Mrojou","Reef flat","Partially Restricted","Community Reserve",NA,"-12.2440278","44.3556667","3","PIT","","Macro-algae","3.95","2.63","1.52","Dahari","Dahari"
"Comoros","2019","Anjouan Island","Pomoni","Mrojou","Reef flat","Partially Restricted","Community Reserve",NA,"-12.2440278","44.3556667","3","PIT","","Turf algae","45.18","19.17","11.07","Dahari","Dahari"
"Comoros","2019","Anjouan Island","Pomoni","Mrojou","Reef flat","Partially Restricted","Community Reserve",NA,"-12.2440278","44.3556667","3","PIT","","Halimeda","0","0","0","Dahari","Dahari"
"Comoros","2019","Anjouan Island","Pomoni","Mrojou","Reef flat","Partially Restricted","Community Reserve",NA,"-12.2440278","44.3556667","3","PIT","","Coralline algae","10.53","5.26","3.04","Dahari","Dahari"
"Comoros","2019","Anjouan Island","Pomoni","Mrojou","Reef flat","Partially Restricted","Community Reserve",NA,"-12.2440278","44.3556667","3","PIT","","Rubble","5.26","4.74","2.74","Dahari","Dahari"
"Comoros","2019","Anjouan Island","Pomoni","Mrojou","Reef flat","Partially Restricted","Community Reserve",NA,"-12.2440278","44.3556667","3","PIT","","Rock","0.44","0.76","0.44","Dahari","Dahari"
"Comoros","2019","Anjouan Island","Pomoni","Mrojou","Reef flat","Partially Restricted","Community Reserve",NA,"-12.2440278","44.3556667","3","PIT","","Sand","3.51","1.52","0.88","Dahari","Dahari"
"Comoros","2019","Anjouan Island","Pomoni","Mrojou","Reef flat","Partially Restricted","Community Reserve",NA,"-12.2440278","44.3556667","3","PIT","","Seagrass","0","0","0","Dahari","Dahari"
"Comoros","2019","Anjouan Island","Pomoni","Mrojou","Reef flat","Partially Restricted","Community Reserve",NA,"-12.2440278","44.3556667","3","PIT","","Recently dead coral","0","0","0","Dahari","Dahari"
"Comoros","2019","Anjouan Island","Pomoni","Mnadzijou","Reef flat","Partially Restricted","Community Reserve",NA,"-12.242777","44.3497222","3","PIT","","Hard coral","25","4.74","2.74","Dahari","Dahari"
"Comoros","2019","Anjouan Island","Pomoni","Mnadzijou","Reef flat","Partially Restricted","Community Reserve",NA,"-12.242777","44.3497222","3","PIT","","Other inverts","0.44","0.76","0.44","Dahari","Dahari"
"Comoros","2019","Anjouan Island","Pomoni","Mnadzijou","Reef flat","Partially Restricted","Community Reserve",NA,"-12.242777","44.3497222","3","PIT","","Macro-algae","1.75","2.01","1.16","Dahari","Dahari"
"Comoros","2019","Anjouan Island","Pomoni","Mnadzijou","Reef flat","Partially Restricted","Community Reserve",NA,"-12.242777","44.3497222","3","PIT","","Turf algae","28.95","4.56","2.63","Dahari","Dahari"
"Comoros","2019","Anjouan Island","Pomoni","Mnadzijou","Reef flat","Partially Restricted","Community Reserve",NA,"-12.242777","44.3497222","3","PIT","","Halimeda","0","0","0","Dahari","Dahari"
"Comoros","2019","Anjouan Island","Pomoni","Mnadzijou","Reef flat","Partially Restricted","Community Reserve",NA,"-12.242777","44.3497222","3","PIT","","Coralline algae","17.98","3.04","1.75","Dahari","Dahari"
"Comoros","2019","Anjouan Island","Pomoni","Mnadzijou","Reef flat","Partially Restricted","Community Reserve",NA,"-12.242777","44.3497222","3","PIT","","Rubble","19.3","4.02","2.32","Dahari","Dahari"
"Comoros","2019","Anjouan Island","Pomoni","Mnadzijou","Reef flat","Partially Restricted","Community Reserve",NA,"-12.242777","44.3497222","3","PIT","","Rock","3.95","1.32","0.76","Dahari","Dahari"
"Comoros","2019","Anjouan Island","Pomoni","Mnadzijou","Reef flat","Partially Restricted","Community Reserve",NA,"-12.242777","44.3497222","3","PIT","","Sand","2.19","2.74","1.58","Dahari","Dahari"
"Comoros","2019","Anjouan Island","Pomoni","Mnadzijou","Reef flat","Partially Restricted","Community Reserve",NA,"-12.242777","44.3497222","3","PIT","","Seagrass","0","0","0","Dahari","Dahari"
"Comoros","2019","Anjouan Island","Pomoni","Mnadzijou","Reef flat","Partially Restricted","Community Reserve",NA,"-12.242777","44.3497222","3","PIT","","Recently dead coral","0.44","0.76","0.44","Dahari","Dahari"
"Comoros","2019","Anjouan Island","Pomoni","Madjibaridi","Reef flat","Partially Restricted","Community Reserve",NA,"-12.2433333","44.34805556","3","PIT","","Hard coral","25.88","12.98","7.49","Dahari","Dahari"
"Comoros","2019","Anjouan Island","Pomoni","Madjibaridi","Reef flat","Partially Restricted","Community Reserve",NA,"-12.2433333","44.34805556","3","PIT","","Other inverts","0.44","0.76","0.44","Dahari","Dahari"
"Comoros","2019","Anjouan Island","Pomoni","Madjibaridi","Reef flat","Partially Restricted","Community Reserve",NA,"-12.2433333","44.34805556","3","PIT","","Macro-algae","2.19","2.01","1.16","Dahari","Dahari"
"Comoros","2019","Anjouan Island","Pomoni","Madjibaridi","Reef flat","Partially Restricted","Community Reserve",NA,"-12.2433333","44.34805556","3","PIT","","Turf algae","20.18","10.96","6.33","Dahari","Dahari"
"Comoros","2019","Anjouan Island","Pomoni","Madjibaridi","Reef flat","Partially Restricted","Community Reserve",NA,"-12.2433333","44.34805556","3","PIT","","Halimeda","0","0","0","Dahari","Dahari"
"Comoros","2019","Anjouan Island","Pomoni","Madjibaridi","Reef flat","Partially Restricted","Community Reserve",NA,"-12.2433333","44.34805556","3","PIT","","Coralline algae","9.65","2.74","1.58","Dahari","Dahari"
"Comoros","2019","Anjouan Island","Pomoni","Madjibaridi","Reef flat","Partially Restricted","Community Reserve",NA,"-12.2433333","44.34805556","3","PIT","","Rubble","37.28","8.04","4.64","Dahari","Dahari"
"Comoros","2019","Anjouan Island","Pomoni","Madjibaridi","Reef flat","Partially Restricted","Community Reserve",NA,"-12.2433333","44.34805556","3","PIT","","Rock","1.75","0.76","0.44","Dahari","Dahari"
"Comoros","2019","Anjouan Island","Pomoni","Madjibaridi","Reef flat","Partially Restricted","Community Reserve",NA,"-12.2433333","44.34805556","3","PIT","","Sand","1.75","0.76","0.44","Dahari","Dahari"
"Comoros","2019","Anjouan Island","Pomoni","Madjibaridi","Reef flat","Partially Restricted","Community Reserve",NA,"-12.2433333","44.34805556","3","PIT","","Seagrass","0","0","0","Dahari","Dahari"
"Comoros","2019","Anjouan Island","Pomoni","Madjibaridi","Reef flat","Partially Restricted","Community Reserve",NA,"-12.2433333","44.34805556","3","PIT","","Recently dead coral","0.88","0.76","0.44","Dahari","Dahari"
"Comoros","2019","Anjouan Island","Pomoni","Dzindri Yantsini","Forereef","Partially Restricted","Community Reserve",NA,"-12.249128","44.350077","3","PIT","","Hard coral","43.42","2.63","1.52","Dahari","Dahari"
"Comoros","2019","Anjouan Island","Pomoni","Dzindri Yantsini","Forereef","Partially Restricted","Community Reserve",NA,"-12.249128","44.350077","3","PIT","","Other inverts","0.44","0.76","0.44","Dahari","Dahari"
"Comoros","2019","Anjouan Island","Pomoni","Dzindri Yantsini","Forereef","Partially Restricted","Community Reserve",NA,"-12.249128","44.350077","3","PIT","","Macro-algae","0.88","0.76","0.44","Dahari","Dahari"
"Comoros","2019","Anjouan Island","Pomoni","Dzindri Yantsini","Forereef","Partially Restricted","Community Reserve",NA,"-12.249128","44.350077","3","PIT","","Turf algae","12.28","2.01","1.16","Dahari","Dahari"
"Comoros","2019","Anjouan Island","Pomoni","Dzindri Yantsini","Forereef","Partially Restricted","Community Reserve",NA,"-12.249128","44.350077","3","PIT","","Halimeda","0","0","0","Dahari","Dahari"
"Comoros","2019","Anjouan Island","Pomoni","Dzindri Yantsini","Forereef","Partially Restricted","Community Reserve",NA,"-12.249128","44.350077","3","PIT","","Coralline algae","26.32","3.95","2.28","Dahari","Dahari"
"Comoros","2019","Anjouan Island","Pomoni","Dzindri Yantsini","Forereef","Partially Restricted","Community Reserve",NA,"-12.249128","44.350077","3","PIT","","Rubble","1.32","2.28","1.32","Dahari","Dahari"
"Comoros","2019","Anjouan Island","Pomoni","Dzindri Yantsini","Forereef","Partially Restricted","Community Reserve",NA,"-12.249128","44.350077","3","PIT","","Rock","15.35","7.25","4.18","Dahari","Dahari"
"Comoros","2019","Anjouan Island","Pomoni","Dzindri Yantsini","Forereef","Partially Restricted","Community Reserve",NA,"-12.249128","44.350077","3","PIT","","Sand","0","0","0","Dahari","Dahari"
"Comoros","2019","Anjouan Island","Pomoni","Dzindri Yantsini","Forereef","Partially Restricted","Community Reserve",NA,"-12.249128","44.350077","3","PIT","","Seagrass","0","0","0","Dahari","Dahari"
"Comoros","2019","Anjouan Island","Pomoni","Dzindri Yantsini","Forereef","Partially Restricted","Community Reserve",NA,"-12.249128","44.350077","3","PIT","","Recently dead coral","0","0","0","Dahari","Dahari"
"Comoros","2019","Anjouan Island","Pomoni","Mabamboni","Forereef","Partially Restricted","Community Reserve",NA,"-12.244921","44.329091","3","PIT","","Hard coral","40.79","10.44","6.03","Dahari","Dahari"
"Comoros","2019","Anjouan Island","Pomoni","Mabamboni","Forereef","Partially Restricted","Community Reserve",NA,"-12.244921","44.329091","3","PIT","","Other inverts","1.32","1.32","0.76","Dahari","Dahari"
"Comoros","2019","Anjouan Island","Pomoni","Mabamboni","Forereef","Partially Restricted","Community Reserve",NA,"-12.244921","44.329091","3","PIT","","Macro-algae","2.19","0.76","0.44","Dahari","Dahari"
"Comoros","2019","Anjouan Island","Pomoni","Mabamboni","Forereef","Partially Restricted","Community Reserve",NA,"-12.244921","44.329091","3","PIT","","Turf algae","25.88","7.48","4.32","Dahari","Dahari"
"Comoros","2019","Anjouan Island","Pomoni","Mabamboni","Forereef","Partially Restricted","Community Reserve",NA,"-12.244921","44.329091","3","PIT","","Halimeda","0","0","0","Dahari","Dahari"
"Comoros","2019","Anjouan Island","Pomoni","Mabamboni","Forereef","Partially Restricted","Community Reserve",NA,"-12.244921","44.329091","3","PIT","","Coralline algae","18.86","7.6","4.39","Dahari","Dahari"
"Comoros","2019","Anjouan Island","Pomoni","Mabamboni","Forereef","Partially Restricted","Community Reserve",NA,"-12.244921","44.329091","3","PIT","","Rubble","5.26","5.26","3.04","Dahari","Dahari"
"Comoros","2019","Anjouan Island","Pomoni","Mabamboni","Forereef","Partially Restricted","Community Reserve",NA,"-12.244921","44.329091","3","PIT","","Rock","4.39","0.76","0.44","Dahari","Dahari"
"Comoros","2019","Anjouan Island","Pomoni","Mabamboni","Forereef","Partially Restricted","Community Reserve",NA,"-12.244921","44.329091","3","PIT","","Sand","0.88","0.76","0.44","Dahari","Dahari"
"Comoros","2019","Anjouan Island","Pomoni","Mabamboni","Forereef","Partially Restricted","Community Reserve",NA,"-12.244921","44.329091","3","PIT","","Seagrass","0","0","0","Dahari","Dahari"
"Comoros","2019","Anjouan Island","Pomoni","Mabamboni","Forereef","Partially Restricted","Community Reserve",NA,"-12.244921","44.329091","3","PIT","","Recently dead coral","0.44","0.76","0.44","Dahari","Dahari"
"Comoros","2019","Anjouan Island","Pomoni","Hamare_01","Reef flat","Partially Restricted","Community Reserve",NA,"-12.240493","44.334006","3","PIT","","Hard coral","21.05","4.56","2.63","Dahari","Dahari"
"Comoros","2019","Anjouan Island","Pomoni","Hamare_01","Reef flat","Partially Restricted","Community Reserve",NA,"-12.240493","44.334006","3","PIT","","Other inverts","0.44","0.76","0.44","Dahari","Dahari"
"Comoros","2019","Anjouan Island","Pomoni","Hamare_01","Reef flat","Partially Restricted","Community Reserve",NA,"-12.240493","44.334006","3","PIT","","Macro-algae","10.09","1.52","0.88","Dahari","Dahari"
"Comoros","2019","Anjouan Island","Pomoni","Hamare_01","Reef flat","Partially Restricted","Community Reserve",NA,"-12.240493","44.334006","3","PIT","","Turf algae","31.58","10.28","5.93","Dahari","Dahari"
"Comoros","2019","Anjouan Island","Pomoni","Hamare_01","Reef flat","Partially Restricted","Community Reserve",NA,"-12.240493","44.334006","3","PIT","","Halimeda","0","0","0","Dahari","Dahari"
"Comoros","2019","Anjouan Island","Pomoni","Hamare_01","Reef flat","Partially Restricted","Community Reserve",NA,"-12.240493","44.334006","3","PIT","","Coralline algae","16.23","6.62","3.82","Dahari","Dahari"
"Comoros","2019","Anjouan Island","Pomoni","Hamare_01","Reef flat","Partially Restricted","Community Reserve",NA,"-12.240493","44.334006","3","PIT","","Rubble","17.11","8","4.62","Dahari","Dahari"
"Comoros","2019","Anjouan Island","Pomoni","Hamare_01","Reef flat","Partially Restricted","Community Reserve",NA,"-12.240493","44.334006","3","PIT","","Rock","1.32","0","0","Dahari","Dahari"
"Comoros","2019","Anjouan Island","Pomoni","Hamare_01","Reef flat","Partially Restricted","Community Reserve",NA,"-12.240493","44.334006","3","PIT","","Sand","1.75","1.52","0.88","Dahari","Dahari"
"Comoros","2019","Anjouan Island","Pomoni","Hamare_01","Reef flat","Partially Restricted","Community Reserve",NA,"-12.240493","44.334006","3","PIT","","Seagrass","0","0","0","Dahari","Dahari"
"Comoros","2019","Anjouan Island","Pomoni","Hamare_01","Reef flat","Partially Restricted","Community Reserve",NA,"-12.240493","44.334006","3","PIT","","Recently dead coral","0.44","0.76","0.44","Dahari","Dahari"
"Comoros","2020","Anjouan Island","Pomoni","Hamare_02","Forereef","Partially Restricted","Community Reserve",NA,"-12.241253","44.333174","3","PIT","","Hard coral","57.89","8.32","3.4","Dahari","Dahari"
"Comoros","2020","Anjouan Island","Pomoni","Hamare_02","Forereef","Partially Restricted","Community Reserve",NA,"-12.241253","44.333174","3","PIT","","Other inverts","1.54","2.11","0.86","Dahari","Dahari"
"Comoros","2020","Anjouan Island","Pomoni","Hamare_02","Forereef","Partially Restricted","Community Reserve",NA,"-12.241253","44.333174","3","PIT","","Macro-algae","0.44","0.68","0.28","Dahari","Dahari"
"Comoros","2020","Anjouan Island","Pomoni","Hamare_02","Forereef","Partially Restricted","Community Reserve",NA,"-12.241253","44.333174","3","PIT","","Turf algae","19.96","5.48","2.24","Dahari","Dahari"
"Comoros","2020","Anjouan Island","Pomoni","Hamare_02","Forereef","Partially Restricted","Community Reserve",NA,"-12.241253","44.333174","3","PIT","","Halimeda","0","0","0","Dahari","Dahari"
"Comoros","2020","Anjouan Island","Pomoni","Hamare_02","Forereef","Partially Restricted","Community Reserve",NA,"-12.241253","44.333174","3","PIT","","Coralline algae","18.86","6.43","2.62","Dahari","Dahari"
"Comoros","2020","Anjouan Island","Pomoni","Hamare_02","Forereef","Partially Restricted","Community Reserve",NA,"-12.241253","44.333174","3","PIT","","Rubble","0","0","0","Dahari","Dahari"
"Comoros","2020","Anjouan Island","Pomoni","Hamare_02","Forereef","Partially Restricted","Community Reserve",NA,"-12.241253","44.333174","3","PIT","","Rock","0.22","0.54","0.22","Dahari","Dahari"
"Comoros","2020","Anjouan Island","Pomoni","Hamare_02","Forereef","Partially Restricted","Community Reserve",NA,"-12.241253","44.333174","3","PIT","","Sand","0","0","0","Dahari","Dahari"
"Comoros","2020","Anjouan Island","Pomoni","Hamare_02","Forereef","Partially Restricted","Community Reserve",NA,"-12.241253","44.333174","3","PIT","","Seagrass","0","0","0","Dahari","Dahari"
"Comoros","2020","Anjouan Island","Pomoni","Hamare_02","Forereef","Partially Restricted","Community Reserve",NA,"-12.241253","44.333174","3","PIT","","Recently dead coral","1.1","0.99","0.4","Dahari","Dahari"
"Comoros","2020","Anjouan Island","Pomoni","Mrojou","Reef flat","Partially Restricted","Community Reserve",NA,"-12.2440278","44.3556667","3","PIT","","Hard coral","30.26","6.23","2.54","Dahari","Dahari"
"Comoros","2020","Anjouan Island","Pomoni","Mrojou","Reef flat","Partially Restricted","Community Reserve",NA,"-12.2440278","44.3556667","3","PIT","","Other inverts","0.66","1.1","0.45","Dahari","Dahari"
"Comoros","2020","Anjouan Island","Pomoni","Mrojou","Reef flat","Partially Restricted","Community Reserve",NA,"-12.2440278","44.3556667","3","PIT","","Macro-algae","9.21","5.71","2.33","Dahari","Dahari"
"Comoros","2020","Anjouan Island","Pomoni","Mrojou","Reef flat","Partially Restricted","Community Reserve",NA,"-12.2440278","44.3556667","3","PIT","","Turf algae","30.92","6.04","2.47","Dahari","Dahari"
"Comoros","2020","Anjouan Island","Pomoni","Mrojou","Reef flat","Partially Restricted","Community Reserve",NA,"-12.2440278","44.3556667","3","PIT","","Halimeda","0","0","0","Dahari","Dahari"
"Comoros","2020","Anjouan Island","Pomoni","Mrojou","Reef flat","Partially Restricted","Community Reserve",NA,"-12.2440278","44.3556667","3","PIT","","Coralline algae","20.83","9.54","3.89","Dahari","Dahari"
"Comoros","2020","Anjouan Island","Pomoni","Mrojou","Reef flat","Partially Restricted","Community Reserve",NA,"-12.2440278","44.3556667","3","PIT","","Rubble","3.73","6.57","2.68","Dahari","Dahari"
"Comoros","2020","Anjouan Island","Pomoni","Mrojou","Reef flat","Partially Restricted","Community Reserve",NA,"-12.2440278","44.3556667","3","PIT","","Rock","0.88","1.07","0.44","Dahari","Dahari"
"Comoros","2020","Anjouan Island","Pomoni","Mrojou","Reef flat","Partially Restricted","Community Reserve",NA,"-12.2440278","44.3556667","3","PIT","","Sand","0.88","1.07","0.44","Dahari","Dahari"
"Comoros","2020","Anjouan Island","Pomoni","Mrojou","Reef flat","Partially Restricted","Community Reserve",NA,"-12.2440278","44.3556667","3","PIT","","Seagrass","0","0","0","Dahari","Dahari"
"Comoros","2020","Anjouan Island","Pomoni","Mrojou","Reef flat","Partially Restricted","Community Reserve",NA,"-12.2440278","44.3556667","3","PIT","","Recently dead coral","2.63","4.16","1.7","Dahari","Dahari"
"Comoros","2020","Anjouan Island","Pomoni","Mabamboni","Forereef","Partially Restricted","Community Reserve",NA,"-12.244921","44.329091","3","PIT","","Hard coral","28.07","8.46","4.88","Dahari","Dahari"
"Comoros","2020","Anjouan Island","Pomoni","Mabamboni","Forereef","Partially Restricted","Community Reserve",NA,"-12.244921","44.329091","3","PIT","","Other inverts","0.44","0.76","0.44","Dahari","Dahari"
"Comoros","2020","Anjouan Island","Pomoni","Mabamboni","Forereef","Partially Restricted","Community Reserve",NA,"-12.244921","44.329091","3","PIT","","Macro-algae","1.32","2.28","1.32","Dahari","Dahari"
"Comoros","2020","Anjouan Island","Pomoni","Mabamboni","Forereef","Partially Restricted","Community Reserve",NA,"-12.244921","44.329091","3","PIT","","Turf algae","32.89","3.48","2.01","Dahari","Dahari"
"Comoros","2020","Anjouan Island","Pomoni","Mabamboni","Forereef","Partially Restricted","Community Reserve",NA,"-12.244921","44.329091","3","PIT","","Halimeda","0","0","0","Dahari","Dahari"
"Comoros","2020","Anjouan Island","Pomoni","Mabamboni","Forereef","Partially Restricted","Community Reserve",NA,"-12.244921","44.329091","3","PIT","","Coralline algae","14.47","2.28","1.32","Dahari","Dahari"
"Comoros","2020","Anjouan Island","Pomoni","Mabamboni","Forereef","Partially Restricted","Community Reserve",NA,"-12.244921","44.329091","3","PIT","","Rubble","7.02","5.32","3.07","Dahari","Dahari"
"Comoros","2020","Anjouan Island","Pomoni","Mabamboni","Forereef","Partially Restricted","Community Reserve",NA,"-12.244921","44.329091","3","PIT","","Rock","11.4","2.74","1.58","Dahari","Dahari"
"Comoros","2020","Anjouan Island","Pomoni","Mabamboni","Forereef","Partially Restricted","Community Reserve",NA,"-12.244921","44.329091","3","PIT","","Sand","2.19","3.8","2.19","Dahari","Dahari"
"Comoros","2020","Anjouan Island","Pomoni","Mabamboni","Forereef","Partially Restricted","Community Reserve",NA,"-12.244921","44.329091","3","PIT","","Seagrass","0","0","0","Dahari","Dahari"
"Comoros","2020","Anjouan Island","Pomoni","Mabamboni","Forereef","Partially Restricted","Community Reserve",NA,"-12.244921","44.329091","3","PIT","","Recently dead coral","2.19","2.01","1.16","Dahari","Dahari"
"Comoros","2020","Anjouan Island","Pomoni","Madjibaridi","Reef flat","Partially Restricted","Community Reserve",NA,"-12.2433333","44.34805556","3","PIT","","Hard coral","25.22","9.47","3.86","Dahari","Dahari"
"Comoros","2020","Anjouan Island","Pomoni","Madjibaridi","Reef flat","Partially Restricted","Community Reserve",NA,"-12.2433333","44.34805556","3","PIT","","Other inverts","0.44","0.68","0.28","Dahari","Dahari"
"Comoros","2020","Anjouan Island","Pomoni","Madjibaridi","Reef flat","Partially Restricted","Community Reserve",NA,"-12.2433333","44.34805556","3","PIT","","Macro-algae","3.51","4.83","1.97","Dahari","Dahari"
"Comoros","2020","Anjouan Island","Pomoni","Madjibaridi","Reef flat","Partially Restricted","Community Reserve",NA,"-12.2433333","44.34805556","3","PIT","","Turf algae","24.56","11.12","4.54","Dahari","Dahari"
"Comoros","2020","Anjouan Island","Pomoni","Madjibaridi","Reef flat","Partially Restricted","Community Reserve",NA,"-12.2433333","44.34805556","3","PIT","","Halimeda","0","0","0","Dahari","Dahari"
"Comoros","2020","Anjouan Island","Pomoni","Madjibaridi","Reef flat","Partially Restricted","Community Reserve",NA,"-12.2433333","44.34805556","3","PIT","","Coralline algae","8.55","2.97","1.21","Dahari","Dahari"
"Comoros","2020","Anjouan Island","Pomoni","Madjibaridi","Reef flat","Partially Restricted","Community Reserve",NA,"-12.2433333","44.34805556","3","PIT","","Rubble","21.27","8.74","3.57","Dahari","Dahari"
"Comoros","2020","Anjouan Island","Pomoni","Madjibaridi","Reef flat","Partially Restricted","Community Reserve",NA,"-12.2433333","44.34805556","3","PIT","","Rock","4.17","3.37","1.38","Dahari","Dahari"
"Comoros","2020","Anjouan Island","Pomoni","Madjibaridi","Reef flat","Partially Restricted","Community Reserve",NA,"-12.2433333","44.34805556","3","PIT","","Sand","9.87","9.22","3.76","Dahari","Dahari"
"Comoros","2020","Anjouan Island","Pomoni","Madjibaridi","Reef flat","Partially Restricted","Community Reserve",NA,"-12.2433333","44.34805556","3","PIT","","Seagrass","0","0","0","Dahari","Dahari"
"Comoros","2020","Anjouan Island","Pomoni","Madjibaridi","Reef flat","Partially Restricted","Community Reserve",NA,"-12.2433333","44.34805556","3","PIT","","Recently dead coral","2.41","2.55","1.04","Dahari","Dahari"
"Comoros","2020","Anjouan Island","Pomoni","Hamare_01","Reef flat","Partially Restricted","Community Reserve",NA,"-12.240493","44.334006","3","PIT","","Hard coral","15.79","4.16","1.7","Dahari","Dahari"
"Comoros","2020","Anjouan Island","Pomoni","Hamare_01","Reef flat","Partially Restricted","Community Reserve",NA,"-12.240493","44.334006","3","PIT","","Other inverts","0.22","0.54","0.22","Dahari","Dahari"
"Comoros","2020","Anjouan Island","Pomoni","Hamare_01","Reef flat","Partially Restricted","Community Reserve",NA,"-12.240493","44.334006","3","PIT","","Macro-algae","13.6","5.24","2.14","Dahari","Dahari"
"Comoros","2020","Anjouan Island","Pomoni","Hamare_01","Reef flat","Partially Restricted","Community Reserve",NA,"-12.240493","44.334006","3","PIT","","Turf algae","34.21","8.11","3.31","Dahari","Dahari"
"Comoros","2020","Anjouan Island","Pomoni","Hamare_01","Reef flat","Partially Restricted","Community Reserve",NA,"-12.240493","44.334006","3","PIT","","Halimeda","0","0","0","Dahari","Dahari"
"Comoros","2020","Anjouan Island","Pomoni","Hamare_01","Reef flat","Partially Restricted","Community Reserve",NA,"-12.240493","44.334006","3","PIT","","Coralline algae","7.02","6.32","2.58","Dahari","Dahari"
"Comoros","2020","Anjouan Island","Pomoni","Hamare_01","Reef flat","Partially Restricted","Community Reserve",NA,"-12.240493","44.334006","3","PIT","","Rubble","20.18","12.5","5.1","Dahari","Dahari"
"Comoros","2020","Anjouan Island","Pomoni","Hamare_01","Reef flat","Partially Restricted","Community Reserve",NA,"-12.240493","44.334006","3","PIT","","Rock","2.19","1.36","0.55","Dahari","Dahari"
"Comoros","2020","Anjouan Island","Pomoni","Hamare_01","Reef flat","Partially Restricted","Community Reserve",NA,"-12.240493","44.334006","3","PIT","","Sand","3.29","2.97","1.21","Dahari","Dahari"
"Comoros","2020","Anjouan Island","Pomoni","Hamare_01","Reef flat","Partially Restricted","Community Reserve",NA,"-12.240493","44.334006","3","PIT","","Seagrass","0","0","0","Dahari","Dahari"
"Comoros","2020","Anjouan Island","Pomoni","Hamare_01","Reef flat","Partially Restricted","Community Reserve",NA,"-12.240493","44.334006","3","PIT","","Recently dead coral","3.51","4.97","2.03","Dahari","Dahari"
"Comoros","2020","Anjouan Island","Pomoni","Mnadzijou","Reef flat","Partially Restricted","Community Reserve",NA,"-12.242777","44.3497222","3","PIT","","Hard coral","20.18","7.25","4.18","Dahari","Dahari"
"Comoros","2020","Anjouan Island","Pomoni","Mnadzijou","Reef flat","Partially Restricted","Community Reserve",NA,"-12.242777","44.3497222","3","PIT","","Other inverts","4.82","2.74","1.58","Dahari","Dahari"
"Comoros","2020","Anjouan Island","Pomoni","Mnadzijou","Reef flat","Partially Restricted","Community Reserve",NA,"-12.242777","44.3497222","3","PIT","","Macro-algae","3.95","3.48","2.01","Dahari","Dahari"
"Comoros","2020","Anjouan Island","Pomoni","Mnadzijou","Reef flat","Partially Restricted","Community Reserve",NA,"-12.242777","44.3497222","3","PIT","","Turf algae","25","2.28","1.32","Dahari","Dahari"
"Comoros","2020","Anjouan Island","Pomoni","Mnadzijou","Reef flat","Partially Restricted","Community Reserve",NA,"-12.242777","44.3497222","3","PIT","","Halimeda","0","0","0","Dahari","Dahari"
"Comoros","2020","Anjouan Island","Pomoni","Mnadzijou","Reef flat","Partially Restricted","Community Reserve",NA,"-12.242777","44.3497222","3","PIT","","Coralline algae","9.65","2.01","1.16","Dahari","Dahari"
"Comoros","2020","Anjouan Island","Pomoni","Mnadzijou","Reef flat","Partially Restricted","Community Reserve",NA,"-12.242777","44.3497222","3","PIT","","Rubble","29.82","2.74","1.58","Dahari","Dahari"
"Comoros","2020","Anjouan Island","Pomoni","Mnadzijou","Reef flat","Partially Restricted","Community Reserve",NA,"-12.242777","44.3497222","3","PIT","","Rock","1.75","3.04","1.75","Dahari","Dahari"
"Comoros","2020","Anjouan Island","Pomoni","Mnadzijou","Reef flat","Partially Restricted","Community Reserve",NA,"-12.242777","44.3497222","3","PIT","","Sand","0.44","0.76","0.44","Dahari","Dahari"
"Comoros","2020","Anjouan Island","Pomoni","Mnadzijou","Reef flat","Partially Restricted","Community Reserve",NA,"-12.242777","44.3497222","3","PIT","","Seagrass","0","0","0","Dahari","Dahari"
"Comoros","2020","Anjouan Island","Pomoni","Mnadzijou","Reef flat","Partially Restricted","Community Reserve",NA,"-12.242777","44.3497222","3","PIT","","Recently dead coral","4.39","0.76","0.44","Dahari","Dahari"
"Comoros","2020","Anjouan Island","Pomoni","Dzindri Yantsini","Forereef","Partially Restricted","Community Reserve",NA,"-12.249128","44.350077","3","PIT","","Hard coral","41.23","7.61","3.11","Dahari","Dahari"
"Comoros","2020","Anjouan Island","Pomoni","Dzindri Yantsini","Forereef","Partially Restricted","Community Reserve",NA,"-12.249128","44.350077","3","PIT","","Other inverts","0.44","0.68","0.28","Dahari","Dahari"
"Comoros","2020","Anjouan Island","Pomoni","Dzindri Yantsini","Forereef","Partially Restricted","Community Reserve",NA,"-12.249128","44.350077","3","PIT","","Macro-algae","0.88","1.07","0.44","Dahari","Dahari"
"Comoros","2020","Anjouan Island","Pomoni","Dzindri Yantsini","Forereef","Partially Restricted","Community Reserve",NA,"-12.249128","44.350077","3","PIT","","Turf algae","16.89","4.03","1.64","Dahari","Dahari"
"Comoros","2020","Anjouan Island","Pomoni","Dzindri Yantsini","Forereef","Partially Restricted","Community Reserve",NA,"-12.249128","44.350077","3","PIT","","Halimeda","0","0","0","Dahari","Dahari"
"Comoros","2020","Anjouan Island","Pomoni","Dzindri Yantsini","Forereef","Partially Restricted","Community Reserve",NA,"-12.249128","44.350077","3","PIT","","Coralline algae","21.49","6.1","2.49","Dahari","Dahari"
"Comoros","2020","Anjouan Island","Pomoni","Dzindri Yantsini","Forereef","Partially Restricted","Community Reserve",NA,"-12.249128","44.350077","3","PIT","","Rubble","0.44","1.07","0.44","Dahari","Dahari"
"Comoros","2020","Anjouan Island","Pomoni","Dzindri Yantsini","Forereef","Partially Restricted","Community Reserve",NA,"-12.249128","44.350077","3","PIT","","Rock","17.76","6.8","2.78","Dahari","Dahari"
"Comoros","2020","Anjouan Island","Pomoni","Dzindri Yantsini","Forereef","Partially Restricted","Community Reserve",NA,"-12.249128","44.350077","3","PIT","","Sand","0","0","0","Dahari","Dahari"
"Comoros","2020","Anjouan Island","Pomoni","Dzindri Yantsini","Forereef","Partially Restricted","Community Reserve",NA,"-12.249128","44.350077","3","PIT","","Seagrass","0","0","0","Dahari","Dahari"
"Comoros","2020","Anjouan Island","Pomoni","Dzindri Yantsini","Forereef","Partially Restricted","Community Reserve",NA,"-12.249128","44.350077","3","PIT","","Recently dead coral","0.88","1.07","0.44","Dahari","Dahari"
"Comoros","2021","Anjouan Island","Pomoni","Madjibaridi","Reef flat","Partially Restricted","Community Reserve",NA,"-12.2433333","44.34805556","3","PIT","","Hard coral","24.12","12.28","5.01","Dahari","Dahari"
"Comoros","2021","Anjouan Island","Pomoni","Madjibaridi","Reef flat","Partially Restricted","Community Reserve",NA,"-12.2433333","44.34805556","3","PIT","","Other inverts","1.75","1.07","0.44","Dahari","Dahari"
"Comoros","2021","Anjouan Island","Pomoni","Madjibaridi","Reef flat","Partially Restricted","Community Reserve",NA,"-12.2433333","44.34805556","3","PIT","","Macro-algae","2.85","4.51","1.84","Dahari","Dahari"
"Comoros","2021","Anjouan Island","Pomoni","Madjibaridi","Reef flat","Partially Restricted","Community Reserve",NA,"-12.2433333","44.34805556","3","PIT","","Turf algae","21.71","7.1","2.9","Dahari","Dahari"
"Comoros","2021","Anjouan Island","Pomoni","Madjibaridi","Reef flat","Partially Restricted","Community Reserve",NA,"-12.2433333","44.34805556","3","PIT","","Halimeda","0","0","0","Dahari","Dahari"
"Comoros","2021","Anjouan Island","Pomoni","Madjibaridi","Reef flat","Partially Restricted","Community Reserve",NA,"-12.2433333","44.34805556","3","PIT","","Coralline algae","10.96","7.38","3.01","Dahari","Dahari"
"Comoros","2021","Anjouan Island","Pomoni","Madjibaridi","Reef flat","Partially Restricted","Community Reserve",NA,"-12.2433333","44.34805556","3","PIT","","Rubble","28.07","5.92","2.42","Dahari","Dahari"
"Comoros","2021","Anjouan Island","Pomoni","Madjibaridi","Reef flat","Partially Restricted","Community Reserve",NA,"-12.2433333","44.34805556","3","PIT","","Rock","5.48","3.05","1.24","Dahari","Dahari"
"Comoros","2021","Anjouan Island","Pomoni","Madjibaridi","Reef flat","Partially Restricted","Community Reserve",NA,"-12.2433333","44.34805556","3","PIT","","Sand","3.29","2.97","1.21","Dahari","Dahari"
"Comoros","2021","Anjouan Island","Pomoni","Madjibaridi","Reef flat","Partially Restricted","Community Reserve",NA,"-12.2433333","44.34805556","3","PIT","","Seagrass","1.32","3.22","1.32","Dahari","Dahari"
"Comoros","2021","Anjouan Island","Pomoni","Madjibaridi","Reef flat","Partially Restricted","Community Reserve",NA,"-12.2433333","44.34805556","3","PIT","","Recently dead coral","0.44","0.68","0.28","Dahari","Dahari"
"Comoros","2021","Anjouan Island","Pomoni","Hamare_01","Reef flat","Partially Restricted","Community Reserve",NA,"-12.240493","44.334006","3","PIT","","Hard coral","18.42","10.53","4.3","Dahari","Dahari"
"Comoros","2021","Anjouan Island","Pomoni","Hamare_01","Reef flat","Partially Restricted","Community Reserve",NA,"-12.240493","44.334006","3","PIT","","Other inverts","0.44","0.68","0.28","Dahari","Dahari"
"Comoros","2021","Anjouan Island","Pomoni","Hamare_01","Reef flat","Partially Restricted","Community Reserve",NA,"-12.240493","44.334006","3","PIT","","Macro-algae","10.31","3.85","1.57","Dahari","Dahari"
"Comoros","2021","Anjouan Island","Pomoni","Hamare_01","Reef flat","Partially Restricted","Community Reserve",NA,"-12.240493","44.334006","3","PIT","","Turf algae","38.6","4.68","1.91","Dahari","Dahari"
"Comoros","2021","Anjouan Island","Pomoni","Hamare_01","Reef flat","Partially Restricted","Community Reserve",NA,"-12.240493","44.334006","3","PIT","","Halimeda","0","0","0","Dahari","Dahari"
"Comoros","2021","Anjouan Island","Pomoni","Hamare_01","Reef flat","Partially Restricted","Community Reserve",NA,"-12.240493","44.334006","3","PIT","","Coralline algae","6.14","2.84","1.16","Dahari","Dahari"
"Comoros","2021","Anjouan Island","Pomoni","Hamare_01","Reef flat","Partially Restricted","Community Reserve",NA,"-12.240493","44.334006","3","PIT","","Rubble","20.61","12.16","4.97","Dahari","Dahari"
"Comoros","2021","Anjouan Island","Pomoni","Hamare_01","Reef flat","Partially Restricted","Community Reserve",NA,"-12.240493","44.334006","3","PIT","","Rock","2.19","3.08","1.26","Dahari","Dahari"
"Comoros","2021","Anjouan Island","Pomoni","Hamare_01","Reef flat","Partially Restricted","Community Reserve",NA,"-12.240493","44.334006","3","PIT","","Sand","3.07","2.3","0.94","Dahari","Dahari"
"Comoros","2021","Anjouan Island","Pomoni","Hamare_01","Reef flat","Partially Restricted","Community Reserve",NA,"-12.240493","44.334006","3","PIT","","Seagrass","0","0","0","Dahari","Dahari"
"Comoros","2021","Anjouan Island","Pomoni","Hamare_01","Reef flat","Partially Restricted","Community Reserve",NA,"-12.240493","44.334006","3","PIT","","Recently dead coral","0.22","0.54","0.22","Dahari","Dahari"
"Comoros","2021","Anjouan Island","Pomoni","Mrojou","Reef flat","Partially Restricted","Community Reserve",NA,"-12.2440278","44.3556667","3","PIT","","Hard coral","30.92","18.25","7.45","Dahari","Dahari"
"Comoros","2021","Anjouan Island","Pomoni","Mrojou","Reef flat","Partially Restricted","Community Reserve",NA,"-12.2440278","44.3556667","3","PIT","","Other inverts","1.32","1.66","0.68","Dahari","Dahari"
"Comoros","2021","Anjouan Island","Pomoni","Mrojou","Reef flat","Partially Restricted","Community Reserve",NA,"-12.2440278","44.3556667","3","PIT","","Macro-algae","12.06","8.54","3.49","Dahari","Dahari"
"Comoros","2021","Anjouan Island","Pomoni","Mrojou","Reef flat","Partially Restricted","Community Reserve",NA,"-12.2440278","44.3556667","3","PIT","","Turf algae","26.54","18.63","7.61","Dahari","Dahari"
"Comoros","2021","Anjouan Island","Pomoni","Mrojou","Reef flat","Partially Restricted","Community Reserve",NA,"-12.2440278","44.3556667","3","PIT","","Halimeda","0","0","0","Dahari","Dahari"
"Comoros","2021","Anjouan Island","Pomoni","Mrojou","Reef flat","Partially Restricted","Community Reserve",NA,"-12.2440278","44.3556667","3","PIT","","Coralline algae","20.83","13.14","5.37","Dahari","Dahari"
"Comoros","2021","Anjouan Island","Pomoni","Mrojou","Reef flat","Partially Restricted","Community Reserve",NA,"-12.2440278","44.3556667","3","PIT","","Rubble","4.82","8.67","3.54","Dahari","Dahari"
"Comoros","2021","Anjouan Island","Pomoni","Mrojou","Reef flat","Partially Restricted","Community Reserve",NA,"-12.2440278","44.3556667","3","PIT","","Rock","0.44","0.68","0.28","Dahari","Dahari"
"Comoros","2021","Anjouan Island","Pomoni","Mrojou","Reef flat","Partially Restricted","Community Reserve",NA,"-12.2440278","44.3556667","3","PIT","","Sand","3.07","3.08","1.26","Dahari","Dahari"
"Comoros","2021","Anjouan Island","Pomoni","Mrojou","Reef flat","Partially Restricted","Community Reserve",NA,"-12.2440278","44.3556667","3","PIT","","Seagrass","0","0","0","Dahari","Dahari"
"Comoros","2021","Anjouan Island","Pomoni","Mrojou","Reef flat","Partially Restricted","Community Reserve",NA,"-12.2440278","44.3556667","3","PIT","","Recently dead coral","0","0","0","Dahari","Dahari"
"Comoros","2021","Anjouan Island","Pomoni","Mabamboni","Forereef","Partially Restricted","Community Reserve",NA,"-12.244921","44.329091","3","PIT","","Hard coral","29.61","8.06","3.29","Dahari","Dahari"
"Comoros","2021","Anjouan Island","Pomoni","Mabamboni","Forereef","Partially Restricted","Community Reserve",NA,"-12.244921","44.329091","3","PIT","","Other inverts","1.54","1.75","0.71","Dahari","Dahari"
"Comoros","2021","Anjouan Island","Pomoni","Mabamboni","Forereef","Partially Restricted","Community Reserve",NA,"-12.244921","44.329091","3","PIT","","Macro-algae","4.61","2.97","1.21","Dahari","Dahari"
"Comoros","2021","Anjouan Island","Pomoni","Mabamboni","Forereef","Partially Restricted","Community Reserve",NA,"-12.244921","44.329091","3","PIT","","Turf algae","29.61","7.88","3.22","Dahari","Dahari"
"Comoros","2021","Anjouan Island","Pomoni","Mabamboni","Forereef","Partially Restricted","Community Reserve",NA,"-12.244921","44.329091","3","PIT","","Halimeda","0","0","0","Dahari","Dahari"
"Comoros","2021","Anjouan Island","Pomoni","Mabamboni","Forereef","Partially Restricted","Community Reserve",NA,"-12.244921","44.329091","3","PIT","","Coralline algae","14.91","7.47","3.05","Dahari","Dahari"
"Comoros","2021","Anjouan Island","Pomoni","Mabamboni","Forereef","Partially Restricted","Community Reserve",NA,"-12.244921","44.329091","3","PIT","","Rubble","4.17","4.74","1.93","Dahari","Dahari"
"Comoros","2021","Anjouan Island","Pomoni","Mabamboni","Forereef","Partially Restricted","Community Reserve",NA,"-12.244921","44.329091","3","PIT","","Rock","13.38","10.37","4.24","Dahari","Dahari"
"Comoros","2021","Anjouan Island","Pomoni","Mabamboni","Forereef","Partially Restricted","Community Reserve",NA,"-12.244921","44.329091","3","PIT","","Sand","1.97","3.7","1.51","Dahari","Dahari"
"Comoros","2021","Anjouan Island","Pomoni","Mabamboni","Forereef","Partially Restricted","Community Reserve",NA,"-12.244921","44.329091","3","PIT","","Seagrass","0","0","0","Dahari","Dahari"
"Comoros","2021","Anjouan Island","Pomoni","Mabamboni","Forereef","Partially Restricted","Community Reserve",NA,"-12.244921","44.329091","3","PIT","","Recently dead coral","0.22","0.54","0.22","Dahari","Dahari"
"Comoros","2021","Anjouan Island","Pomoni","Dzindri Yantsini","Forereef","Partially Restricted","Community Reserve",NA,"-12.249128","44.350077","3","PIT","","Hard coral","51.1","7.42","3.03","Dahari","Dahari"
"Comoros","2021","Anjouan Island","Pomoni","Dzindri Yantsini","Forereef","Partially Restricted","Community Reserve",NA,"-12.249128","44.350077","3","PIT","","Other inverts","0.88","1.07","0.44","Dahari","Dahari"
"Comoros","2021","Anjouan Island","Pomoni","Dzindri Yantsini","Forereef","Partially Restricted","Community Reserve",NA,"-12.249128","44.350077","3","PIT","","Macro-algae","1.54","3.76","1.54","Dahari","Dahari"
"Comoros","2021","Anjouan Island","Pomoni","Dzindri Yantsini","Forereef","Partially Restricted","Community Reserve",NA,"-12.249128","44.350077","3","PIT","","Turf algae","13.38","6.83","2.79","Dahari","Dahari"
"Comoros","2021","Anjouan Island","Pomoni","Dzindri Yantsini","Forereef","Partially Restricted","Community Reserve",NA,"-12.249128","44.350077","3","PIT","","Halimeda","0","0","0","Dahari","Dahari"
"Comoros","2021","Anjouan Island","Pomoni","Dzindri Yantsini","Forereef","Partially Restricted","Community Reserve",NA,"-12.249128","44.350077","3","PIT","","Coralline algae","23.9","5.97","2.44","Dahari","Dahari"
"Comoros","2021","Anjouan Island","Pomoni","Dzindri Yantsini","Forereef","Partially Restricted","Community Reserve",NA,"-12.249128","44.350077","3","PIT","","Rubble","0.44","0.68","0.28","Dahari","Dahari"
"Comoros","2021","Anjouan Island","Pomoni","Dzindri Yantsini","Forereef","Partially Restricted","Community Reserve",NA,"-12.249128","44.350077","3","PIT","","Rock","8.11","4.2","1.71","Dahari","Dahari"
"Comoros","2021","Anjouan Island","Pomoni","Dzindri Yantsini","Forereef","Partially Restricted","Community Reserve",NA,"-12.249128","44.350077","3","PIT","","Sand","0.66","1.1","0.45","Dahari","Dahari"
"Comoros","2021","Anjouan Island","Pomoni","Dzindri Yantsini","Forereef","Partially Restricted","Community Reserve",NA,"-12.249128","44.350077","3","PIT","","Seagrass","0","0","0","Dahari","Dahari"
"Comoros","2021","Anjouan Island","Pomoni","Dzindri Yantsini","Forereef","Partially Restricted","Community Reserve",NA,"-12.249128","44.350077","3","PIT","","Recently dead coral","0","0","0","Dahari","Dahari"
"Comoros","2021","Anjouan Island","Pomoni","Hamare_02","Forereef","Partially Restricted","Community Reserve",NA,"-12.241253","44.333174","3","PIT","","Hard coral","60.53","4.71","1.92","Dahari","Dahari"
"Comoros","2021","Anjouan Island","Pomoni","Hamare_02","Forereef","Partially Restricted","Community Reserve",NA,"-12.241253","44.333174","3","PIT","","Other inverts","0.22","0.54","0.22","Dahari","Dahari"
"Comoros","2021","Anjouan Island","Pomoni","Hamare_02","Forereef","Partially Restricted","Community Reserve",NA,"-12.241253","44.333174","3","PIT","","Macro-algae","0.22","0.54","0.22","Dahari","Dahari"
"Comoros","2021","Anjouan Island","Pomoni","Hamare_02","Forereef","Partially Restricted","Community Reserve",NA,"-12.241253","44.333174","3","PIT","","Turf algae","16.45","9.55","3.9","Dahari","Dahari"
"Comoros","2021","Anjouan Island","Pomoni","Hamare_02","Forereef","Partially Restricted","Community Reserve",NA,"-12.241253","44.333174","3","PIT","","Halimeda","0","0","0","Dahari","Dahari"
"Comoros","2021","Anjouan Island","Pomoni","Hamare_02","Forereef","Partially Restricted","Community Reserve",NA,"-12.241253","44.333174","3","PIT","","Coralline algae","21.27","7.08","2.89","Dahari","Dahari"
"Comoros","2021","Anjouan Island","Pomoni","Hamare_02","Forereef","Partially Restricted","Community Reserve",NA,"-12.241253","44.333174","3","PIT","","Rubble","0.88","1.07","0.44","Dahari","Dahari"
"Comoros","2021","Anjouan Island","Pomoni","Hamare_02","Forereef","Partially Restricted","Community Reserve",NA,"-12.241253","44.333174","3","PIT","","Rock","0.22","0.54","0.22","Dahari","Dahari"
"Comoros","2021","Anjouan Island","Pomoni","Hamare_02","Forereef","Partially Restricted","Community Reserve",NA,"-12.241253","44.333174","3","PIT","","Sand","0","0","0","Dahari","Dahari"
"Comoros","2021","Anjouan Island","Pomoni","Hamare_02","Forereef","Partially Restricted","Community Reserve",NA,"-12.241253","44.333174","3","PIT","","Seagrass","0","0","0","Dahari","Dahari"
"Comoros","2021","Anjouan Island","Pomoni","Hamare_02","Forereef","Partially Restricted","Community Reserve",NA,"-12.241253","44.333174","3","PIT","","Recently dead coral","0.22","0.54","0.22","Dahari","Dahari"
"Comoros","2021","Anjouan Island","Moya","Mpoundri","Forereef","Partially restricted","Community Reserve",NA,"-12.303833","44.429467","3","PIT","","Hard coral","53.95","13.39","5.47","Dahari","Dahari"
"Comoros","2021","Anjouan Island","Moya","Mpoundri","Forereef","Partially restricted","Community Reserve",NA,"-12.303833","44.429467","3","PIT","","Other inverts","0","0","0","Dahari","Dahari"
"Comoros","2021","Anjouan Island","Moya","Mpoundri","Forereef","Partially restricted","Community Reserve",NA,"-12.303833","44.429467","3","PIT","","Macro-algae","3.07","3.87","1.58","Dahari","Dahari"
"Comoros","2021","Anjouan Island","Moya","Mpoundri","Forereef","Partially restricted","Community Reserve",NA,"-12.303833","44.429467","3","PIT","","Turf algae","17.98","7.52","3.07","Dahari","Dahari"
"Comoros","2021","Anjouan Island","Moya","Mpoundri","Forereef","Partially restricted","Community Reserve",NA,"-12.303833","44.429467","3","PIT","","Halimeda","0","0","0","Dahari","Dahari"
"Comoros","2021","Anjouan Island","Moya","Mpoundri","Forereef","Partially restricted","Community Reserve",NA,"-12.303833","44.429467","3","PIT","","Coralline algae","18.64","5.67","2.31","Dahari","Dahari"
"Comoros","2021","Anjouan Island","Moya","Mpoundri","Forereef","Partially restricted","Community Reserve",NA,"-12.303833","44.429467","3","PIT","","Rubble","2.85","1.94","0.79","Dahari","Dahari"
"Comoros","2021","Anjouan Island","Moya","Mpoundri","Forereef","Partially restricted","Community Reserve",NA,"-12.303833","44.429467","3","PIT","","Rock","0","0","0","Dahari","Dahari"
"Comoros","2021","Anjouan Island","Moya","Mpoundri","Forereef","Partially restricted","Community Reserve",NA,"-12.303833","44.429467","3","PIT","","Sand","3.51","5.98","2.44","Dahari","Dahari"
"Comoros","2021","Anjouan Island","Moya","Mpoundri","Forereef","Partially restricted","Community Reserve",NA,"-12.303833","44.429467","3","PIT","","Seagrass","0","0","0","Dahari","Dahari"
"Comoros","2021","Anjouan Island","Moya","Mpoundri","Forereef","Partially restricted","Community Reserve",NA,"-12.303833","44.429467","3","PIT","","Recently dead coral","0","0","0","Dahari","Dahari"
"Comoros","2021","Anjouan Island","Moya","Plage Moya","Forereef","Partially restricted","Community Reserve",NA,"-12.309783","44.430883","3","PIT","","Hard coral","57.14","10.9","4.45","Dahari","Dahari"
"Comoros","2021","Anjouan Island","Moya","Plage Moya","Forereef","Partially restricted","Community Reserve",NA,"-12.309783","44.430883","3","PIT","","Other inverts","0.66","1.1","0.45","Dahari","Dahari"
"Comoros","2021","Anjouan Island","Moya","Plage Moya","Forereef","Partially restricted","Community Reserve",NA,"-12.309783","44.430883","3","PIT","","Macro-algae","7.5","8.47","3.46","Dahari","Dahari"
"Comoros","2021","Anjouan Island","Moya","Plage Moya","Forereef","Partially restricted","Community Reserve",NA,"-12.309783","44.430883","3","PIT","","Turf algae","14.07","6.27","2.56","Dahari","Dahari"
"Comoros","2021","Anjouan Island","Moya","Plage Moya","Forereef","Partially restricted","Community Reserve",NA,"-12.309783","44.430883","3","PIT","","Halimeda","0","0","0","Dahari","Dahari"
"Comoros","2021","Anjouan Island","Moya","Plage Moya","Forereef","Partially restricted","Community Reserve",NA,"-12.309783","44.430883","3","PIT","","Coralline algae","15.58","9.92","4.05","Dahari","Dahari"
"Comoros","2021","Anjouan Island","Moya","Plage Moya","Forereef","Partially restricted","Community Reserve",NA,"-12.309783","44.430883","3","PIT","","Rubble","2.63","3.43","1.4","Dahari","Dahari"
"Comoros","2021","Anjouan Island","Moya","Plage Moya","Forereef","Partially restricted","Community Reserve",NA,"-12.309783","44.430883","3","PIT","","Rock","0","0","0","Dahari","Dahari"
"Comoros","2021","Anjouan Island","Moya","Plage Moya","Forereef","Partially restricted","Community Reserve",NA,"-12.309783","44.430883","3","PIT","","Sand","2.41","2.55","1.04","Dahari","Dahari"
"Comoros","2021","Anjouan Island","Moya","Plage Moya","Forereef","Partially restricted","Community Reserve",NA,"-12.309783","44.430883","3","PIT","","Seagrass","0","0","0","Dahari","Dahari"
"Comoros","2021","Anjouan Island","Moya","Plage Moya","Forereef","Partially restricted","Community Reserve",NA,"-12.309783","44.430883","3","PIT","","Recently dead coral","0","0","0","Dahari","Dahari"
"Comoros","2021","Anjouan Island","Moya","Mutsa Muhune","Reef flat","Partially restricted","Community Reserve",NA,"-12.318533","44.441917","3","PIT","","Hard coral","40.79","7.33","4.23","Dahari","Dahari"
"Comoros","2021","Anjouan Island","Moya","Mutsa Muhune","Reef flat","Partially restricted","Community Reserve",NA,"-12.318533","44.441917","3","PIT","","Other inverts","0.44","0.76","0.44","Dahari","Dahari"
"Comoros","2021","Anjouan Island","Moya","Mutsa Muhune","Reef flat","Partially restricted","Community Reserve",NA,"-12.318533","44.441917","3","PIT","","Macro-algae","22.37","1.32","0.76","Dahari","Dahari"
"Comoros","2021","Anjouan Island","Moya","Mutsa Muhune","Reef flat","Partially restricted","Community Reserve",NA,"-12.318533","44.441917","3","PIT","","Turf algae","23.68","2.28","1.32","Dahari","Dahari"
"Comoros","2021","Anjouan Island","Moya","Mutsa Muhune","Reef flat","Partially restricted","Community Reserve",NA,"-12.318533","44.441917","3","PIT","","Halimeda","0","0","0","Dahari","Dahari"
"Comoros","2021","Anjouan Island","Moya","Mutsa Muhune","Reef flat","Partially restricted","Community Reserve",NA,"-12.318533","44.441917","3","PIT","","Coralline algae","7.02","2.74","1.58","Dahari","Dahari"
"Comoros","2021","Anjouan Island","Moya","Mutsa Muhune","Reef flat","Partially restricted","Community Reserve",NA,"-12.318533","44.441917","3","PIT","","Rubble","1.75","3.04","1.75","Dahari","Dahari"
"Comoros","2021","Anjouan Island","Moya","Mutsa Muhune","Reef flat","Partially restricted","Community Reserve",NA,"-12.318533","44.441917","3","PIT","","Rock","0","0","0","Dahari","Dahari"
"Comoros","2021","Anjouan Island","Moya","Mutsa Muhune","Reef flat","Partially restricted","Community Reserve",NA,"-12.318533","44.441917","3","PIT","","Sand","3.95","3.48","2.01","Dahari","Dahari"
"Comoros","2021","Anjouan Island","Moya","Mutsa Muhune","Reef flat","Partially restricted","Community Reserve",NA,"-12.318533","44.441917","3","PIT","","Seagrass","0","0","0","Dahari","Dahari"
"Comoros","2021","Anjouan Island","Moya","Mutsa Muhune","Reef flat","Partially restricted","Community Reserve",NA,"-12.318533","44.441917","3","PIT","","Recently dead coral","0","0","0","Dahari","Dahari"
"Comoros","2021","Anjouan Island","Moya","Nkohani Shindrini","Forereef","Partially restricted","Community Reserve",NA,"-12.318067","44.448317","3","PIT","","Hard coral","71.8","4.07","2.35","Dahari","Dahari"
"Comoros","2021","Anjouan Island","Moya","Nkohani Shindrini","Forereef","Partially restricted","Community Reserve",NA,"-12.318067","44.448317","3","PIT","","Other inverts","0.44","0.77","0.44","Dahari","Dahari"
"Comoros","2021","Anjouan Island","Moya","Nkohani Shindrini","Forereef","Partially restricted","Community Reserve",NA,"-12.318067","44.448317","3","PIT","","Macro-algae","1.33","1.33","0.77","Dahari","Dahari"
"Comoros","2021","Anjouan Island","Moya","Nkohani Shindrini","Forereef","Partially restricted","Community Reserve",NA,"-12.318067","44.448317","3","PIT","","Turf algae","10.13","5.31","3.06","Dahari","Dahari"
"Comoros","2021","Anjouan Island","Moya","Nkohani Shindrini","Forereef","Partially restricted","Community Reserve",NA,"-12.318067","44.448317","3","PIT","","Halimeda","0","0","0","Dahari","Dahari"
"Comoros","2021","Anjouan Island","Moya","Nkohani Shindrini","Forereef","Partially restricted","Community Reserve",NA,"-12.318067","44.448317","3","PIT","","Coralline algae","14.98","0.71","0.41","Dahari","Dahari"
"Comoros","2021","Anjouan Island","Moya","Nkohani Shindrini","Forereef","Partially restricted","Community Reserve",NA,"-12.318067","44.448317","3","PIT","","Rubble","0","0","0","Dahari","Dahari"
"Comoros","2021","Anjouan Island","Moya","Nkohani Shindrini","Forereef","Partially restricted","Community Reserve",NA,"-12.318067","44.448317","3","PIT","","Rock","0","0","0","Dahari","Dahari"
"Comoros","2021","Anjouan Island","Moya","Nkohani Shindrini","Forereef","Partially restricted","Community Reserve",NA,"-12.318067","44.448317","3","PIT","","Sand","1.32","1.32","0.76","Dahari","Dahari"
"Comoros","2021","Anjouan Island","Moya","Nkohani Shindrini","Forereef","Partially restricted","Community Reserve",NA,"-12.318067","44.448317","3","PIT","","Seagrass","0","0","0","Dahari","Dahari"
"Comoros","2021","Anjouan Island","Moya","Nkohani Shindrini","Forereef","Partially restricted","Community Reserve",NA,"-12.318067","44.448317","3","PIT","","Recently dead coral","0","0","0","Dahari","Dahari"
"Comoros","2022","Anjouan Island","Pomoni","Hamare_01","Reef flat","Partially Restricted","Community Reserve",NA,"-12.240493","44.334006","5","PIT","","Hard coral","47.84","21.55","9.64","Dahari","Dahari"
"Comoros","2022","Anjouan Island","Pomoni","Hamare_01","Reef flat","Partially Restricted","Community Reserve",NA,"-12.240493","44.334006","5","PIT","","Other inverts","0","0","0","Dahari","Dahari"
"Comoros","2022","Anjouan Island","Pomoni","Hamare_01","Reef flat","Partially Restricted","Community Reserve",NA,"-12.240493","44.334006","5","PIT","","Macro-algae","19.22","16.43","7.35","Dahari","Dahari"
"Comoros","2022","Anjouan Island","Pomoni","Hamare_01","Reef flat","Partially Restricted","Community Reserve",NA,"-12.240493","44.334006","5","PIT","","Turf algae","11.76","10.83","4.84","Dahari","Dahari"
"Comoros","2022","Anjouan Island","Pomoni","Hamare_01","Reef flat","Partially Restricted","Community Reserve",NA,"-12.240493","44.334006","5","PIT","","Halimeda","0","0","0","Dahari","Dahari"
"Comoros","2022","Anjouan Island","Pomoni","Hamare_01","Reef flat","Partially Restricted","Community Reserve",NA,"-12.240493","44.334006","5","PIT","","Coralline algae","10.2","6.85","3.06","Dahari","Dahari"
"Comoros","2022","Anjouan Island","Pomoni","Hamare_01","Reef flat","Partially Restricted","Community Reserve",NA,"-12.240493","44.334006","5","PIT","","Rubble","10.98","10.97","4.91","Dahari","Dahari"
"Comoros","2022","Anjouan Island","Pomoni","Hamare_01","Reef flat","Partially Restricted","Community Reserve",NA,"-12.240493","44.334006","5","PIT","","Rock","0","0","0","Dahari","Dahari"
"Comoros","2022","Anjouan Island","Pomoni","Hamare_01","Reef flat","Partially Restricted","Community Reserve",NA,"-12.240493","44.334006","5","PIT","","Sand","0","0","0","Dahari","Dahari"
"Comoros","2022","Anjouan Island","Pomoni","Hamare_01","Reef flat","Partially Restricted","Community Reserve",NA,"-12.240493","44.334006","5","PIT","","Seagrass","0","0","0","Dahari","Dahari"
"Comoros","2022","Anjouan Island","Pomoni","Hamare_01","Reef flat","Partially Restricted","Community Reserve",NA,"-12.240493","44.334006","5","PIT","","Recently dead coral","0","0","0","Dahari","Dahari"
"Comoros","2022","Anjouan Island","Pomoni","Hamare_02","Forereef","Partially Restricted","Community Reserve",NA,"-12.241253","44.333174","5","PIT","","Hard coral","63.14","14.89","6.66","Dahari","Dahari"
"Comoros","2022","Anjouan Island","Pomoni","Hamare_02","Forereef","Partially Restricted","Community Reserve",NA,"-12.241253","44.333174","5","PIT","","Other inverts","0.39","0.88","0.39","Dahari","Dahari"
"Comoros","2022","Anjouan Island","Pomoni","Hamare_02","Forereef","Partially Restricted","Community Reserve",NA,"-12.241253","44.333174","5","PIT","","Macro-algae","0.78","1.75","0.78","Dahari","Dahari"
"Comoros","2022","Anjouan Island","Pomoni","Hamare_02","Forereef","Partially Restricted","Community Reserve",NA,"-12.241253","44.333174","5","PIT","","Turf algae","15.69","10.56","4.72","Dahari","Dahari"
"Comoros","2022","Anjouan Island","Pomoni","Hamare_02","Forereef","Partially Restricted","Community Reserve",NA,"-12.241253","44.333174","5","PIT","","Halimeda","0","0","0","Dahari","Dahari"
"Comoros","2022","Anjouan Island","Pomoni","Hamare_02","Forereef","Partially Restricted","Community Reserve",NA,"-12.241253","44.333174","5","PIT","","Coralline algae","17.65","5","2.24","Dahari","Dahari"
"Comoros","2022","Anjouan Island","Pomoni","Hamare_02","Forereef","Partially Restricted","Community Reserve",NA,"-12.241253","44.333174","5","PIT","","Rubble","2.35","5.26","2.35","Dahari","Dahari"
"Comoros","2022","Anjouan Island","Pomoni","Hamare_02","Forereef","Partially Restricted","Community Reserve",NA,"-12.241253","44.333174","5","PIT","","Rock","0","0","0","Dahari","Dahari"
"Comoros","2022","Anjouan Island","Pomoni","Hamare_02","Forereef","Partially Restricted","Community Reserve",NA,"-12.241253","44.333174","5","PIT","","Sand","0","0","0","Dahari","Dahari"
"Comoros","2022","Anjouan Island","Pomoni","Hamare_02","Forereef","Partially Restricted","Community Reserve",NA,"-12.241253","44.333174","5","PIT","","Seagrass","0","0","0","Dahari","Dahari"
"Comoros","2022","Anjouan Island","Pomoni","Hamare_02","Forereef","Partially Restricted","Community Reserve",NA,"-12.241253","44.333174","5","PIT","","Recently dead coral","0","0","0","Dahari","Dahari"
"Comoros","2022","Anjouan Island","Pomoni","Dzindri Yantsini","Forereef","Partially Restricted","Community Reserve",NA,"-12.249128","44.350077","5","PIT","","Hard coral","65.88","4.92","2.2","Dahari","Dahari"
"Comoros","2022","Anjouan Island","Pomoni","Dzindri Yantsini","Forereef","Partially Restricted","Community Reserve",NA,"-12.249128","44.350077","5","PIT","","Other inverts","0","0","0","Dahari","Dahari"
"Comoros","2022","Anjouan Island","Pomoni","Dzindri Yantsini","Forereef","Partially Restricted","Community Reserve",NA,"-12.249128","44.350077","5","PIT","","Macro-algae","6.27","5.44","2.43","Dahari","Dahari"
"Comoros","2022","Anjouan Island","Pomoni","Dzindri Yantsini","Forereef","Partially Restricted","Community Reserve",NA,"-12.249128","44.350077","5","PIT","","Turf algae","11.76","8.2","3.67","Dahari","Dahari"
"Comoros","2022","Anjouan Island","Pomoni","Dzindri Yantsini","Forereef","Partially Restricted","Community Reserve",NA,"-12.249128","44.350077","5","PIT","","Halimeda","0","0","0","Dahari","Dahari"
"Comoros","2022","Anjouan Island","Pomoni","Dzindri Yantsini","Forereef","Partially Restricted","Community Reserve",NA,"-12.249128","44.350077","5","PIT","","Coralline algae","14.51","2.97","1.33","Dahari","Dahari"
"Comoros","2022","Anjouan Island","Pomoni","Dzindri Yantsini","Forereef","Partially Restricted","Community Reserve",NA,"-12.249128","44.350077","5","PIT","","Rubble","0.78","1.07","0.48","Dahari","Dahari"
"Comoros","2022","Anjouan Island","Pomoni","Dzindri Yantsini","Forereef","Partially Restricted","Community Reserve",NA,"-12.249128","44.350077","5","PIT","","Rock","0","0","0","Dahari","Dahari"
"Comoros","2022","Anjouan Island","Pomoni","Dzindri Yantsini","Forereef","Partially Restricted","Community Reserve",NA,"-12.249128","44.350077","5","PIT","","Sand","0.78","1.07","0.48","Dahari","Dahari"
"Comoros","2022","Anjouan Island","Pomoni","Dzindri Yantsini","Forereef","Partially Restricted","Community Reserve",NA,"-12.249128","44.350077","5","PIT","","Seagrass","0","0","0","Dahari","Dahari"
"Comoros","2022","Anjouan Island","Pomoni","Dzindri Yantsini","Forereef","Partially Restricted","Community Reserve",NA,"-12.249128","44.350077","5","PIT","","Recently dead coral","0","0","0","Dahari","Dahari"
"Comoros","2022","Anjouan Island","Pomoni","Mrojou","Reef flat","Partially Restricted","Community Reserve",NA,"-12.2440278","44.3556667","5","PIT","","Hard coral","35.69","12.28","5.49","Dahari","Dahari"
"Comoros","2022","Anjouan Island","Pomoni","Mrojou","Reef flat","Partially Restricted","Community Reserve",NA,"-12.2440278","44.3556667","5","PIT","","Other inverts","0.39","0.88","0.39","Dahari","Dahari"
"Comoros","2022","Anjouan Island","Pomoni","Mrojou","Reef flat","Partially Restricted","Community Reserve",NA,"-12.2440278","44.3556667","5","PIT","","Macro-algae","19.22","15.71","7.03","Dahari","Dahari"
"Comoros","2022","Anjouan Island","Pomoni","Mrojou","Reef flat","Partially Restricted","Community Reserve",NA,"-12.2440278","44.3556667","5","PIT","","Turf algae","18.04","5.08","2.27","Dahari","Dahari"
"Comoros","2022","Anjouan Island","Pomoni","Mrojou","Reef flat","Partially Restricted","Community Reserve",NA,"-12.2440278","44.3556667","5","PIT","","Halimeda","0","0","0","Dahari","Dahari"
"Comoros","2022","Anjouan Island","Pomoni","Mrojou","Reef flat","Partially Restricted","Community Reserve",NA,"-12.2440278","44.3556667","5","PIT","","Coralline algae","23.53","7.47","3.34","Dahari","Dahari"
"Comoros","2022","Anjouan Island","Pomoni","Mrojou","Reef flat","Partially Restricted","Community Reserve",NA,"-12.2440278","44.3556667","5","PIT","","Rubble","0","0","0","Dahari","Dahari"
"Comoros","2022","Anjouan Island","Pomoni","Mrojou","Reef flat","Partially Restricted","Community Reserve",NA,"-12.2440278","44.3556667","5","PIT","","Rock","0","0","0","Dahari","Dahari"
"Comoros","2022","Anjouan Island","Pomoni","Mrojou","Reef flat","Partially Restricted","Community Reserve",NA,"-12.2440278","44.3556667","5","PIT","","Sand","3.14","1.75","0.78","Dahari","Dahari"
"Comoros","2022","Anjouan Island","Pomoni","Mrojou","Reef flat","Partially Restricted","Community Reserve",NA,"-12.2440278","44.3556667","5","PIT","","Seagrass","0","0","0","Dahari","Dahari"
"Comoros","2022","Anjouan Island","Pomoni","Mrojou","Reef flat","Partially Restricted","Community Reserve",NA,"-12.2440278","44.3556667","5","PIT","","Recently dead coral","0","0","0","Dahari","Dahari"
"Comoros","2022","Anjouan Island","Pomoni","Mabamboni","Forereef","Partially Restricted","Community Reserve",NA,"-12.244921","44.329091","3","PIT","","Hard coral","45.75","6.89","3.98","Dahari","Dahari"
"Comoros","2022","Anjouan Island","Pomoni","Mabamboni","Forereef","Partially Restricted","Community Reserve",NA,"-12.244921","44.329091","3","PIT","","Other inverts","1.31","2.26","1.31","Dahari","Dahari"
"Comoros","2022","Anjouan Island","Pomoni","Mabamboni","Forereef","Partially Restricted","Community Reserve",NA,"-12.244921","44.329091","3","PIT","","Macro-algae","7.84","5.88","3.4","Dahari","Dahari"
"Comoros","2022","Anjouan Island","Pomoni","Mabamboni","Forereef","Partially Restricted","Community Reserve",NA,"-12.244921","44.329091","3","PIT","","Turf algae","30.07","7.42","4.29","Dahari","Dahari"
"Comoros","2022","Anjouan Island","Pomoni","Mabamboni","Forereef","Partially Restricted","Community Reserve",NA,"-12.244921","44.329091","3","PIT","","Halimeda","0","0","0","Dahari","Dahari"
"Comoros","2022","Anjouan Island","Pomoni","Mabamboni","Forereef","Partially Restricted","Community Reserve",NA,"-12.244921","44.329091","3","PIT","","Coralline algae","10.46","4.08","2.36","Dahari","Dahari"
"Comoros","2022","Anjouan Island","Pomoni","Mabamboni","Forereef","Partially Restricted","Community Reserve",NA,"-12.244921","44.329091","3","PIT","","Rubble","0","0","0","Dahari","Dahari"
"Comoros","2022","Anjouan Island","Pomoni","Mabamboni","Forereef","Partially Restricted","Community Reserve",NA,"-12.244921","44.329091","3","PIT","","Rock","0","0","0","Dahari","Dahari"
"Comoros","2022","Anjouan Island","Pomoni","Mabamboni","Forereef","Partially Restricted","Community Reserve",NA,"-12.244921","44.329091","3","PIT","","Sand","4.58","4.93","2.85","Dahari","Dahari"
"Comoros","2022","Anjouan Island","Pomoni","Mabamboni","Forereef","Partially Restricted","Community Reserve",NA,"-12.244921","44.329091","3","PIT","","Seagrass","0","0","0","Dahari","Dahari"
"Comoros","2022","Anjouan Island","Pomoni","Mabamboni","Forereef","Partially Restricted","Community Reserve",NA,"-12.244921","44.329091","3","PIT","","Recently dead coral","0","0","0","Dahari","Dahari"
"Comoros","2022","Anjouan Island","Moya","Mpoundri","Forereef","Partially restricted","Community Reserve",NA,"-12.303833","44.429467","5","PIT","","Hard coral","82.75","8.92","3.99","Dahari","Dahari"
"Comoros","2022","Anjouan Island","Moya","Mpoundri","Forereef","Partially restricted","Community Reserve",NA,"-12.303833","44.429467","5","PIT","","Other inverts","0","0","0","Dahari","Dahari"
"Comoros","2022","Anjouan Island","Moya","Mpoundri","Forereef","Partially restricted","Community Reserve",NA,"-12.303833","44.429467","5","PIT","","Macro-algae","2.35","5.26","2.35","Dahari","Dahari"
"Comoros","2022","Anjouan Island","Moya","Mpoundri","Forereef","Partially restricted","Community Reserve",NA,"-12.303833","44.429467","5","PIT","","Turf algae","9.02","7.54","3.37","Dahari","Dahari"
"Comoros","2022","Anjouan Island","Moya","Mpoundri","Forereef","Partially restricted","Community Reserve",NA,"-12.303833","44.429467","5","PIT","","Halimeda","0","0","0","Dahari","Dahari"
"Comoros","2022","Anjouan Island","Moya","Mpoundri","Forereef","Partially restricted","Community Reserve",NA,"-12.303833","44.429467","5","PIT","","Coralline algae","5.88","4.6","2.06","Dahari","Dahari"
"Comoros","2022","Anjouan Island","Moya","Mpoundri","Forereef","Partially restricted","Community Reserve",NA,"-12.303833","44.429467","5","PIT","","Rubble","0","0","0","Dahari","Dahari"
"Comoros","2022","Anjouan Island","Moya","Mpoundri","Forereef","Partially restricted","Community Reserve",NA,"-12.303833","44.429467","5","PIT","","Rock","0","0","0","Dahari","Dahari"
"Comoros","2022","Anjouan Island","Moya","Mpoundri","Forereef","Partially restricted","Community Reserve",NA,"-12.303833","44.429467","5","PIT","","Sand","0","0","0","Dahari","Dahari"
"Comoros","2022","Anjouan Island","Moya","Mpoundri","Forereef","Partially restricted","Community Reserve",NA,"-12.303833","44.429467","5","PIT","","Seagrass","0","0","0","Dahari","Dahari"
"Comoros","2022","Anjouan Island","Moya","Mpoundri","Forereef","Partially restricted","Community Reserve",NA,"-12.303833","44.429467","5","PIT","","Recently dead coral","0","0","0","Dahari","Dahari"
"Comoros","2022","Anjouan Island","Moya","Plage Moya","Reef flat","Partially restricted","Community Reserve",NA,"-12.31175","44.4328","5","PIT","","Hard coral","66.86","18.86","5.96","Dahari","Dahari"
"Comoros","2022","Anjouan Island","Moya","Plage Moya","Reef flat","Partially restricted","Community Reserve",NA,"-12.31175","44.4328","5","PIT","","Other inverts","0.2","0.62","0.2","Dahari","Dahari"
"Comoros","2022","Anjouan Island","Moya","Plage Moya","Reef flat","Partially restricted","Community Reserve",NA,"-12.31175","44.4328","5","PIT","","Macro-algae","7.84","8.52","2.69","Dahari","Dahari"
"Comoros","2022","Anjouan Island","Moya","Plage Moya","Reef flat","Partially restricted","Community Reserve",NA,"-12.31175","44.4328","5","PIT","","Turf algae","13.92","11.34","3.59","Dahari","Dahari"
"Comoros","2022","Anjouan Island","Moya","Plage Moya","Reef flat","Partially restricted","Community Reserve",NA,"-12.31175","44.4328","5","PIT","","Halimeda","0","0","0","Dahari","Dahari"
"Comoros","2022","Anjouan Island","Moya","Plage Moya","Reef flat","Partially restricted","Community Reserve",NA,"-12.31175","44.4328","5","PIT","","Coralline algae","8.04","6.23","1.97","Dahari","Dahari"
"Comoros","2022","Anjouan Island","Moya","Plage Moya","Reef flat","Partially restricted","Community Reserve",NA,"-12.31175","44.4328","5","PIT","","Rubble","2.75","4.45","1.41","Dahari","Dahari"
"Comoros","2022","Anjouan Island","Moya","Plage Moya","Reef flat","Partially restricted","Community Reserve",NA,"-12.31175","44.4328","5","PIT","","Rock","0","0","0","Dahari","Dahari"
"Comoros","2022","Anjouan Island","Moya","Plage Moya","Reef flat","Partially restricted","Community Reserve",NA,"-12.31175","44.4328","5","PIT","","Sand","0.39","0.83","0.26","Dahari","Dahari"
"Comoros","2022","Anjouan Island","Moya","Plage Moya","Reef flat","Partially restricted","Community Reserve",NA,"-12.31175","44.4328","5","PIT","","Seagrass","0","0","0","Dahari","Dahari"
"Comoros","2022","Anjouan Island","Moya","Plage Moya","Reef flat","Partially restricted","Community Reserve",NA,"-12.31175","44.4328","5","PIT","","Recently dead coral","0","0","0","Dahari","Dahari"
"Comoros","2022","Anjouan Island","Moya","Mutsa Muhune","Reef flat","Partially restricted","Community Reserve",NA,"-12.318533","44.441917","5","PIT","","Hard coral","40","12.9","5.77","Dahari","Dahari"
"Comoros","2022","Anjouan Island","Moya","Mutsa Muhune","Reef flat","Partially restricted","Community Reserve",NA,"-12.318533","44.441917","5","PIT","","Other inverts","0.78","1.75","0.78","Dahari","Dahari"
"Comoros","2022","Anjouan Island","Moya","Mutsa Muhune","Reef flat","Partially restricted","Community Reserve",NA,"-12.318533","44.441917","5","PIT","","Macro-algae","33.73","5.44","2.43","Dahari","Dahari"
"Comoros","2022","Anjouan Island","Moya","Mutsa Muhune","Reef flat","Partially restricted","Community Reserve",NA,"-12.318533","44.441917","5","PIT","","Turf algae","17.65","1.39","0.62","Dahari","Dahari"
"Comoros","2022","Anjouan Island","Moya","Mutsa Muhune","Reef flat","Partially restricted","Community Reserve",NA,"-12.318533","44.441917","5","PIT","","Halimeda","0","0","0","Dahari","Dahari"
"Comoros","2022","Anjouan Island","Moya","Mutsa Muhune","Reef flat","Partially restricted","Community Reserve",NA,"-12.318533","44.441917","5","PIT","","Coralline algae","1.96","1.39","0.62","Dahari","Dahari"
"Comoros","2022","Anjouan Island","Moya","Mutsa Muhune","Reef flat","Partially restricted","Community Reserve",NA,"-12.318533","44.441917","5","PIT","","Rubble","5.88","7.72","3.45","Dahari","Dahari"
"Comoros","2022","Anjouan Island","Moya","Mutsa Muhune","Reef flat","Partially restricted","Community Reserve",NA,"-12.318533","44.441917","5","PIT","","Rock","0","0","0","Dahari","Dahari"
"Comoros","2022","Anjouan Island","Moya","Mutsa Muhune","Reef flat","Partially restricted","Community Reserve",NA,"-12.318533","44.441917","5","PIT","","Sand","0","0","0","Dahari","Dahari"
"Comoros","2022","Anjouan Island","Moya","Mutsa Muhune","Reef flat","Partially restricted","Community Reserve",NA,"-12.318533","44.441917","5","PIT","","Seagrass","0","0","0","Dahari","Dahari"
"Comoros","2022","Anjouan Island","Moya","Mutsa Muhune","Reef flat","Partially restricted","Community Reserve",NA,"-12.318533","44.441917","5","PIT","","Recently dead coral","0","0","0","Dahari","Dahari"
"Comoros","2022","Anjouan Island","Moya","Nkohani Shindrini","Forereef","Partially restricted","Community Reserve",NA,"-12.318067","44.448317","5","PIT","","Hard coral","71.76","2.97","1.33","Dahari","Dahari"
"Comoros","2022","Anjouan Island","Moya","Nkohani Shindrini","Forereef","Partially restricted","Community Reserve",NA,"-12.318067","44.448317","5","PIT","","Other inverts","0.39","0.88","0.39","Dahari","Dahari"
"Comoros","2022","Anjouan Island","Moya","Nkohani Shindrini","Forereef","Partially restricted","Community Reserve",NA,"-12.318067","44.448317","5","PIT","","Macro-algae","1.96","1.39","0.62","Dahari","Dahari"
"Comoros","2022","Anjouan Island","Moya","Nkohani Shindrini","Forereef","Partially restricted","Community Reserve",NA,"-12.318067","44.448317","5","PIT","","Turf algae","10.2","6.99","3.12","Dahari","Dahari"
"Comoros","2022","Anjouan Island","Moya","Nkohani Shindrini","Forereef","Partially restricted","Community Reserve",NA,"-12.318067","44.448317","5","PIT","","Halimeda","0","0","0","Dahari","Dahari"
"Comoros","2022","Anjouan Island","Moya","Nkohani Shindrini","Forereef","Partially restricted","Community Reserve",NA,"-12.318067","44.448317","5","PIT","","Coralline algae","14.51","4.72","2.11","Dahari","Dahari"
"Comoros","2022","Anjouan Island","Moya","Nkohani Shindrini","Forereef","Partially restricted","Community Reserve",NA,"-12.318067","44.448317","5","PIT","","Rubble","0","0","0","Dahari","Dahari"
"Comoros","2022","Anjouan Island","Moya","Nkohani Shindrini","Forereef","Partially restricted","Community Reserve",NA,"-12.318067","44.448317","5","PIT","","Rock","0","0","0","Dahari","Dahari"
"Comoros","2022","Anjouan Island","Moya","Nkohani Shindrini","Forereef","Partially restricted","Community Reserve",NA,"-12.318067","44.448317","5","PIT","","Sand","1.18","1.75","0.78","Dahari","Dahari"
"Comoros","2022","Anjouan Island","Moya","Nkohani Shindrini","Forereef","Partially restricted","Community Reserve",NA,"-12.318067","44.448317","5","PIT","","Seagrass","0","0","0","Dahari","Dahari"
"Comoros","2022","Anjouan Island","Moya","Nkohani Shindrini","Forereef","Partially restricted","Community Reserve",NA,"-12.318067","44.448317","5","PIT","","Recently dead coral","0","0","0","Dahari","Dahari"
"Comoros","2023","Anjouan Island","Pomoni","Dzindri Yantsini","Forereef","Partially Restricted","Community Reserve",NA,"-12.249128","44.350077","5","PIT","","Hard coral","70.2","5.61","2.51","Dahari","Dahari"
"Comoros","2023","Anjouan Island","Pomoni","Dzindri Yantsini","Forereef","Partially Restricted","Community Reserve",NA,"-12.249128","44.350077","5","PIT","","Other inverts","1.18","2.63","1.18","Dahari","Dahari"
"Comoros","2023","Anjouan Island","Pomoni","Dzindri Yantsini","Forereef","Partially Restricted","Community Reserve",NA,"-12.249128","44.350077","5","PIT","","Macro-algae","8.63","2.63","1.18","Dahari","Dahari"
"Comoros","2023","Anjouan Island","Pomoni","Dzindri Yantsini","Forereef","Partially Restricted","Community Reserve",NA,"-12.249128","44.350077","5","PIT","","Turf algae","5.88","0","0","Dahari","Dahari"
"Comoros","2023","Anjouan Island","Pomoni","Dzindri Yantsini","Forereef","Partially Restricted","Community Reserve",NA,"-12.249128","44.350077","5","PIT","","Halimeda","0","0","0","Dahari","Dahari"
"Comoros","2023","Anjouan Island","Pomoni","Dzindri Yantsini","Forereef","Partially Restricted","Community Reserve",NA,"-12.249128","44.350077","5","PIT","","Coralline algae","12.94","5.3","2.37","Dahari","Dahari"
"Comoros","2023","Anjouan Island","Pomoni","Dzindri Yantsini","Forereef","Partially Restricted","Community Reserve",NA,"-12.249128","44.350077","5","PIT","","Rubble","0.78","1.75","0.78","Dahari","Dahari"
"Comoros","2023","Anjouan Island","Pomoni","Dzindri Yantsini","Forereef","Partially Restricted","Community Reserve",NA,"-12.249128","44.350077","5","PIT","","Rock","0.39","0.88","0.39","Dahari","Dahari"
"Comoros","2023","Anjouan Island","Pomoni","Dzindri Yantsini","Forereef","Partially Restricted","Community Reserve",NA,"-12.249128","44.350077","5","PIT","","Sand","0","0","0","Dahari","Dahari"
"Comoros","2023","Anjouan Island","Pomoni","Dzindri Yantsini","Forereef","Partially Restricted","Community Reserve",NA,"-12.249128","44.350077","5","PIT","","Seagrass","0","0","0","Dahari","Dahari"
"Comoros","2023","Anjouan Island","Pomoni","Dzindri Yantsini","Forereef","Partially Restricted","Community Reserve",NA,"-12.249128","44.350077","5","PIT","","Recently dead coral","0","0","0","Dahari","Dahari"
"Comoros","2023","Anjouan Island","Pomoni","Hamare_01","Reef flat","Partially Restricted","Community Reserve",NA,"-12.240493","44.334006","5","PIT","","Hard coral","55.29","13.47","6.02","Dahari","Dahari"
"Comoros","2023","Anjouan Island","Pomoni","Hamare_01","Reef flat","Partially Restricted","Community Reserve",NA,"-12.240493","44.334006","5","PIT","","Other inverts","0","0","0","Dahari","Dahari"
"Comoros","2023","Anjouan Island","Pomoni","Hamare_01","Reef flat","Partially Restricted","Community Reserve",NA,"-12.240493","44.334006","5","PIT","","Macro-algae","12.16","3.22","1.44","Dahari","Dahari"
"Comoros","2023","Anjouan Island","Pomoni","Hamare_01","Reef flat","Partially Restricted","Community Reserve",NA,"-12.240493","44.334006","5","PIT","","Turf algae","12.55","10.88","4.87","Dahari","Dahari"
"Comoros","2023","Anjouan Island","Pomoni","Hamare_01","Reef flat","Partially Restricted","Community Reserve",NA,"-12.240493","44.334006","5","PIT","","Halimeda","0","0","0","Dahari","Dahari"
"Comoros","2023","Anjouan Island","Pomoni","Hamare_01","Reef flat","Partially Restricted","Community Reserve",NA,"-12.240493","44.334006","5","PIT","","Coralline algae","5.1","5.3","2.37","Dahari","Dahari"
"Comoros","2023","Anjouan Island","Pomoni","Hamare_01","Reef flat","Partially Restricted","Community Reserve",NA,"-12.240493","44.334006","5","PIT","","Rubble","14.51","10.43","4.66","Dahari","Dahari"
"Comoros","2023","Anjouan Island","Pomoni","Hamare_01","Reef flat","Partially Restricted","Community Reserve",NA,"-12.240493","44.334006","5","PIT","","Rock","0.39","0.88","0.39","Dahari","Dahari"
"Comoros","2023","Anjouan Island","Pomoni","Hamare_01","Reef flat","Partially Restricted","Community Reserve",NA,"-12.240493","44.334006","5","PIT","","Sand","0","0","0","Dahari","Dahari"
"Comoros","2023","Anjouan Island","Pomoni","Hamare_01","Reef flat","Partially Restricted","Community Reserve",NA,"-12.240493","44.334006","5","PIT","","Seagrass","0","0","0","Dahari","Dahari"
"Comoros","2023","Anjouan Island","Pomoni","Hamare_01","Reef flat","Partially Restricted","Community Reserve",NA,"-12.240493","44.334006","5","PIT","","Recently dead coral","0","0","0","Dahari","Dahari"
"Comoros","2023","Anjouan Island","Pomoni","Mrojou","Reef flat","Partially Restricted","Community Reserve",NA,"-12.2440278","44.3556667","5","PIT","","Hard coral","37.65","6.41","2.87","Dahari","Dahari"
"Comoros","2023","Anjouan Island","Pomoni","Mrojou","Reef flat","Partially Restricted","Community Reserve",NA,"-12.2440278","44.3556667","5","PIT","","Other inverts","0","0","0","Dahari","Dahari"
"Comoros","2023","Anjouan Island","Pomoni","Mrojou","Reef flat","Partially Restricted","Community Reserve",NA,"-12.2440278","44.3556667","5","PIT","","Macro-algae","21.18","6.71","3","Dahari","Dahari"
"Comoros","2023","Anjouan Island","Pomoni","Mrojou","Reef flat","Partially Restricted","Community Reserve",NA,"-12.2440278","44.3556667","5","PIT","","Turf algae","15.69","2.77","1.24","Dahari","Dahari"
"Comoros","2023","Anjouan Island","Pomoni","Mrojou","Reef flat","Partially Restricted","Community Reserve",NA,"-12.2440278","44.3556667","5","PIT","","Halimeda","0","0","0","Dahari","Dahari"
"Comoros","2023","Anjouan Island","Pomoni","Mrojou","Reef flat","Partially Restricted","Community Reserve",NA,"-12.2440278","44.3556667","5","PIT","","Coralline algae","15.29","7.77","3.47","Dahari","Dahari"
"Comoros","2023","Anjouan Island","Pomoni","Mrojou","Reef flat","Partially Restricted","Community Reserve",NA,"-12.2440278","44.3556667","5","PIT","","Rubble","3.92","3.92","1.75","Dahari","Dahari"
"Comoros","2023","Anjouan Island","Pomoni","Mrojou","Reef flat","Partially Restricted","Community Reserve",NA,"-12.2440278","44.3556667","5","PIT","","Rock","5.1","5.11","2.29","Dahari","Dahari"
"Comoros","2023","Anjouan Island","Pomoni","Mrojou","Reef flat","Partially Restricted","Community Reserve",NA,"-12.2440278","44.3556667","5","PIT","","Sand","1.18","1.07","0.48","Dahari","Dahari"
"Comoros","2023","Anjouan Island","Pomoni","Mrojou","Reef flat","Partially Restricted","Community Reserve",NA,"-12.2440278","44.3556667","5","PIT","","Seagrass","0","0","0","Dahari","Dahari"
"Comoros","2023","Anjouan Island","Pomoni","Mrojou","Reef flat","Partially Restricted","Community Reserve",NA,"-12.2440278","44.3556667","5","PIT","","Recently dead coral","0","0","0","Dahari","Dahari"
"Comoros","2023","Anjouan Island","Pomoni","Mabamboni","Forereef","Partially Restricted","Community Reserve",NA,"-12.244921","44.329091","5","PIT","","Hard coral","49.8","7.92","3.54","Dahari","Dahari"
"Comoros","2023","Anjouan Island","Pomoni","Mabamboni","Forereef","Partially Restricted","Community Reserve",NA,"-12.244921","44.329091","5","PIT","","Other inverts","0","0","0","Dahari","Dahari"
"Comoros","2023","Anjouan Island","Pomoni","Mabamboni","Forereef","Partially Restricted","Community Reserve",NA,"-12.244921","44.329091","5","PIT","","Macro-algae","12.94","5.98","2.67","Dahari","Dahari"
"Comoros","2023","Anjouan Island","Pomoni","Mabamboni","Forereef","Partially Restricted","Community Reserve",NA,"-12.244921","44.329091","5","PIT","","Turf algae","16.08","7.77","3.47","Dahari","Dahari"
"Comoros","2023","Anjouan Island","Pomoni","Mabamboni","Forereef","Partially Restricted","Community Reserve",NA,"-12.244921","44.329091","5","PIT","","Halimeda","0","0","0","Dahari","Dahari"
"Comoros","2023","Anjouan Island","Pomoni","Mabamboni","Forereef","Partially Restricted","Community Reserve",NA,"-12.244921","44.329091","5","PIT","","Coralline algae","13.33","2.56","1.14","Dahari","Dahari"
"Comoros","2023","Anjouan Island","Pomoni","Mabamboni","Forereef","Partially Restricted","Community Reserve",NA,"-12.244921","44.329091","5","PIT","","Rubble","3.14","2.97","1.33","Dahari","Dahari"
"Comoros","2023","Anjouan Island","Pomoni","Mabamboni","Forereef","Partially Restricted","Community Reserve",NA,"-12.244921","44.329091","5","PIT","","Rock","4.71","4.51","2.02","Dahari","Dahari"
"Comoros","2023","Anjouan Island","Pomoni","Mabamboni","Forereef","Partially Restricted","Community Reserve",NA,"-12.244921","44.329091","5","PIT","","Sand","0","0","0","Dahari","Dahari"
"Comoros","2023","Anjouan Island","Pomoni","Mabamboni","Forereef","Partially Restricted","Community Reserve",NA,"-12.244921","44.329091","5","PIT","","Seagrass","0","0","0","Dahari","Dahari"
"Comoros","2023","Anjouan Island","Pomoni","Mabamboni","Forereef","Partially Restricted","Community Reserve",NA,"-12.244921","44.329091","5","PIT","","Recently dead coral","0","0","0","Dahari","Dahari"
"Comoros","2023","Anjouan Island","Moya","Nkohani Shindrini","Forereef","Partially restricted","Community Reserve",NA,"-12.318067","44.448317","5","PIT","","Hard coral","68.24","14.1","6.31","Dahari","Dahari"
"Comoros","2023","Anjouan Island","Moya","Nkohani Shindrini","Forereef","Partially restricted","Community Reserve",NA,"-12.318067","44.448317","5","PIT","","Other inverts","0.39","0.88","0.39","Dahari","Dahari"
"Comoros","2023","Anjouan Island","Moya","Nkohani Shindrini","Forereef","Partially restricted","Community Reserve",NA,"-12.318067","44.448317","5","PIT","","Macro-algae","3.53","1.64","0.73","Dahari","Dahari"
"Comoros","2023","Anjouan Island","Moya","Nkohani Shindrini","Forereef","Partially restricted","Community Reserve",NA,"-12.318067","44.448317","5","PIT","","Turf algae","8.63","4.72","2.11","Dahari","Dahari"
"Comoros","2023","Anjouan Island","Moya","Nkohani Shindrini","Forereef","Partially restricted","Community Reserve",NA,"-12.318067","44.448317","5","PIT","","Halimeda","0","0","0","Dahari","Dahari"
"Comoros","2023","Anjouan Island","Moya","Nkohani Shindrini","Forereef","Partially restricted","Community Reserve",NA,"-12.318067","44.448317","5","PIT","","Coralline algae","14.12","4.47","2","Dahari","Dahari"
"Comoros","2023","Anjouan Island","Moya","Nkohani Shindrini","Forereef","Partially restricted","Community Reserve",NA,"-12.318067","44.448317","5","PIT","","Rubble","0","0","0","Dahari","Dahari"
"Comoros","2023","Anjouan Island","Moya","Nkohani Shindrini","Forereef","Partially restricted","Community Reserve",NA,"-12.318067","44.448317","5","PIT","","Rock","3.14","2.24","1","Dahari","Dahari"
"Comoros","2023","Anjouan Island","Moya","Nkohani Shindrini","Forereef","Partially restricted","Community Reserve",NA,"-12.318067","44.448317","5","PIT","","Sand","1.96","1.96","0.88","Dahari","Dahari"
"Comoros","2023","Anjouan Island","Moya","Nkohani Shindrini","Forereef","Partially restricted","Community Reserve",NA,"-12.318067","44.448317","5","PIT","","Seagrass","0","0","0","Dahari","Dahari"
"Comoros","2023","Anjouan Island","Moya","Nkohani Shindrini","Forereef","Partially restricted","Community Reserve",NA,"-12.318067","44.448317","5","PIT","","Recently dead coral","0","0","0","Dahari","Dahari"
"Comoros","2023","Anjouan Island","Moya","Plage Moya","Reef flat","Partially restricted","Community Reserve",NA,"-12.31175","44.4328","5","PIT","","Hard coral","64.71","18.25","5.77","Dahari","Dahari"
"Comoros","2023","Anjouan Island","Moya","Plage Moya","Reef flat","Partially restricted","Community Reserve",NA,"-12.31175","44.4328","5","PIT","","Other inverts","1.18","2.11","0.67","Dahari","Dahari"
"Comoros","2023","Anjouan Island","Moya","Plage Moya","Reef flat","Partially restricted","Community Reserve",NA,"-12.31175","44.4328","5","PIT","","Macro-algae","8.04","9.22","2.91","Dahari","Dahari"
"Comoros","2023","Anjouan Island","Moya","Plage Moya","Reef flat","Partially restricted","Community Reserve",NA,"-12.31175","44.4328","5","PIT","","Turf algae","11.37","10.53","3.33","Dahari","Dahari"
"Comoros","2023","Anjouan Island","Moya","Plage Moya","Reef flat","Partially restricted","Community Reserve",NA,"-12.31175","44.4328","5","PIT","","Halimeda","0","0","0","Dahari","Dahari"
"Comoros","2023","Anjouan Island","Moya","Plage Moya","Reef flat","Partially restricted","Community Reserve",NA,"-12.31175","44.4328","5","PIT","","Coralline algae","10.78","4.64","1.47","Dahari","Dahari"
"Comoros","2023","Anjouan Island","Moya","Plage Moya","Reef flat","Partially restricted","Community Reserve",NA,"-12.31175","44.4328","5","PIT","","Rubble","2.75","4.82","1.52","Dahari","Dahari"
"Comoros","2023","Anjouan Island","Moya","Plage Moya","Reef flat","Partially restricted","Community Reserve",NA,"-12.31175","44.4328","5","PIT","","Rock","0.78","1.37","0.43","Dahari","Dahari"
"Comoros","2023","Anjouan Island","Moya","Plage Moya","Reef flat","Partially restricted","Community Reserve",NA,"-12.31175","44.4328","5","PIT","","Sand","0.39","0.83","0.26","Dahari","Dahari"
"Comoros","2023","Anjouan Island","Moya","Plage Moya","Reef flat","Partially restricted","Community Reserve",NA,"-12.31175","44.4328","5","PIT","","Seagrass","0","0","0","Dahari","Dahari"
"Comoros","2023","Anjouan Island","Moya","Plage Moya","Reef flat","Partially restricted","Community Reserve",NA,"-12.31175","44.4328","5","PIT","","Recently dead coral","0","0","0","Dahari","Dahari"
"Comoros","2023","Anjouan Island","Moya","Mpoundri","Reef flat","Partially restricted","Community Reserve",NA,"-12.302633","44.429883","5","PIT","","Hard coral","68.82","12.59","3.98","Dahari","Dahari"
"Comoros","2023","Anjouan Island","Moya","Mpoundri","Reef flat","Partially restricted","Community Reserve",NA,"-12.302633","44.429883","5","PIT","","Other inverts","0","0","0","Dahari","Dahari"
"Comoros","2023","Anjouan Island","Moya","Mpoundri","Reef flat","Partially restricted","Community Reserve",NA,"-12.302633","44.429883","5","PIT","","Macro-algae","5.49","4.32","1.36","Dahari","Dahari"
"Comoros","2023","Anjouan Island","Moya","Mpoundri","Reef flat","Partially restricted","Community Reserve",NA,"-12.302633","44.429883","5","PIT","","Turf algae","14.51","8.28","2.62","Dahari","Dahari"
"Comoros","2023","Anjouan Island","Moya","Mpoundri","Reef flat","Partially restricted","Community Reserve",NA,"-12.302633","44.429883","5","PIT","","Halimeda","0.39","1.24","0.39","Dahari","Dahari"
"Comoros","2023","Anjouan Island","Moya","Mpoundri","Reef flat","Partially restricted","Community Reserve",NA,"-12.302633","44.429883","5","PIT","","Coralline algae","9.02","4.45","1.41","Dahari","Dahari"
"Comoros","2023","Anjouan Island","Moya","Mpoundri","Reef flat","Partially restricted","Community Reserve",NA,"-12.302633","44.429883","5","PIT","","Rubble","0.39","0.83","0.26","Dahari","Dahari"
"Comoros","2023","Anjouan Island","Moya","Mpoundri","Reef flat","Partially restricted","Community Reserve",NA,"-12.302633","44.429883","5","PIT","","Rock","1.18","3.09","0.98","Dahari","Dahari"
"Comoros","2023","Anjouan Island","Moya","Mpoundri","Reef flat","Partially restricted","Community Reserve",NA,"-12.302633","44.429883","5","PIT","","Sand","0.2","0.62","0.2","Dahari","Dahari"
"Comoros","2023","Anjouan Island","Moya","Mpoundri","Reef flat","Partially restricted","Community Reserve",NA,"-12.302633","44.429883","5","PIT","","Seagrass","0","0","0","Dahari","Dahari"
"Comoros","2023","Anjouan Island","Moya","Mpoundri","Reef flat","Partially restricted","Community Reserve",NA,"-12.302633","44.429883","5","PIT","","Recently dead coral","0","0","0","Dahari","Dahari"
"Comoros","2023","Anjouan Island","Moya","Mutsa Muhune","Reef flat","Partially restricted","Community Reserve",NA,"-12.318533","44.441917","5","PIT","","Hard coral","17.65","12.48","5.58","Dahari","Dahari"
"Comoros","2023","Anjouan Island","Moya","Mutsa Muhune","Reef flat","Partially restricted","Community Reserve",NA,"-12.318533","44.441917","5","PIT","","Other inverts","0.39","0.88","0.39","Dahari","Dahari"
"Comoros","2023","Anjouan Island","Moya","Mutsa Muhune","Reef flat","Partially restricted","Community Reserve",NA,"-12.318533","44.441917","5","PIT","","Macro-algae","30.59","14.32","6.4","Dahari","Dahari"
"Comoros","2023","Anjouan Island","Moya","Mutsa Muhune","Reef flat","Partially restricted","Community Reserve",NA,"-12.318533","44.441917","5","PIT","","Turf algae","14.51","6.59","2.95","Dahari","Dahari"
"Comoros","2023","Anjouan Island","Moya","Mutsa Muhune","Reef flat","Partially restricted","Community Reserve",NA,"-12.318533","44.441917","5","PIT","","Halimeda","0.39","0.88","0.39","Dahari","Dahari"
"Comoros","2023","Anjouan Island","Moya","Mutsa Muhune","Reef flat","Partially restricted","Community Reserve",NA,"-12.318533","44.441917","5","PIT","","Coralline algae","7.06","2.24","1","Dahari","Dahari"
"Comoros","2023","Anjouan Island","Moya","Mutsa Muhune","Reef flat","Partially restricted","Community Reserve",NA,"-12.318533","44.441917","5","PIT","","Rubble","23.53","5","2.24","Dahari","Dahari"
"Comoros","2023","Anjouan Island","Moya","Mutsa Muhune","Reef flat","Partially restricted","Community Reserve",NA,"-12.318533","44.441917","5","PIT","","Rock","5.88","3.67","1.64","Dahari","Dahari"
"Comoros","2023","Anjouan Island","Moya","Mutsa Muhune","Reef flat","Partially restricted","Community Reserve",NA,"-12.318533","44.441917","5","PIT","","Sand","0","0","0","Dahari","Dahari"
"Comoros","2023","Anjouan Island","Moya","Mutsa Muhune","Reef flat","Partially restricted","Community Reserve",NA,"-12.318533","44.441917","5","PIT","","Seagrass","0","0","0","Dahari","Dahari"
"Comoros","2023","Anjouan Island","Moya","Mutsa Muhune","Reef flat","Partially restricted","Community Reserve",NA,"-12.318533","44.441917","5","PIT","","Recently dead coral","0","0","0","Dahari","Dahari"
"Comoros","2023","Anjouan Island","Pomoni","Hamare_02","Forereef","Partially Restricted","Community Reserve",NA,"-12.241253","44.333174","5","PIT","","Hard coral","72.16","8.25","3.69","Dahari","Dahari"
"Comoros","2023","Anjouan Island","Pomoni","Hamare_02","Forereef","Partially Restricted","Community Reserve",NA,"-12.241253","44.333174","5","PIT","","Other inverts","0.39","0.88","0.39","Dahari","Dahari"
"Comoros","2023","Anjouan Island","Pomoni","Hamare_02","Forereef","Partially Restricted","Community Reserve",NA,"-12.241253","44.333174","5","PIT","","Macro-algae","10.59","3.28","1.47","Dahari","Dahari"
"Comoros","2023","Anjouan Island","Pomoni","Hamare_02","Forereef","Partially Restricted","Community Reserve",NA,"-12.241253","44.333174","5","PIT","","Turf algae","3.14","2.24","1","Dahari","Dahari"
"Comoros","2023","Anjouan Island","Pomoni","Hamare_02","Forereef","Partially Restricted","Community Reserve",NA,"-12.241253","44.333174","5","PIT","","Halimeda","0","0","0","Dahari","Dahari"
"Comoros","2023","Anjouan Island","Pomoni","Hamare_02","Forereef","Partially Restricted","Community Reserve",NA,"-12.241253","44.333174","5","PIT","","Coralline algae","13.73","6.65","2.97","Dahari","Dahari"
"Comoros","2023","Anjouan Island","Pomoni","Hamare_02","Forereef","Partially Restricted","Community Reserve",NA,"-12.241253","44.333174","5","PIT","","Rubble","0","0","0","Dahari","Dahari"
"Comoros","2023","Anjouan Island","Pomoni","Hamare_02","Forereef","Partially Restricted","Community Reserve",NA,"-12.241253","44.333174","5","PIT","","Rock","0","0","0","Dahari","Dahari"
"Comoros","2023","Anjouan Island","Pomoni","Hamare_02","Forereef","Partially Restricted","Community Reserve",NA,"-12.241253","44.333174","5","PIT","","Sand","0","0","0","Dahari","Dahari"
"Comoros","2023","Anjouan Island","Pomoni","Hamare_02","Forereef","Partially Restricted","Community Reserve",NA,"-12.241253","44.333174","5","PIT","","Seagrass","0","0","0","Dahari","Dahari"
"Comoros","2023","Anjouan Island","Pomoni","Hamare_02","Forereef","Partially Restricted","Community Reserve",NA,"-12.241253","44.333174","5","PIT","","Recently dead coral","0","0","0","Dahari","Dahari"
"Comoros","2024","Anjouan Island","Pomoni","Hamare_01","Reef flat","Partially Restricted","Community Reserve",NA,"-12.240493","44.334006","3","PIT","","Hard coral","29.41","16.05","9.27","Dahari","Dahari"
"Comoros","2024","Anjouan Island","Pomoni","Hamare_01","Reef flat","Partially Restricted","Community Reserve",NA,"-12.240493","44.334006","3","PIT","","Other inverts","0","0","0","Dahari","Dahari"
"Comoros","2024","Anjouan Island","Pomoni","Hamare_01","Reef flat","Partially Restricted","Community Reserve",NA,"-12.240493","44.334006","3","PIT","","Macro-algae","13.73","8.99","5.19","Dahari","Dahari"
"Comoros","2024","Anjouan Island","Pomoni","Hamare_01","Reef flat","Partially Restricted","Community Reserve",NA,"-12.240493","44.334006","3","PIT","","Turf algae","8.5","7.92","4.58","Dahari","Dahari"
"Comoros","2024","Anjouan Island","Pomoni","Hamare_01","Reef flat","Partially Restricted","Community Reserve",NA,"-12.240493","44.334006","3","PIT","","Halimeda","0","0","0","Dahari","Dahari"
"Comoros","2024","Anjouan Island","Pomoni","Hamare_01","Reef flat","Partially Restricted","Community Reserve",NA,"-12.240493","44.334006","3","PIT","","Coralline algae","7.19","6.3","3.64","Dahari","Dahari"
"Comoros","2024","Anjouan Island","Pomoni","Hamare_01","Reef flat","Partially Restricted","Community Reserve",NA,"-12.240493","44.334006","3","PIT","","Rubble","33.99","16.44","9.49","Dahari","Dahari"
"Comoros","2024","Anjouan Island","Pomoni","Hamare_01","Reef flat","Partially Restricted","Community Reserve",NA,"-12.240493","44.334006","3","PIT","","Rock","1.96","3.4","1.96","Dahari","Dahari"
"Comoros","2024","Anjouan Island","Pomoni","Hamare_01","Reef flat","Partially Restricted","Community Reserve",NA,"-12.240493","44.334006","3","PIT","","Sand","4.58","4.93","2.85","Dahari","Dahari"
"Comoros","2024","Anjouan Island","Pomoni","Hamare_01","Reef flat","Partially Restricted","Community Reserve",NA,"-12.240493","44.334006","3","PIT","","Seagrass","0","0","0","Dahari","Dahari"
"Comoros","2024","Anjouan Island","Pomoni","Hamare_01","Reef flat","Partially Restricted","Community Reserve",NA,"-12.240493","44.334006","3","PIT","","Recently dead coral","0.65","1.13","0.65","Dahari","Dahari"
"Comoros","2024","Anjouan Island","Pomoni","Mrojou","Reef flat","Partially Restricted","Community Reserve",NA,"-12.2440278","44.3556667","5","PIT","","Hard coral","43.92","8.04","3.59","Dahari","Dahari"
"Comoros","2024","Anjouan Island","Pomoni","Mrojou","Reef flat","Partially Restricted","Community Reserve",NA,"-12.2440278","44.3556667","5","PIT","","Other inverts","0.39","0.88","0.39","Dahari","Dahari"
"Comoros","2024","Anjouan Island","Pomoni","Mrojou","Reef flat","Partially Restricted","Community Reserve",NA,"-12.2440278","44.3556667","5","PIT","","Macro-algae","16.47","6.88","3.08","Dahari","Dahari"
"Comoros","2024","Anjouan Island","Pomoni","Mrojou","Reef flat","Partially Restricted","Community Reserve",NA,"-12.2440278","44.3556667","5","PIT","","Turf algae","10.2","6.71","3","Dahari","Dahari"
"Comoros","2024","Anjouan Island","Pomoni","Mrojou","Reef flat","Partially Restricted","Community Reserve",NA,"-12.2440278","44.3556667","5","PIT","","Halimeda","0","0","0","Dahari","Dahari"
"Comoros","2024","Anjouan Island","Pomoni","Mrojou","Reef flat","Partially Restricted","Community Reserve",NA,"-12.2440278","44.3556667","5","PIT","","Coralline algae","18.04","3.77","1.69","Dahari","Dahari"
"Comoros","2024","Anjouan Island","Pomoni","Mrojou","Reef flat","Partially Restricted","Community Reserve",NA,"-12.2440278","44.3556667","5","PIT","","Rubble","3.14","4.92","2.2","Dahari","Dahari"
"Comoros","2024","Anjouan Island","Pomoni","Mrojou","Reef flat","Partially Restricted","Community Reserve",NA,"-12.2440278","44.3556667","5","PIT","","Rock","0.39","0.88","0.39","Dahari","Dahari"
"Comoros","2024","Anjouan Island","Pomoni","Mrojou","Reef flat","Partially Restricted","Community Reserve",NA,"-12.2440278","44.3556667","5","PIT","","Sand","7.45","2.56","1.14","Dahari","Dahari"
"Comoros","2024","Anjouan Island","Pomoni","Mrojou","Reef flat","Partially Restricted","Community Reserve",NA,"-12.2440278","44.3556667","5","PIT","","Seagrass","0","0","0","Dahari","Dahari"
"Comoros","2024","Anjouan Island","Pomoni","Mrojou","Reef flat","Partially Restricted","Community Reserve",NA,"-12.2440278","44.3556667","5","PIT","","Recently dead coral","0","0","0","Dahari","Dahari"
"Comoros","2024","Anjouan Island","Pomoni","Hamare_02","Forereef","Partially Restricted","Community Reserve",NA,"-12.241253","44.333174","5","PIT","","Hard coral","78.04","2.56","1.14","Dahari","Dahari"
"Comoros","2024","Anjouan Island","Pomoni","Hamare_02","Forereef","Partially Restricted","Community Reserve",NA,"-12.241253","44.333174","5","PIT","","Other inverts","0","0","0","Dahari","Dahari"
"Comoros","2024","Anjouan Island","Pomoni","Hamare_02","Forereef","Partially Restricted","Community Reserve",NA,"-12.241253","44.333174","5","PIT","","Macro-algae","0.39","0.88","0.39","Dahari","Dahari"
"Comoros","2024","Anjouan Island","Pomoni","Hamare_02","Forereef","Partially Restricted","Community Reserve",NA,"-12.241253","44.333174","5","PIT","","Turf algae","2.75","2.24","1","Dahari","Dahari"
"Comoros","2024","Anjouan Island","Pomoni","Hamare_02","Forereef","Partially Restricted","Community Reserve",NA,"-12.241253","44.333174","5","PIT","","Halimeda","0","0","0","Dahari","Dahari"
"Comoros","2024","Anjouan Island","Pomoni","Hamare_02","Forereef","Partially Restricted","Community Reserve",NA,"-12.241253","44.333174","5","PIT","","Coralline algae","16.47","5.11","2.29","Dahari","Dahari"
"Comoros","2024","Anjouan Island","Pomoni","Hamare_02","Forereef","Partially Restricted","Community Reserve",NA,"-12.241253","44.333174","5","PIT","","Rubble","1.96","3.4","1.52","Dahari","Dahari"
"Comoros","2024","Anjouan Island","Pomoni","Hamare_02","Forereef","Partially Restricted","Community Reserve",NA,"-12.241253","44.333174","5","PIT","","Rock","0","0","0","Dahari","Dahari"
"Comoros","2024","Anjouan Island","Pomoni","Hamare_02","Forereef","Partially Restricted","Community Reserve",NA,"-12.241253","44.333174","5","PIT","","Sand","0.39","0.88","0.39","Dahari","Dahari"
"Comoros","2024","Anjouan Island","Pomoni","Hamare_02","Forereef","Partially Restricted","Community Reserve",NA,"-12.241253","44.333174","5","PIT","","Seagrass","0","0","0","Dahari","Dahari"
"Comoros","2024","Anjouan Island","Pomoni","Hamare_02","Forereef","Partially Restricted","Community Reserve",NA,"-12.241253","44.333174","5","PIT","","Recently dead coral","0","0","0","Dahari","Dahari"
"Comoros","2024","Anjouan Island","Pomoni","Dzindri Yantsini","Forereef","Partially Restricted","Community Reserve",NA,"-12.249128","44.350077","5","PIT","","Hard coral","61.96","7.41","3.32","Dahari","Dahari"
"Comoros","2024","Anjouan Island","Pomoni","Dzindri Yantsini","Forereef","Partially Restricted","Community Reserve",NA,"-12.249128","44.350077","5","PIT","","Other inverts","0","0","0","Dahari","Dahari"
"Comoros","2024","Anjouan Island","Pomoni","Dzindri Yantsini","Forereef","Partially Restricted","Community Reserve",NA,"-12.249128","44.350077","5","PIT","","Macro-algae","10.59","8.72","3.9","Dahari","Dahari"
"Comoros","2024","Anjouan Island","Pomoni","Dzindri Yantsini","Forereef","Partially Restricted","Community Reserve",NA,"-12.249128","44.350077","5","PIT","","Turf algae","3.53","3.77","1.69","Dahari","Dahari"
"Comoros","2024","Anjouan Island","Pomoni","Dzindri Yantsini","Forereef","Partially Restricted","Community Reserve",NA,"-12.249128","44.350077","5","PIT","","Halimeda","0","0","0","Dahari","Dahari"
"Comoros","2024","Anjouan Island","Pomoni","Dzindri Yantsini","Forereef","Partially Restricted","Community Reserve",NA,"-12.249128","44.350077","5","PIT","","Coralline algae","22.75","4.3","1.92","Dahari","Dahari"
"Comoros","2024","Anjouan Island","Pomoni","Dzindri Yantsini","Forereef","Partially Restricted","Community Reserve",NA,"-12.249128","44.350077","5","PIT","","Rubble","0.78","1.75","0.78","Dahari","Dahari"
"Comoros","2024","Anjouan Island","Pomoni","Dzindri Yantsini","Forereef","Partially Restricted","Community Reserve",NA,"-12.249128","44.350077","5","PIT","","Rock","0","0","0","Dahari","Dahari"
"Comoros","2024","Anjouan Island","Pomoni","Dzindri Yantsini","Forereef","Partially Restricted","Community Reserve",NA,"-12.249128","44.350077","5","PIT","","Sand","0.39","0.88","0.39","Dahari","Dahari"
"Comoros","2024","Anjouan Island","Pomoni","Dzindri Yantsini","Forereef","Partially Restricted","Community Reserve",NA,"-12.249128","44.350077","5","PIT","","Seagrass","0","0","0","Dahari","Dahari"
"Comoros","2024","Anjouan Island","Pomoni","Dzindri Yantsini","Forereef","Partially Restricted","Community Reserve",NA,"-12.249128","44.350077","5","PIT","","Recently dead coral","0","0","0","Dahari","Dahari"
"Comoros","2024","Anjouan Island","Moya","Plage Moya","Forereef","Partially restricted","Community Reserve",NA,"-12.309783","44.430883","5","PIT","","Hard coral","60.59","19.22","6.08","Dahari","Dahari"
"Comoros","2024","Anjouan Island","Moya","Plage Moya","Forereef","Partially restricted","Community Reserve",NA,"-12.309783","44.430883","5","PIT","","Other inverts","0.78","1.89","0.6","Dahari","Dahari"
"Comoros","2024","Anjouan Island","Moya","Plage Moya","Forereef","Partially restricted","Community Reserve",NA,"-12.309783","44.430883","5","PIT","","Macro-algae","9.8","10.04","3.18","Dahari","Dahari"
"Comoros","2024","Anjouan Island","Moya","Plage Moya","Forereef","Partially restricted","Community Reserve",NA,"-12.309783","44.430883","5","PIT","","Turf algae","1.37","1.86","0.59","Dahari","Dahari"
"Comoros","2024","Anjouan Island","Moya","Plage Moya","Forereef","Partially restricted","Community Reserve",NA,"-12.309783","44.430883","5","PIT","","Halimeda","1.18","1.65","0.52","Dahari","Dahari"
"Comoros","2024","Anjouan Island","Moya","Plage Moya","Forereef","Partially restricted","Community Reserve",NA,"-12.309783","44.430883","5","PIT","","Coralline algae","22.35","7.05","2.23","Dahari","Dahari"
"Comoros","2024","Anjouan Island","Moya","Plage Moya","Forereef","Partially restricted","Community Reserve",NA,"-12.309783","44.430883","5","PIT","","Rubble","3.14","3.83","1.21","Dahari","Dahari"
"Comoros","2024","Anjouan Island","Moya","Plage Moya","Forereef","Partially restricted","Community Reserve",NA,"-12.309783","44.430883","5","PIT","","Rock","0.39","0.83","0.26","Dahari","Dahari"
"Comoros","2024","Anjouan Island","Moya","Plage Moya","Forereef","Partially restricted","Community Reserve",NA,"-12.309783","44.430883","5","PIT","","Sand","0.39","0.83","0.26","Dahari","Dahari"
"Comoros","2024","Anjouan Island","Moya","Plage Moya","Forereef","Partially restricted","Community Reserve",NA,"-12.309783","44.430883","5","PIT","","Seagrass","0","0","0","Dahari","Dahari"
"Comoros","2024","Anjouan Island","Moya","Plage Moya","Forereef","Partially restricted","Community Reserve",NA,"-12.309783","44.430883","5","PIT","","Recently dead coral","0","0","0","Dahari","Dahari"
"Comoros","2024","Anjouan Island","Moya","Mpoundri","Reef flat","Partially restricted","Community Reserve",NA,"-12.302633","44.429883","5","PIT","","Hard coral","63.14","17.29","5.47","Dahari","Dahari"
"Comoros","2024","Anjouan Island","Moya","Mpoundri","Reef flat","Partially restricted","Community Reserve",NA,"-12.302633","44.429883","5","PIT","","Other inverts","0.39","0.83","0.26","Dahari","Dahari"
"Comoros","2024","Anjouan Island","Moya","Mpoundri","Reef flat","Partially restricted","Community Reserve",NA,"-12.302633","44.429883","5","PIT","","Macro-algae","7.25","6.73","2.13","Dahari","Dahari"
"Comoros","2024","Anjouan Island","Moya","Mpoundri","Reef flat","Partially restricted","Community Reserve",NA,"-12.302633","44.429883","5","PIT","","Turf algae","2.75","5.41","1.71","Dahari","Dahari"
"Comoros","2024","Anjouan Island","Moya","Mpoundri","Reef flat","Partially restricted","Community Reserve",NA,"-12.302633","44.429883","5","PIT","","Halimeda","0.98","1.91","0.6","Dahari","Dahari"
"Comoros","2024","Anjouan Island","Moya","Mpoundri","Reef flat","Partially restricted","Community Reserve",NA,"-12.302633","44.429883","5","PIT","","Coralline algae","21.18","12.43","3.93","Dahari","Dahari"
"Comoros","2024","Anjouan Island","Moya","Mpoundri","Reef flat","Partially restricted","Community Reserve",NA,"-12.302633","44.429883","5","PIT","","Rubble","2.35","2.41","0.76","Dahari","Dahari"
"Comoros","2024","Anjouan Island","Moya","Mpoundri","Reef flat","Partially restricted","Community Reserve",NA,"-12.302633","44.429883","5","PIT","","Rock","0.59","0.95","0.3","Dahari","Dahari"
"Comoros","2024","Anjouan Island","Moya","Mpoundri","Reef flat","Partially restricted","Community Reserve",NA,"-12.302633","44.429883","5","PIT","","Sand","1.37","2.08","0.66","Dahari","Dahari"
"Comoros","2024","Anjouan Island","Moya","Mpoundri","Reef flat","Partially restricted","Community Reserve",NA,"-12.302633","44.429883","5","PIT","","Seagrass","0","0","0","Dahari","Dahari"
"Comoros","2024","Anjouan Island","Moya","Mpoundri","Reef flat","Partially restricted","Community Reserve",NA,"-12.302633","44.429883","5","PIT","","Recently dead coral","0","0","0","Dahari","Dahari"
"Comoros","2024","Anjouan Island","Vouani","Darsalama","Forereef","Open access","Open access",NA,"-12.258297","44.385769","5","PIT","","Hard coral","40.39","26.41","8.35","Dahari","Dahari"
"Comoros","2024","Anjouan Island","Vouani","Darsalama","Forereef","Open access","Open access",NA,"-12.258297","44.385769","5","PIT","","Other inverts","0.59","0.95","0.3","Dahari","Dahari"
"Comoros","2024","Anjouan Island","Vouani","Darsalama","Forereef","Open access","Open access",NA,"-12.258297","44.385769","5","PIT","","Macro-algae","22.16","12.98","4.1","Dahari","Dahari"
"Comoros","2024","Anjouan Island","Vouani","Darsalama","Forereef","Open access","Open access",NA,"-12.258297","44.385769","5","PIT","","Turf algae","6.08","6.43","2.03","Dahari","Dahari"
"Comoros","2024","Anjouan Island","Vouani","Darsalama","Forereef","Open access","Open access",NA,"-12.258297","44.385769","5","PIT","","Halimeda","0.78","1.37","0.43","Dahari","Dahari"
"Comoros","2024","Anjouan Island","Vouani","Darsalama","Forereef","Open access","Open access",NA,"-12.258297","44.385769","5","PIT","","Coralline algae","25.69","11.22","3.55","Dahari","Dahari"
"Comoros","2024","Anjouan Island","Vouani","Darsalama","Forereef","Open access","Open access",NA,"-12.258297","44.385769","5","PIT","","Rubble","0.2","0.62","0.2","Dahari","Dahari"
"Comoros","2024","Anjouan Island","Vouani","Darsalama","Forereef","Open access","Open access",NA,"-12.258297","44.385769","5","PIT","","Rock","1.57","2.03","0.64","Dahari","Dahari"
"Comoros","2024","Anjouan Island","Vouani","Darsalama","Forereef","Open access","Open access",NA,"-12.258297","44.385769","5","PIT","","Sand","2.55","4.03","1.28","Dahari","Dahari"
"Comoros","2024","Anjouan Island","Vouani","Darsalama","Forereef","Open access","Open access",NA,"-12.258297","44.385769","5","PIT","","Seagrass","0","0","0","Dahari","Dahari"
"Comoros","2024","Anjouan Island","Vouani","Darsalama","Forereef","Open access","Open access",NA,"-12.258297","44.385769","5","PIT","","Recently dead coral","0","0","0","Dahari","Dahari"
"Comoros","2018","Moheli island","Moheli National Park","Mea_E","Reef flat","Partially Restricted","National Park",NA,"",NA,"2","LIT","","Hard coral","64.2","11.03","7.8","Moheli MPA","Moheli MPA"
"Comoros","2018","Moheli island","Moheli National Park","Mea_E","Reef flat","Partially Restricted","National Park",NA,"",NA,"2","LIT","","Coralline algae","0","0","0","Moheli MPA","Moheli MPA"
"Comoros","2018","Moheli island","Moheli National Park","Mea_E","Reef flat","Partially Restricted","National Park",NA,"",NA,"2","LIT","","Macro-algae","0","0","0","Moheli MPA","Moheli MPA"
"Comoros","2018","Moheli island","Moheli National Park","Mea_E","Reef flat","Partially Restricted","National Park",NA,"",NA,"2","LIT","","Turf algae","0.2","0.28","0.2","Moheli MPA","Moheli MPA"
"Comoros","2018","Moheli island","Moheli National Park","Mea_E","Reef flat","Partially Restricted","National Park",NA,"",NA,"2","LIT","","Halimeda","0","0","0","Moheli MPA","Moheli MPA"
"Comoros","2018","Moheli island","Moheli National Park","Mea_E","Reef flat","Partially Restricted","National Park",NA,"",NA,"2","LIT","","Bare substrate","0","0","0","Moheli MPA","Moheli MPA"
"Comoros","2018","Moheli island","Moheli National Park","Mea_E","Reef flat","Partially Restricted","National Park",NA,"",NA,"2","LIT","","Dead standing coral","7.08","4.7","3.32","Moheli MPA","Moheli MPA"
"Comoros","2018","Moheli island","Moheli National Park","Mea_E","Reef flat","Partially Restricted","National Park",NA,"",NA,"2","LIT","","Recently dead coral","14.26","8.12","5.74","Moheli MPA","Moheli MPA"
"Comoros","2018","Moheli island","Moheli National Park","Mea_E","Reef flat","Partially Restricted","National Park",NA,"",NA,"2","LIT","","Rubble","0","0","0","Moheli MPA","Moheli MPA"
"Comoros","2018","Moheli island","Moheli National Park","Mea_E","Reef flat","Partially Restricted","National Park",NA,"",NA,"2","LIT","","Sand","5.3","3.25","2.3","Moheli MPA","Moheli MPA"
"Comoros","2018","Moheli island","Moheli National Park","Mea_E","Reef flat","Partially Restricted","National Park",NA,"",NA,"2","LIT","","Soft coral","0.4","0.57","0.4","Moheli MPA","Moheli MPA"
"Comoros","2018","Moheli island","Moheli National Park","Mea_E","Reef flat","Partially Restricted","National Park",NA,"",NA,"2","LIT","","Other inverts","0","0","0","Moheli MPA","Moheli MPA"
"Comoros","2018","Moheli island","Moheli National Park","Mea_E","Reef flat","Partially Restricted","National Park",NA,"",NA,"2","LIT","","Unidentified","8.56","5.32","3.76","Moheli MPA","Moheli MPA"
"Comoros","2018","Moheli island","Moheli National Park","Sambia_E","Reef flat","Partially Restricted","National Park",NA,"",NA,"2","LIT","","Hard coral","63.3","13.44","9.5","Moheli MPA","Moheli MPA"
"Comoros","2018","Moheli island","Moheli National Park","Sambia_E","Reef flat","Partially Restricted","National Park",NA,"",NA,"2","LIT","","Coralline algae","0","0","0","Moheli MPA","Moheli MPA"
"Comoros","2018","Moheli island","Moheli National Park","Sambia_E","Reef flat","Partially Restricted","National Park",NA,"",NA,"2","LIT","","Macro-algae","0","0","0","Moheli MPA","Moheli MPA"
"Comoros","2018","Moheli island","Moheli National Park","Sambia_E","Reef flat","Partially Restricted","National Park",NA,"",NA,"2","LIT","","Turf algae","0","0","0","Moheli MPA","Moheli MPA"
"Comoros","2018","Moheli island","Moheli National Park","Sambia_E","Reef flat","Partially Restricted","National Park",NA,"",NA,"2","LIT","","Halimeda","0","0","0","Moheli MPA","Moheli MPA"
"Comoros","2018","Moheli island","Moheli National Park","Sambia_E","Reef flat","Partially Restricted","National Park",NA,"",NA,"2","LIT","","Bare substrate","0","0","0","Moheli MPA","Moheli MPA"
"Comoros","2018","Moheli island","Moheli National Park","Sambia_E","Reef flat","Partially Restricted","National Park",NA,"",NA,"2","LIT","","Dead standing coral","1.7","2.4","1.7","Moheli MPA","Moheli MPA"
"Comoros","2018","Moheli island","Moheli National Park","Sambia_E","Reef flat","Partially Restricted","National Park",NA,"",NA,"2","LIT","","Recently dead coral","10.9","0.14","0.1","Moheli MPA","Moheli MPA"
"Comoros","2018","Moheli island","Moheli National Park","Sambia_E","Reef flat","Partially Restricted","National Park",NA,"",NA,"2","LIT","","Rubble","0","0","0","Moheli MPA","Moheli MPA"
"Comoros","2018","Moheli island","Moheli National Park","Sambia_E","Reef flat","Partially Restricted","National Park",NA,"",NA,"2","LIT","","Sand","10.92","4.36","3.08","Moheli MPA","Moheli MPA"
"Comoros","2018","Moheli island","Moheli National Park","Sambia_E","Reef flat","Partially Restricted","National Park",NA,"",NA,"2","LIT","","Soft coral","0","0","0","Moheli MPA","Moheli MPA"
"Comoros","2018","Moheli island","Moheli National Park","Sambia_E","Reef flat","Partially Restricted","National Park",NA,"",NA,"2","LIT","","Other inverts","0.8","1.13","0.8","Moheli MPA","Moheli MPA"
"Comoros","2018","Moheli island","Moheli National Park","Sambia_E","Reef flat","Partially Restricted","National Park",NA,"",NA,"2","LIT","","Unidentified","12.38","16.38","11.58","Moheli MPA","Moheli MPA"
"Comoros","2018","Moheli island","Moheli National Park","Nkandzoni","Reef flat","Partially Restricted","National Park",NA,"-12.2443","43.3972","2","LIT","","Hard coral","42.02","14.68","10.38","Moheli MPA","Moheli MPA"
"Comoros","2018","Moheli island","Moheli National Park","Nkandzoni","Reef flat","Partially Restricted","National Park",NA,"-12.2443","43.3972","2","LIT","","Coralline algae","0","0","0","Moheli MPA","Moheli MPA"
"Comoros","2018","Moheli island","Moheli National Park","Nkandzoni","Reef flat","Partially Restricted","National Park",NA,"-12.2443","43.3972","2","LIT","","Macro-algae","0","0","0","Moheli MPA","Moheli MPA"
"Comoros","2018","Moheli island","Moheli National Park","Nkandzoni","Reef flat","Partially Restricted","National Park",NA,"-12.2443","43.3972","2","LIT","","Turf algae","2.74","3.87","2.74","Moheli MPA","Moheli MPA"
"Comoros","2018","Moheli island","Moheli National Park","Nkandzoni","Reef flat","Partially Restricted","National Park",NA,"-12.2443","43.3972","2","LIT","","Halimeda","0","0","0","Moheli MPA","Moheli MPA"
"Comoros","2018","Moheli island","Moheli National Park","Nkandzoni","Reef flat","Partially Restricted","National Park",NA,"-12.2443","43.3972","2","LIT","","Bare substrate","0","0","0","Moheli MPA","Moheli MPA"
"Comoros","2018","Moheli island","Moheli National Park","Nkandzoni","Reef flat","Partially Restricted","National Park",NA,"-12.2443","43.3972","2","LIT","","Dead standing coral","0","0","0","Moheli MPA","Moheli MPA"
"Comoros","2018","Moheli island","Moheli National Park","Nkandzoni","Reef flat","Partially Restricted","National Park",NA,"-12.2443","43.3972","2","LIT","","Recently dead coral","33.04","7.52","5.32","Moheli MPA","Moheli MPA"
"Comoros","2018","Moheli island","Moheli National Park","Nkandzoni","Reef flat","Partially Restricted","National Park",NA,"-12.2443","43.3972","2","LIT","","Rubble","0","0","0","Moheli MPA","Moheli MPA"
"Comoros","2018","Moheli island","Moheli National Park","Nkandzoni","Reef flat","Partially Restricted","National Park",NA,"-12.2443","43.3972","2","LIT","","Sand","14.82","9.59","6.78","Moheli MPA","Moheli MPA"
"Comoros","2018","Moheli island","Moheli National Park","Nkandzoni","Reef flat","Partially Restricted","National Park",NA,"-12.2443","43.3972","2","LIT","","Soft coral","1.3","0.14","0.1","Moheli MPA","Moheli MPA"
"Comoros","2018","Moheli island","Moheli National Park","Nkandzoni","Reef flat","Partially Restricted","National Park",NA,"-12.2443","43.3972","2","LIT","","Other inverts","0","0","0","Moheli MPA","Moheli MPA"
"Comoros","2018","Moheli island","Moheli National Park","Nkandzoni","Reef flat","Partially Restricted","National Park",NA,"-12.2443","43.3972","2","LIT","","Unidentified","6.08","8.6","6.08","Moheli MPA","Moheli MPA"
"Comoros","2018","Moheli island","Moheli National Park","Bwela Gnandzi","Reef flat","Open access","National Park",NA,"",NA,"2","LIT","","Hard coral","58.54","3.03","2.14","Moheli MPA","Moheli MPA"
"Comoros","2018","Moheli island","Moheli National Park","Bwela Gnandzi","Reef flat","Open access","National Park",NA,"",NA,"2","LIT","","Coralline algae","0","0","0","Moheli MPA","Moheli MPA"
"Comoros","2018","Moheli island","Moheli National Park","Bwela Gnandzi","Reef flat","Open access","National Park",NA,"",NA,"2","LIT","","Macro-algae","0","0","0","Moheli MPA","Moheli MPA"
"Comoros","2018","Moheli island","Moheli National Park","Bwela Gnandzi","Reef flat","Open access","National Park",NA,"",NA,"2","LIT","","Turf algae","2.34","1.95","1.38","Moheli MPA","Moheli MPA"
"Comoros","2018","Moheli island","Moheli National Park","Bwela Gnandzi","Reef flat","Open access","National Park",NA,"",NA,"2","LIT","","Halimeda","0","0","0","Moheli MPA","Moheli MPA"
"Comoros","2018","Moheli island","Moheli National Park","Bwela Gnandzi","Reef flat","Open access","National Park",NA,"",NA,"2","LIT","","Bare substrate","0","0","0","Moheli MPA","Moheli MPA"
"Comoros","2018","Moheli island","Moheli National Park","Bwela Gnandzi","Reef flat","Open access","National Park",NA,"",NA,"2","LIT","","Dead standing coral","18.64","0.4","0.28","Moheli MPA","Moheli MPA"
"Comoros","2018","Moheli island","Moheli National Park","Bwela Gnandzi","Reef flat","Open access","National Park",NA,"",NA,"2","LIT","","Recently dead coral","11.76","5.83","4.12","Moheli MPA","Moheli MPA"
"Comoros","2018","Moheli island","Moheli National Park","Bwela Gnandzi","Reef flat","Open access","National Park",NA,"",NA,"2","LIT","","Rubble","0","0","0","Moheli MPA","Moheli MPA"
"Comoros","2018","Moheli island","Moheli National Park","Bwela Gnandzi","Reef flat","Open access","National Park",NA,"",NA,"2","LIT","","Sand","2.5","3.54","2.5","Moheli MPA","Moheli MPA"
"Comoros","2018","Moheli island","Moheli National Park","Bwela Gnandzi","Reef flat","Open access","National Park",NA,"",NA,"2","LIT","","Soft coral","0.4","0.57","0.4","Moheli MPA","Moheli MPA"
"Comoros","2018","Moheli island","Moheli National Park","Bwela Gnandzi","Reef flat","Open access","National Park",NA,"",NA,"2","LIT","","Other inverts","0","0","0","Moheli MPA","Moheli MPA"
"Comoros","2018","Moheli island","Moheli National Park","Bwela Gnandzi","Reef flat","Open access","National Park",NA,"",NA,"2","LIT","","Unidentified","5.82","4.55","3.22","Moheli MPA","Moheli MPA"
"Comoros","2020","Moheli island","Moheli National Park","Nkandzoni","Reef flat","Partially Restricted","National Park",NA,"-12.2443","43.3972","2","LIT","","Hard coral","52.04","21.16","14.96","Moheli MPA","Moheli MPA"
"Comoros","2020","Moheli island","Moheli National Park","Nkandzoni","Reef flat","Partially Restricted","National Park",NA,"-12.2443","43.3972","2","LIT","","Coralline algae","0","0","0","Moheli MPA","Moheli MPA"
"Comoros","2020","Moheli island","Moheli National Park","Nkandzoni","Reef flat","Partially Restricted","National Park",NA,"-12.2443","43.3972","2","LIT","","Macro-algae","0","0","0","Moheli MPA","Moheli MPA"
"Comoros","2020","Moheli island","Moheli National Park","Nkandzoni","Reef flat","Partially Restricted","National Park",NA,"-12.2443","43.3972","2","LIT","","Turf algae","0","0","0","Moheli MPA","Moheli MPA"
"Comoros","2020","Moheli island","Moheli National Park","Nkandzoni","Reef flat","Partially Restricted","National Park",NA,"-12.2443","43.3972","2","LIT","","Halimeda","0","0","0","Moheli MPA","Moheli MPA"
"Comoros","2020","Moheli island","Moheli National Park","Nkandzoni","Reef flat","Partially Restricted","National Park",NA,"-12.2443","43.3972","2","LIT","","Bare substrate","0","0","0","Moheli MPA","Moheli MPA"
"Comoros","2020","Moheli island","Moheli National Park","Nkandzoni","Reef flat","Partially Restricted","National Park",NA,"-12.2443","43.3972","2","LIT","","Dead standing coral","25","12.73","9","Moheli MPA","Moheli MPA"
"Comoros","2020","Moheli island","Moheli National Park","Nkandzoni","Reef flat","Partially Restricted","National Park",NA,"-12.2443","43.3972","2","LIT","","Recently dead coral","6","5.37","3.8","Moheli MPA","Moheli MPA"
"Comoros","2020","Moheli island","Moheli National Park","Nkandzoni","Reef flat","Partially Restricted","National Park",NA,"-12.2443","43.3972","2","LIT","","Rubble","0","0","0","Moheli MPA","Moheli MPA"
"Comoros","2020","Moheli island","Moheli National Park","Nkandzoni","Reef flat","Partially Restricted","National Park",NA,"-12.2443","43.3972","2","LIT","","Sand","9.16","2.77","1.96","Moheli MPA","Moheli MPA"
"Comoros","2020","Moheli island","Moheli National Park","Nkandzoni","Reef flat","Partially Restricted","National Park",NA,"-12.2443","43.3972","2","LIT","","Soft coral","0.8","1.13","0.8","Moheli MPA","Moheli MPA"
"Comoros","2020","Moheli island","Moheli National Park","Nkandzoni","Reef flat","Partially Restricted","National Park",NA,"-12.2443","43.3972","2","LIT","","Other inverts","0","0","0","Moheli MPA","Moheli MPA"
"Comoros","2020","Moheli island","Moheli National Park","Nkandzoni","Reef flat","Partially Restricted","National Park",NA,"-12.2443","43.3972","2","LIT","","Unidentified","7","9.9","7","Moheli MPA","Moheli MPA"
"Comoros","2020","Moheli island","Moheli National Park","Mea","Reef flat","Partially Restricted","National Park",NA,"-12.38165","43.73766667","2","LIT","","Hard coral","72","3.11","2.2","Moheli MPA","Moheli MPA"
"Comoros","2020","Moheli island","Moheli National Park","Mea","Reef flat","Partially Restricted","National Park",NA,"-12.38165","43.73766667","2","LIT","","Coralline algae","0","0","0","Moheli MPA","Moheli MPA"
"Comoros","2020","Moheli island","Moheli National Park","Mea","Reef flat","Partially Restricted","National Park",NA,"-12.38165","43.73766667","2","LIT","","Macro-algae","0","0","0","Moheli MPA","Moheli MPA"
"Comoros","2020","Moheli island","Moheli National Park","Mea","Reef flat","Partially Restricted","National Park",NA,"-12.38165","43.73766667","2","LIT","","Turf algae","0","0","0","Moheli MPA","Moheli MPA"
"Comoros","2020","Moheli island","Moheli National Park","Mea","Reef flat","Partially Restricted","National Park",NA,"-12.38165","43.73766667","2","LIT","","Halimeda","0","0","0","Moheli MPA","Moheli MPA"
"Comoros","2020","Moheli island","Moheli National Park","Mea","Reef flat","Partially Restricted","National Park",NA,"-12.38165","43.73766667","2","LIT","","Bare substrate","0","0","0","Moheli MPA","Moheli MPA"
"Comoros","2020","Moheli island","Moheli National Park","Mea","Reef flat","Partially Restricted","National Park",NA,"-12.38165","43.73766667","2","LIT","","Dead standing coral","11.8","2.26","1.6","Moheli MPA","Moheli MPA"
"Comoros","2020","Moheli island","Moheli National Park","Mea","Reef flat","Partially Restricted","National Park",NA,"-12.38165","43.73766667","2","LIT","","Recently dead coral","3","0.28","0.2","Moheli MPA","Moheli MPA"
"Comoros","2020","Moheli island","Moheli National Park","Mea","Reef flat","Partially Restricted","National Park",NA,"-12.38165","43.73766667","2","LIT","","Rubble","0","0","0","Moheli MPA","Moheli MPA"
"Comoros","2020","Moheli island","Moheli National Park","Mea","Reef flat","Partially Restricted","National Park",NA,"-12.38165","43.73766667","2","LIT","","Sand","6.5","0.71","0.5","Moheli MPA","Moheli MPA"
"Comoros","2020","Moheli island","Moheli National Park","Mea","Reef flat","Partially Restricted","National Park",NA,"-12.38165","43.73766667","2","LIT","","Soft coral","0","0","0","Moheli MPA","Moheli MPA"
"Comoros","2020","Moheli island","Moheli National Park","Mea","Reef flat","Partially Restricted","National Park",NA,"-12.38165","43.73766667","2","LIT","","Other inverts","0.3","0.42","0.3","Moheli MPA","Moheli MPA"
"Comoros","2020","Moheli island","Moheli National Park","Mea","Reef flat","Partially Restricted","National Park",NA,"-12.38165","43.73766667","2","LIT","","Unidentified","6.4","2.26","1.6","Moheli MPA","Moheli MPA"
"Comoros","2022","Moheli island","Moimbao","Barakani","Reef flat","Partially Restricted","Community Reserve",NA,"-12.29296667","43.62386667","5","PIT","","Hard coral","55.92","31.14","13.93","Moheli MPA","Moheli MPA"
"Comoros","2022","Moheli island","Moimbao","Barakani","Reef flat","Partially Restricted","Community Reserve",NA,"-12.29296667","43.62386667","5","PIT","","Coralline algae","3.27","4.7","2.1","Moheli MPA","Moheli MPA"
"Comoros","2022","Moheli island","Moimbao","Barakani","Reef flat","Partially Restricted","Community Reserve",NA,"-12.29296667","43.62386667","5","PIT","","Macro-algae","0.41","0.91","0.41","Moheli MPA","Moheli MPA"
"Comoros","2022","Moheli island","Moimbao","Barakani","Reef flat","Partially Restricted","Community Reserve",NA,"-12.29296667","43.62386667","5","PIT","","Turf algae","0","0","0","Moheli MPA","Moheli MPA"
"Comoros","2022","Moheli island","Moimbao","Barakani","Reef flat","Partially Restricted","Community Reserve",NA,"-12.29296667","43.62386667","5","PIT","","Halimeda","0.41","0.91","0.41","Moheli MPA","Moheli MPA"
"Comoros","2022","Moheli island","Moimbao","Barakani","Reef flat","Partially Restricted","Community Reserve",NA,"-12.29296667","43.62386667","5","PIT","","Bare substrate","12.24","12.5","5.59","Moheli MPA","Moheli MPA"
"Comoros","2022","Moheli island","Moimbao","Barakani","Reef flat","Partially Restricted","Community Reserve",NA,"-12.29296667","43.62386667","5","PIT","","Dead standing coral","0.82","1.12","0.5","Moheli MPA","Moheli MPA"
"Comoros","2022","Moheli island","Moimbao","Barakani","Reef flat","Partially Restricted","Community Reserve",NA,"-12.29296667","43.62386667","5","PIT","","Recently dead coral","0","0","0","Moheli MPA","Moheli MPA"
"Comoros","2022","Moheli island","Moimbao","Barakani","Reef flat","Partially Restricted","Community Reserve",NA,"-12.29296667","43.62386667","5","PIT","","Rubble","4.49","6.19","2.77","Moheli MPA","Moheli MPA"
"Comoros","2022","Moheli island","Moimbao","Barakani","Reef flat","Partially Restricted","Community Reserve",NA,"-12.29296667","43.62386667","5","PIT","","Sand","10.2","20.56","9.2","Moheli MPA","Moheli MPA"
"Comoros","2022","Moheli island","Moimbao","Barakani","Reef flat","Partially Restricted","Community Reserve",NA,"-12.29296667","43.62386667","5","PIT","","Soft coral","12.24","11.27","5.04","Moheli MPA","Moheli MPA"
"Comoros","2022","Moheli island","Moimbao","Barakani","Reef flat","Partially Restricted","Community Reserve",NA,"-12.29296667","43.62386667","5","PIT","","Other inverts","0","0","0","Moheli MPA","Moheli MPA"
"Comoros","2022","Moheli island","Moimbao","Barakani","Reef flat","Partially Restricted","Community Reserve",NA,"-12.29296667","43.62386667","5","PIT","","Unidentified","0","0","0","Moheli MPA","Moheli MPA"
