"Country","Year","Sector","Location","Site","Reef_type","Management_level","Management_type","Depth..m.","Benthic.category","Benthic.code","mean_cover","se","level","level1_code","level2_code","Latitude","Longitude","Method","Organization","Source","Zone","sd"
"Comoros",2016,"Moheli island","Moheli National Park","Bahaoussi","","Partially Restricted","National Park",NA,"Bare substrate","BS",6.18,NA,1,"BS",NA,"-12.398","43.698","","CORDIO","RLE 2019",NA,NA
"Comoros",2016,"Moheli island","Moheli National Park","Bahaoussi","","Partially Restricted","National Park",NA,"branching","cb",1.6,NA,2,"HC","cb","-12.398","43.698","","CORDIO","RLE 2019",NA,NA
"Comoros",2016,"Moheli island","Moheli National Park","Bahaoussi","","Partially Restricted","National Park",NA,"Coral","HC",8.31,NA,1,"HC",NA,"-12.398","43.698","","CORDIO","RLE 2019",NA,NA
"Comoros",2016,"Moheli island","Moheli National Park","Bahaoussi","","Partially Restricted","National Park",NA,"columnar","cc",1.61,NA,2,"HC","cc","-12.398","43.698","","CORDIO","RLE 2019",NA,NA
"Comoros",2016,"Moheli island","Moheli National Park","Bahaoussi","","Partially Restricted","National Park",NA,"Algae-coralline","ACOR",0,NA,1,"ACOR",NA,"-12.398","43.698","","CORDIO","RLE 2019",NA,NA
"Comoros",2016,"Moheli island","Moheli National Park","Bahaoussi","","Partially Restricted","National Park",NA,"encrusting","ce",2.93,NA,2,"HC","ce","-12.398","43.698","","CORDIO","RLE 2019",NA,NA
"Comoros",2016,"Moheli island","Moheli National Park","Bahaoussi","","Partially Restricted","National Park",NA,"foliaceous","cf",0.27,NA,2,"HC","cf","-12.398","43.698","","CORDIO","RLE 2019",NA,NA
"Comoros",2016,"Moheli island","Moheli National Park","Bahaoussi","","Partially Restricted","National Park",NA,"Inverts-other","INV",1.07,NA,1,"INV",NA,"-12.398","43.698","","CORDIO","RLE 2019",NA,NA
"Comoros",2016,"Moheli island","Moheli National Park","Bahaoussi","","Partially Restricted","National Park",NA,"Silt","SIL",0,NA,2,"SND","SIL","-12.398","43.698","","CORDIO","RLE 2019",NA,NA
"Comoros",2016,"Moheli island","Moheli National Park","Bahaoussi","","Partially Restricted","National Park",NA,"Algae-macro/fleshy","AMAC",0.27,NA,1,"AMAC",NA,"-12.398","43.698","","CORDIO","RLE 2019",NA,NA
"Comoros",2016,"Moheli island","Moheli National Park","Bahaoussi","","Partially Restricted","National Park",NA,"massive","cm",2.41,NA,2,"HC","cm","-12.398","43.698","","CORDIO","RLE 2019",NA,NA
"Comoros",2016,"Moheli island","Moheli National Park","Bahaoussi","","Partially Restricted","National Park",NA,"Rubble","RUB",43.08,NA,1,"RUB",NA,"-12.398","43.698","","CORDIO","RLE 2019",NA,NA
"Comoros",2016,"Moheli island","Moheli National Park","Bahaoussi","","Partially Restricted","National Park",NA,"Sand","SND",1.88,NA,1,"SND",NA,"-12.398","43.698","","CORDIO","RLE 2019",NA,NA
"Comoros",2016,"Moheli island","Moheli National Park","Bahaoussi","","Partially Restricted","National Park",NA,"Soft coral","SC",0,NA,1,"SC",NA,"-12.398","43.698","","CORDIO","RLE 2019",NA,NA
"Comoros",2016,"Moheli island","Moheli National Park","Bahaoussi","","Partially Restricted","National Park",NA,"Sponge","Spog",0.53,NA,2,"INV","Spog","-12.398","43.698","","CORDIO","RLE 2019",NA,NA
"Comoros",2016,"Moheli island","Moheli National Park","Bahaoussi","","Partially Restricted","National Park",NA,"Dead Standing coral","DC",0.8,NA,1,"DC",NA,"-12.398","43.698","","CORDIO","RLE 2019",NA,NA
"Comoros",2016,"Moheli island","Moheli National Park","Bahaoussi","","Partially Restricted","National Park",NA,"tabular","ct",0,NA,2,"HC","ct","-12.398","43.698","","CORDIO","RLE 2019",NA,NA
"Comoros",2016,"Moheli island","Moheli National Park","Bahaoussi","","Partially Restricted","National Park",NA,"Tape, wand, shadow","TWS",0,NA,1,"TWS",NA,"-12.398","43.698","","CORDIO","RLE 2019",NA,NA
"Comoros",2016,"Moheli island","Moheli National Park","Bahaoussi","","Partially Restricted","National Park",NA,"Algae-turf","ATRF",29.07,NA,1,"ATRF",NA,"-12.398","43.698","","CORDIO","RLE 2019",NA,NA
"Comoros",2016,"Moheli island","Moheli National Park","Boinaidi","","Partially Restricted","National Park",NA,"Bare substrate","BS",5.08,NA,1,"BS",NA,"-12.406","43.715","","CORDIO","RLE 2019",NA,NA
"Comoros",2016,"Moheli island","Moheli National Park","Boinaidi","","Partially Restricted","National Park",NA,"branching","cb",13.67,NA,2,"HC","cb","-12.406","43.715","","CORDIO","RLE 2019",NA,NA
"Comoros",2016,"Moheli island","Moheli National Park","Boinaidi","","Partially Restricted","National Park",NA,"Coral","HC",10.17,NA,1,"HC",NA,"-12.406","43.715","","CORDIO","RLE 2019",NA,NA
"Comoros",2016,"Moheli island","Moheli National Park","Boinaidi","","Partially Restricted","National Park",NA,"columnar","cc",0,NA,2,"HC","cc","-12.406","43.715","","CORDIO","RLE 2019",NA,NA
"Comoros",2016,"Moheli island","Moheli National Park","Boinaidi","","Partially Restricted","National Park",NA,"Algae-coralline","ACOR",0,NA,1,"ACOR",NA,"-12.406","43.715","","CORDIO","RLE 2019",NA,NA
"Comoros",2016,"Moheli island","Moheli National Park","Boinaidi","","Partially Restricted","National Park",NA,"encrusting","ce",10.57,NA,2,"HC","ce","-12.406","43.715","","CORDIO","RLE 2019",NA,NA
"Comoros",2016,"Moheli island","Moheli National Park","Boinaidi","","Partially Restricted","National Park",NA,"foliaceous","cf",0,NA,2,"HC","cf","-12.406","43.715","","CORDIO","RLE 2019",NA,NA
"Comoros",2016,"Moheli island","Moheli National Park","Boinaidi","","Partially Restricted","National Park",NA,"Inverts-other","INV",1.9,NA,1,"INV",NA,"-12.406","43.715","","CORDIO","RLE 2019",NA,NA
"Comoros",2016,"Moheli island","Moheli National Park","Boinaidi","","Partially Restricted","National Park",NA,"Silt","SIL",0,NA,2,"SND","SIL","-12.406","43.715","","CORDIO","RLE 2019",NA,NA
"Comoros",2016,"Moheli island","Moheli National Park","Boinaidi","","Partially Restricted","National Park",NA,"Algae-macro/fleshy","AMAC",0.53,NA,1,"AMAC",NA,"-12.406","43.715","","CORDIO","RLE 2019",NA,NA
"Comoros",2016,"Moheli island","Moheli National Park","Boinaidi","","Partially Restricted","National Park",NA,"massive","cm",4.66,NA,2,"HC","cm","-12.406","43.715","","CORDIO","RLE 2019",NA,NA
"Comoros",2016,"Moheli island","Moheli National Park","Boinaidi","","Partially Restricted","National Park",NA,"Rubble","RUB",11.04,NA,1,"RUB",NA,"-12.406","43.715","","CORDIO","RLE 2019",NA,NA
"Comoros",2016,"Moheli island","Moheli National Park","Boinaidi","","Partially Restricted","National Park",NA,"Sand","SND",2.99,NA,1,"SND",NA,"-12.406","43.715","","CORDIO","RLE 2019",NA,NA
"Comoros",2016,"Moheli island","Moheli National Park","Boinaidi","","Partially Restricted","National Park",NA,"Soft coral","SC",0,NA,1,"SC",NA,"-12.406","43.715","","CORDIO","RLE 2019",NA,NA
"Comoros",2016,"Moheli island","Moheli National Park","Boinaidi","","Partially Restricted","National Park",NA,"Sponge","Spog",0,NA,2,"INV","Spog","-12.406","43.715","","CORDIO","RLE 2019",NA,NA
"Comoros",2016,"Moheli island","Moheli National Park","Boinaidi","","Partially Restricted","National Park",NA,"Dead Standing coral","DC",3.77,NA,1,"DC",NA,"-12.406","43.715","","CORDIO","RLE 2019",NA,NA
"Comoros",2016,"Moheli island","Moheli National Park","Boinaidi","","Partially Restricted","National Park",NA,"tabular","ct",0,NA,2,"HC","ct","-12.406","43.715","","CORDIO","RLE 2019",NA,NA
"Comoros",2016,"Moheli island","Moheli National Park","Boinaidi","","Partially Restricted","National Park",NA,"Tape, wand, shadow","TWS",0,NA,1,"TWS",NA,"-12.406","43.715","","CORDIO","RLE 2019",NA,NA
"Comoros",2016,"Moheli island","Moheli National Park","Boinaidi","","Partially Restricted","National Park",NA,"Algae-turf","ATRF",35.62,NA,1,"ATRF",NA,"-12.406","43.715","","CORDIO","RLE 2019",NA,NA
"Comoros",2016,"Moheli island","Moheli National Park","Damu","","Partially Restricted","National Park",NA,"Bare substrate","BS",8.83,NA,1,"BS",NA,"-12.314","43.631","","CORDIO","RLE 2019",NA,NA
"Comoros",2016,"Moheli island","Moheli National Park","Damu","","Partially Restricted","National Park",NA,"branching","cb",9.61,NA,2,"HC","cb","-12.314","43.631","","CORDIO","RLE 2019",NA,NA
"Comoros",2016,"Moheli island","Moheli National Park","Damu","","Partially Restricted","National Park",NA,"Coral","HC",11,NA,1,"HC",NA,"-12.314","43.631","","CORDIO","RLE 2019",NA,NA
"Comoros",2016,"Moheli island","Moheli National Park","Damu","","Partially Restricted","National Park",NA,"columnar","cc",1.33,NA,2,"HC","cc","-12.314","43.631","","CORDIO","RLE 2019",NA,NA
"Comoros",2016,"Moheli island","Moheli National Park","Damu","","Partially Restricted","National Park",NA,"Algae-coralline","ACOR",0,NA,1,"ACOR",NA,"-12.314","43.631","","CORDIO","RLE 2019",NA,NA
"Comoros",2016,"Moheli island","Moheli National Park","Damu","","Partially Restricted","National Park",NA,"encrusting","ce",6.96,NA,2,"HC","ce","-12.314","43.631","","CORDIO","RLE 2019",NA,NA
"Comoros",2016,"Moheli island","Moheli National Park","Damu","","Partially Restricted","National Park",NA,"foliaceous","cf",0,NA,2,"HC","cf","-12.314","43.631","","CORDIO","RLE 2019",NA,NA
"Comoros",2016,"Moheli island","Moheli National Park","Damu","","Partially Restricted","National Park",NA,"Inverts-other","INV",0.53,NA,1,"INV",NA,"-12.314","43.631","","CORDIO","RLE 2019",NA,NA
"Comoros",2016,"Moheli island","Moheli National Park","Damu","","Partially Restricted","National Park",NA,"Silt","SIL",0.53,NA,2,"SND","SIL","-12.314","43.631","","CORDIO","RLE 2019",NA,NA
"Comoros",2016,"Moheli island","Moheli National Park","Damu","","Partially Restricted","National Park",NA,"Algae-macro/fleshy","AMAC",0.27,NA,1,"AMAC",NA,"-12.314","43.631","","CORDIO","RLE 2019",NA,NA
"Comoros",2016,"Moheli island","Moheli National Park","Damu","","Partially Restricted","National Park",NA,"massive","cm",1.34,NA,2,"HC","cm","-12.314","43.631","","CORDIO","RLE 2019",NA,NA
"Comoros",2016,"Moheli island","Moheli National Park","Damu","","Partially Restricted","National Park",NA,"Rubble","RUB",5.1,NA,1,"RUB",NA,"-12.314","43.631","","CORDIO","RLE 2019",NA,NA
"Comoros",2016,"Moheli island","Moheli National Park","Damu","","Partially Restricted","National Park",NA,"Sand","SND",1.6,NA,1,"SND",NA,"-12.314","43.631","","CORDIO","RLE 2019",NA,NA
"Comoros",2016,"Moheli island","Moheli National Park","Damu","","Partially Restricted","National Park",NA,"Soft coral","SC",1.6,NA,1,"SC",NA,"-12.314","43.631","","CORDIO","RLE 2019",NA,NA
"Comoros",2016,"Moheli island","Moheli National Park","Damu","","Partially Restricted","National Park",NA,"Sponge","Spog",0,NA,2,"INV","Spog","-12.314","43.631","","CORDIO","RLE 2019",NA,NA
"Comoros",2016,"Moheli island","Moheli National Park","Damu","","Partially Restricted","National Park",NA,"Dead Standing coral","DC",3.52,NA,1,"DC",NA,"-12.314","43.631","","CORDIO","RLE 2019",NA,NA
"Comoros",2016,"Moheli island","Moheli National Park","Damu","","Partially Restricted","National Park",NA,"tabular","ct",0,NA,2,"HC","ct","-12.314","43.631","","CORDIO","RLE 2019",NA,NA
"Comoros",2016,"Moheli island","Moheli National Park","Damu","","Partially Restricted","National Park",NA,"Tape, wand, shadow","TWS",0,NA,1,"TWS",NA,"-12.314","43.631","","CORDIO","RLE 2019",NA,NA
"Comoros",2016,"Moheli island","Moheli National Park","Damu","","Partially Restricted","National Park",NA,"Algae-turf","ATRF",47.77,NA,1,"ATRF",NA,"-12.314","43.631","","CORDIO","RLE 2019",NA,NA
"Comoros",2016,"Moheli island","Moheli National Park","Ferenga","","Partially Restricted","National Park",NA,"Bare substrate","BS",2.67,NA,1,"BS",NA,"-12.428","43.696","","CORDIO","Post_RLE",NA,NA
"Comoros",2016,"Moheli island","Moheli National Park","Ferenga","","Partially Restricted","National Park",NA,"branching","cb",4.06,NA,2,"HC","cb","-12.428","43.696","","CORDIO","Post_RLE",NA,NA
"Comoros",2016,"Moheli island","Moheli National Park","Ferenga","","Partially Restricted","National Park",NA,"Coral","HC",5.35,NA,1,"HC",NA,"-12.428","43.696","","CORDIO","Post_RLE",NA,NA
"Comoros",2016,"Moheli island","Moheli National Park","Ferenga","","Partially Restricted","National Park",NA,"columnar","cc",0,NA,2,"HC","cc","-12.428","43.696","","CORDIO","Post_RLE",NA,NA
"Comoros",2016,"Moheli island","Moheli National Park","Ferenga","","Partially Restricted","National Park",NA,"Algae-coralline","ACOR",0,NA,1,"ACOR",NA,"-12.428","43.696","","CORDIO","Post_RLE",NA,NA
"Comoros",2016,"Moheli island","Moheli National Park","Ferenga","","Partially Restricted","National Park",NA,"encrusting","ce",4.02,NA,2,"HC","ce","-12.428","43.696","","CORDIO","Post_RLE",NA,NA
"Comoros",2016,"Moheli island","Moheli National Park","Ferenga","","Partially Restricted","National Park",NA,"foliaceous","cf",0,NA,2,"HC","cf","-12.428","43.696","","CORDIO","Post_RLE",NA,NA
"Comoros",2016,"Moheli island","Moheli National Park","Ferenga","","Partially Restricted","National Park",NA,"Inverts-other","INV",1.33,NA,1,"INV",NA,"-12.428","43.696","","CORDIO","Post_RLE",NA,NA
"Comoros",2016,"Moheli island","Moheli National Park","Ferenga","","Partially Restricted","National Park",NA,"Silt","SIL",0,NA,2,"SND","SIL","-12.428","43.696","","CORDIO","Post_RLE",NA,NA
"Comoros",2016,"Moheli island","Moheli National Park","Ferenga","","Partially Restricted","National Park",NA,"Algae-macro/fleshy","AMAC",0.44,NA,1,"AMAC",NA,"-12.428","43.696","","CORDIO","Post_RLE",NA,NA
"Comoros",2016,"Moheli island","Moheli National Park","Ferenga","","Partially Restricted","National Park",NA,"massive","cm",7.3,NA,2,"HC","cm","-12.428","43.696","","CORDIO","Post_RLE",NA,NA
"Comoros",2016,"Moheli island","Moheli National Park","Ferenga","","Partially Restricted","National Park",NA,"Rubble","RUB",10.24,NA,1,"RUB",NA,"-12.428","43.696","","CORDIO","Post_RLE",NA,NA
"Comoros",2016,"Moheli island","Moheli National Park","Ferenga","","Partially Restricted","National Park",NA,"Sand","SND",21.33,NA,1,"SND",NA,"-12.428","43.696","","CORDIO","Post_RLE",NA,NA
"Comoros",2016,"Moheli island","Moheli National Park","Ferenga","","Partially Restricted","National Park",NA,"Soft coral","SC",0.44,NA,1,"SC",NA,"-12.428","43.696","","CORDIO","Post_RLE",NA,NA
"Comoros",2016,"Moheli island","Moheli National Park","Ferenga","","Partially Restricted","National Park",NA,"Sponge","Spog",0.89,NA,2,"INV","Spog","-12.428","43.696","","CORDIO","Post_RLE",NA,NA
"Comoros",2016,"Moheli island","Moheli National Park","Ferenga","","Partially Restricted","National Park",NA,"Dead Standing coral","DC",1.33,NA,1,"DC",NA,"-12.428","43.696","","CORDIO","Post_RLE",NA,NA
"Comoros",2016,"Moheli island","Moheli National Park","Ferenga","","Partially Restricted","National Park",NA,"tabular","ct",0,NA,2,"HC","ct","-12.428","43.696","","CORDIO","Post_RLE",NA,NA
"Comoros",2016,"Moheli island","Moheli National Park","Ferenga","","Partially Restricted","National Park",NA,"Tape, wand, shadow","TWS",0,NA,1,"TWS",NA,"-12.428","43.696","","CORDIO","Post_RLE",NA,NA
"Comoros",2016,"Moheli island","Moheli National Park","Ferenga","","Partially Restricted","National Park",NA,"Algae-turf","ATRF",40.59,NA,1,"ATRF",NA,"-12.428","43.696","","CORDIO","Post_RLE",NA,NA
"Comoros",2016,"Moheli island","Moheli National Park","Mchaco","","Partially Restricted","National Park",NA,"Bare substrate","BS",20.8,NA,1,"BS",NA,"-12.383","43.875","","CORDIO","Post_RLE",NA,NA
"Comoros",2016,"Moheli island","Moheli National Park","Mchaco","","Partially Restricted","National Park",NA,"branching","cb",1.61,NA,2,"HC","cb","-12.383","43.875","","CORDIO","Post_RLE",NA,NA
"Comoros",2016,"Moheli island","Moheli National Park","Mchaco","","Partially Restricted","National Park",NA,"Coral","HC",0,NA,1,"HC",NA,"-12.383","43.875","","CORDIO","Post_RLE",NA,NA
"Comoros",2016,"Moheli island","Moheli National Park","Mchaco","","Partially Restricted","National Park",NA,"columnar","cc",0.8,NA,2,"HC","cc","-12.383","43.875","","CORDIO","Post_RLE",NA,NA
"Comoros",2016,"Moheli island","Moheli National Park","Mchaco","","Partially Restricted","National Park",NA,"Algae-coralline","ACOR",0,NA,1,"ACOR",NA,"-12.383","43.875","","CORDIO","Post_RLE",NA,NA
"Comoros",2016,"Moheli island","Moheli National Park","Mchaco","","Partially Restricted","National Park",NA,"encrusting","ce",2.93,NA,2,"HC","ce","-12.383","43.875","","CORDIO","Post_RLE",NA,NA
"Comoros",2016,"Moheli island","Moheli National Park","Mchaco","","Partially Restricted","National Park",NA,"foliaceous","cf",0,NA,2,"HC","cf","-12.383","43.875","","CORDIO","Post_RLE",NA,NA
"Comoros",2016,"Moheli island","Moheli National Park","Mchaco","","Partially Restricted","National Park",NA,"Inverts-other","INV",0.53,NA,1,"INV",NA,"-12.383","43.875","","CORDIO","Post_RLE",NA,NA
"Comoros",2016,"Moheli island","Moheli National Park","Mchaco","","Partially Restricted","National Park",NA,"Silt","SIL",0,NA,2,"SND","SIL","-12.383","43.875","","CORDIO","Post_RLE",NA,NA
"Comoros",2016,"Moheli island","Moheli National Park","Mchaco","","Partially Restricted","National Park",NA,"Algae-macro/fleshy","AMAC",3.2,NA,1,"AMAC",NA,"-12.383","43.875","","CORDIO","Post_RLE",NA,NA
"Comoros",2016,"Moheli island","Moheli National Park","Mchaco","","Partially Restricted","National Park",NA,"massive","cm",0.8,NA,2,"HC","cm","-12.383","43.875","","CORDIO","Post_RLE",NA,NA
"Comoros",2016,"Moheli island","Moheli National Park","Mchaco","","Partially Restricted","National Park",NA,"Rubble","RUB",4.83,NA,1,"RUB",NA,"-12.383","43.875","","CORDIO","Post_RLE",NA,NA
"Comoros",2016,"Moheli island","Moheli National Park","Mchaco","","Partially Restricted","National Park",NA,"Sand","SND",0,NA,1,"SND",NA,"-12.383","43.875","","CORDIO","Post_RLE",NA,NA
"Comoros",2016,"Moheli island","Moheli National Park","Mchaco","","Partially Restricted","National Park",NA,"Soft coral","SC",4,NA,1,"SC",NA,"-12.383","43.875","","CORDIO","Post_RLE",NA,NA
"Comoros",2016,"Moheli island","Moheli National Park","Mchaco","","Partially Restricted","National Park",NA,"Sponge","Spog",0,NA,2,"INV","Spog","-12.383","43.875","","CORDIO","Post_RLE",NA,NA
"Comoros",2016,"Moheli island","Moheli National Park","Mchaco","","Partially Restricted","National Park",NA,"Dead Standing coral","DC",0,NA,1,"DC",NA,"-12.383","43.875","","CORDIO","Post_RLE",NA,NA
"Comoros",2016,"Moheli island","Moheli National Park","Mchaco","","Partially Restricted","National Park",NA,"tabular","ct",0,NA,2,"HC","ct","-12.383","43.875","","CORDIO","Post_RLE",NA,NA
"Comoros",2016,"Moheli island","Moheli National Park","Mchaco","","Partially Restricted","National Park",NA,"Tape, wand, shadow","TWS",0,NA,1,"TWS",NA,"-12.383","43.875","","CORDIO","Post_RLE",NA,NA
"Comoros",2016,"Moheli island","Moheli National Park","Mchaco","","Partially Restricted","National Park",NA,"Algae-turf","ATRF",60.49,NA,1,"ATRF",NA,"-12.383","43.875","","CORDIO","Post_RLE",NA,NA
"Comoros",2016,"Moheli island","Moheli National Park","Mea","","Partially Restricted","National Park",NA,"Bare substrate","BS",0,NA,1,"BS",NA,"-12.382","43.74","","CORDIO","Post_RLE",NA,NA
"Comoros",2016,"Moheli island","Moheli National Park","Mea","","Partially Restricted","National Park",NA,"branching","cb",4.8,NA,2,"HC","cb","-12.382","43.74","","CORDIO","Post_RLE",NA,NA
"Comoros",2016,"Moheli island","Moheli National Park","Mea","","Partially Restricted","National Park",NA,"Coral","HC",4,NA,1,"HC",NA,"-12.382","43.74","","CORDIO","Post_RLE",NA,NA
"Comoros",2016,"Moheli island","Moheli National Park","Mea","","Partially Restricted","National Park",NA,"columnar","cc",0,NA,2,"HC","cc","-12.382","43.74","","CORDIO","Post_RLE",NA,NA
"Comoros",2016,"Moheli island","Moheli National Park","Mea","","Partially Restricted","National Park",NA,"Algae-coralline","ACOR",0,NA,1,"ACOR",NA,"-12.382","43.74","","CORDIO","Post_RLE",NA,NA
"Comoros",2016,"Moheli island","Moheli National Park","Mea","","Partially Restricted","National Park",NA,"encrusting","ce",1.6,NA,2,"HC","ce","-12.382","43.74","","CORDIO","Post_RLE",NA,NA
"Comoros",2016,"Moheli island","Moheli National Park","Mea","","Partially Restricted","National Park",NA,"foliaceous","cf",0,NA,2,"HC","cf","-12.382","43.74","","CORDIO","Post_RLE",NA,NA
"Comoros",2016,"Moheli island","Moheli National Park","Mea","","Partially Restricted","National Park",NA,"Inverts-other","INV",0.8,NA,1,"INV",NA,"-12.382","43.74","","CORDIO","Post_RLE",NA,NA
"Comoros",2016,"Moheli island","Moheli National Park","Mea","","Partially Restricted","National Park",NA,"Silt","SIL",0,NA,2,"SND","SIL","-12.382","43.74","","CORDIO","Post_RLE",NA,NA
"Comoros",2016,"Moheli island","Moheli National Park","Mea","","Partially Restricted","National Park",NA,"Algae-macro/fleshy","AMAC",0,NA,1,"AMAC",NA,"-12.382","43.74","","CORDIO","Post_RLE",NA,NA
"Comoros",2016,"Moheli island","Moheli National Park","Mea","","Partially Restricted","National Park",NA,"massive","cm",0.8,NA,2,"HC","cm","-12.382","43.74","","CORDIO","Post_RLE",NA,NA
"Comoros",2016,"Moheli island","Moheli National Park","Mea","","Partially Restricted","National Park",NA,"Rubble","RUB",4.8,NA,1,"RUB",NA,"-12.382","43.74","","CORDIO","Post_RLE",NA,NA
"Comoros",2016,"Moheli island","Moheli National Park","Mea","","Partially Restricted","National Park",NA,"Sand","SND",46.4,NA,1,"SND",NA,"-12.382","43.74","","CORDIO","Post_RLE",NA,NA
"Comoros",2016,"Moheli island","Moheli National Park","Mea","","Partially Restricted","National Park",NA,"Soft coral","SC",3.2,NA,1,"SC",NA,"-12.382","43.74","","CORDIO","Post_RLE",NA,NA
"Comoros",2016,"Moheli island","Moheli National Park","Mea","","Partially Restricted","National Park",NA,"Sponge","Spog",0,NA,2,"INV","Spog","-12.382","43.74","","CORDIO","Post_RLE",NA,NA
"Comoros",2016,"Moheli island","Moheli National Park","Mea","","Partially Restricted","National Park",NA,"Dead Standing coral","DC",1.6,NA,1,"DC",NA,"-12.382","43.74","","CORDIO","Post_RLE",NA,NA
"Comoros",2016,"Moheli island","Moheli National Park","Mea","","Partially Restricted","National Park",NA,"tabular","ct",0,NA,2,"HC","ct","-12.382","43.74","","CORDIO","Post_RLE",NA,NA
"Comoros",2016,"Moheli island","Moheli National Park","Mea","","Partially Restricted","National Park",NA,"Tape, wand, shadow","TWS",0,NA,1,"TWS",NA,"-12.382","43.74","","CORDIO","Post_RLE",NA,NA
"Comoros",2016,"Moheli island","Moheli National Park","Mea","","Partially Restricted","National Park",NA,"Algae-turf","ATRF",32,NA,1,"ATRF",NA,"-12.382","43.74","","CORDIO","Post_RLE",NA,NA
"Comoros",2016,"Moheli island","Moheli National Park","Mirereni","","Partially Restricted","National Park",NA,"Bare substrate","BS",6,NA,1,"BS",NA,"-12.34","43.65","","CORDIO","Post_RLE",NA,NA
"Comoros",2016,"Moheli island","Moheli National Park","Mirereni","","Partially Restricted","National Park",NA,"branching","cb",5.33,NA,2,"HC","cb","-12.34","43.65","","CORDIO","Post_RLE",NA,NA
"Comoros",2016,"Moheli island","Moheli National Park","Mirereni","","Partially Restricted","National Park",NA,"Coral","HC",14,NA,1,"HC",NA,"-12.34","43.65","","CORDIO","Post_RLE",NA,NA
"Comoros",2016,"Moheli island","Moheli National Park","Mirereni","","Partially Restricted","National Park",NA,"columnar","cc",0.67,NA,2,"HC","cc","-12.34","43.65","","CORDIO","Post_RLE",NA,NA
"Comoros",2016,"Moheli island","Moheli National Park","Mirereni","","Partially Restricted","National Park",NA,"Algae-coralline","ACOR",0,NA,1,"ACOR",NA,"-12.34","43.65","","CORDIO","Post_RLE",NA,NA
"Comoros",2016,"Moheli island","Moheli National Park","Mirereni","","Partially Restricted","National Park",NA,"encrusting","ce",16,NA,2,"HC","ce","-12.34","43.65","","CORDIO","Post_RLE",NA,NA
"Comoros",2016,"Moheli island","Moheli National Park","Mirereni","","Partially Restricted","National Park",NA,"foliaceous","cf",0,NA,2,"HC","cf","-12.34","43.65","","CORDIO","Post_RLE",NA,NA
"Comoros",2016,"Moheli island","Moheli National Park","Mirereni","","Partially Restricted","National Park",NA,"Inverts-other","INV",0,NA,1,"INV",NA,"-12.34","43.65","","CORDIO","Post_RLE",NA,NA
"Comoros",2016,"Moheli island","Moheli National Park","Mirereni","","Partially Restricted","National Park",NA,"Silt","SIL",0,NA,2,"SND","SIL","-12.34","43.65","","CORDIO","Post_RLE",NA,NA
"Comoros",2016,"Moheli island","Moheli National Park","Mirereni","","Partially Restricted","National Park",NA,"Algae-macro/fleshy","AMAC",0.67,NA,1,"AMAC",NA,"-12.34","43.65","","CORDIO","Post_RLE",NA,NA
"Comoros",2016,"Moheli island","Moheli National Park","Mirereni","","Partially Restricted","National Park",NA,"massive","cm",7.33,NA,2,"HC","cm","-12.34","43.65","","CORDIO","Post_RLE",NA,NA
"Comoros",2016,"Moheli island","Moheli National Park","Mirereni","","Partially Restricted","National Park",NA,"Rubble","RUB",17.33,NA,1,"RUB",NA,"-12.34","43.65","","CORDIO","Post_RLE",NA,NA
"Comoros",2016,"Moheli island","Moheli National Park","Mirereni","","Partially Restricted","National Park",NA,"Sand","SND",2,NA,1,"SND",NA,"-12.34","43.65","","CORDIO","Post_RLE",NA,NA
"Comoros",2016,"Moheli island","Moheli National Park","Mirereni","","Partially Restricted","National Park",NA,"Soft coral","SC",0,NA,1,"SC",NA,"-12.34","43.65","","CORDIO","Post_RLE",NA,NA
"Comoros",2016,"Moheli island","Moheli National Park","Mirereni","","Partially Restricted","National Park",NA,"Sponge","Spog",0,NA,2,"INV","Spog","-12.34","43.65","","CORDIO","Post_RLE",NA,NA
"Comoros",2016,"Moheli island","Moheli National Park","Mirereni","","Partially Restricted","National Park",NA,"Dead Standing coral","DC",1.33,NA,1,"DC",NA,"-12.34","43.65","","CORDIO","Post_RLE",NA,NA
"Comoros",2016,"Moheli island","Moheli National Park","Mirereni","","Partially Restricted","National Park",NA,"tabular","ct",0,NA,2,"HC","ct","-12.34","43.65","","CORDIO","Post_RLE",NA,NA
"Comoros",2016,"Moheli island","Moheli National Park","Mirereni","","Partially Restricted","National Park",NA,"Tape, wand, shadow","TWS",0,NA,1,"TWS",NA,"-12.34","43.65","","CORDIO","Post_RLE",NA,NA
"Comoros",2016,"Moheli island","Moheli National Park","Mirereni","","Partially Restricted","National Park",NA,"Algae-turf","ATRF",29.33,NA,1,"ATRF",NA,"-12.34","43.65","","CORDIO","Post_RLE",NA,NA
"Comoros",2016,"Moheli island","Moheli National Park","Nioumachoua","","Partially Restricted","National Park",NA,"Bare substrate","BS",8.04,3.7,1,"BS",NA,"-12.37","43.711","","CORDIO","RLE 2019",NA,NA
"Comoros",2016,"Moheli island","Moheli National Park","Nioumachoua","","Partially Restricted","National Park",NA,"branching","cb",19.87,1.24,2,"HC","cb","-12.37","43.711","","CORDIO","RLE 2019",NA,NA
"Comoros",2016,"Moheli island","Moheli National Park","Nioumachoua","","Partially Restricted","National Park",NA,"Coral","HC",15.24,4.63,1,"HC",NA,"-12.37","43.711","","CORDIO","RLE 2019",NA,NA
"Comoros",2016,"Moheli island","Moheli National Park","Nioumachoua","","Partially Restricted","National Park",NA,"columnar","cc",3.08,0.75,2,"HC","cc","-12.37","43.711","","CORDIO","RLE 2019",NA,NA
"Comoros",2016,"Moheli island","Moheli National Park","Nioumachoua","","Partially Restricted","National Park",NA,"Algae-coralline","ACOR",0,0,1,"ACOR",NA,"-12.37","43.711","","CORDIO","RLE 2019",NA,NA
"Comoros",2016,"Moheli island","Moheli National Park","Nioumachoua","","Partially Restricted","National Park",NA,"encrusting","ce",6.6,2.85,2,"HC","ce","-12.37","43.711","","CORDIO","RLE 2019",NA,NA
"Comoros",2016,"Moheli island","Moheli National Park","Nioumachoua","","Partially Restricted","National Park",NA,"foliaceous","cf",0.34,0.34,2,"HC","cf","-12.37","43.711","","CORDIO","RLE 2019",NA,NA
"Comoros",2016,"Moheli island","Moheli National Park","Nioumachoua","","Partially Restricted","National Park",NA,"Inverts-other","INV",0,0,1,"INV",NA,"-12.37","43.711","","CORDIO","RLE 2019",NA,NA
"Comoros",2016,"Moheli island","Moheli National Park","Nioumachoua","","Partially Restricted","National Park",NA,"Silt","SIL",0,0,2,"SND","SIL","-12.37","43.711","","CORDIO","RLE 2019",NA,NA
"Comoros",2016,"Moheli island","Moheli National Park","Nioumachoua","","Partially Restricted","National Park",NA,"Algae-macro/fleshy","AMAC",0.17,0.17,1,"AMAC",NA,"-12.37","43.711","","CORDIO","RLE 2019",NA,NA
"Comoros",2016,"Moheli island","Moheli National Park","Nioumachoua","","Partially Restricted","National Park",NA,"massive","cm",8.11,0.94,2,"HC","cm","-12.37","43.711","","CORDIO","RLE 2019",NA,NA
"Comoros",2016,"Moheli island","Moheli National Park","Nioumachoua","","Partially Restricted","National Park",NA,"Rubble","RUB",5.46,2.63,1,"RUB",NA,"-12.37","43.711","","CORDIO","RLE 2019",NA,NA
"Comoros",2016,"Moheli island","Moheli National Park","Nioumachoua","","Partially Restricted","National Park",NA,"Sand","SND",0.17,0.17,1,"SND",NA,"-12.37","43.711","","CORDIO","RLE 2019",NA,NA
"Comoros",2016,"Moheli island","Moheli National Park","Nioumachoua","","Partially Restricted","National Park",NA,"Soft coral","SC",0,0,1,"SC",NA,"-12.37","43.711","","CORDIO","RLE 2019",NA,NA
"Comoros",2016,"Moheli island","Moheli National Park","Nioumachoua","","Partially Restricted","National Park",NA,"Sponge","Spog",0.46,0.46,2,"INV","Spog","-12.37","43.711","","CORDIO","RLE 2019",NA,NA
"Comoros",2016,"Moheli island","Moheli National Park","Nioumachoua","","Partially Restricted","National Park",NA,"Dead Standing coral","DC",9.22,4.85,1,"DC",NA,"-12.37","43.711","","CORDIO","RLE 2019",NA,NA
"Comoros",2016,"Moheli island","Moheli National Park","Nioumachoua","","Partially Restricted","National Park",NA,"tabular","ct",0,0,2,"HC","ct","-12.37","43.711","","CORDIO","RLE 2019",NA,NA
"Comoros",2016,"Moheli island","Moheli National Park","Nioumachoua","","Partially Restricted","National Park",NA,"Tape, wand, shadow","TWS",0,0,1,"TWS",NA,"-12.37","43.711","","CORDIO","RLE 2019",NA,NA
"Comoros",2016,"Moheli island","Moheli National Park","Nioumachoua","","Partially Restricted","National Park",NA,"Algae-turf","ATRF",23.26,10.59,1,"ATRF",NA,"-12.37","43.711","","CORDIO","RLE 2019",NA,NA
"Comoros",2016,"Moheli island","Moheli National Park","Sambia_E","","Partially Restricted","National Park",NA,"Bare substrate","BS",14.21,NA,1,"BS",NA,"-12.395","43.805","","CORDIO","Post_RLE",NA,NA
"Comoros",2016,"Moheli island","Moheli National Park","Sambia_E","","Partially Restricted","National Park",NA,"branching","cb",0.8,NA,2,"HC","cb","-12.395","43.805","","CORDIO","Post_RLE",NA,NA
"Comoros",2016,"Moheli island","Moheli National Park","Sambia_E","","Partially Restricted","National Park",NA,"Coral","HC",0.8,NA,1,"HC",NA,"-12.395","43.805","","CORDIO","Post_RLE",NA,NA
"Comoros",2016,"Moheli island","Moheli National Park","Sambia_E","","Partially Restricted","National Park",NA,"columnar","cc",1.14,NA,2,"HC","cc","-12.395","43.805","","CORDIO","Post_RLE",NA,NA
"Comoros",2016,"Moheli island","Moheli National Park","Sambia_E","","Partially Restricted","National Park",NA,"Algae-coralline","ACOR",0,NA,1,"ACOR",NA,"-12.395","43.805","","CORDIO","Post_RLE",NA,NA
"Comoros",2016,"Moheli island","Moheli National Park","Sambia_E","","Partially Restricted","National Park",NA,"encrusting","ce",4,NA,2,"HC","ce","-12.395","43.805","","CORDIO","Post_RLE",NA,NA
"Comoros",2016,"Moheli island","Moheli National Park","Sambia_E","","Partially Restricted","National Park",NA,"foliaceous","cf",0,NA,2,"HC","cf","-12.395","43.805","","CORDIO","Post_RLE",NA,NA
"Comoros",2016,"Moheli island","Moheli National Park","Sambia_E","","Partially Restricted","National Park",NA,"Inverts-other","INV",0,NA,1,"INV",NA,"-12.395","43.805","","CORDIO","Post_RLE",NA,NA
"Comoros",2016,"Moheli island","Moheli National Park","Sambia_E","","Partially Restricted","National Park",NA,"Silt","SIL",2.18,NA,2,"SND","SIL","-12.395","43.805","","CORDIO","Post_RLE",NA,NA
"Comoros",2016,"Moheli island","Moheli National Park","Sambia_E","","Partially Restricted","National Park",NA,"Algae-macro/fleshy","AMAC",11.53,NA,1,"AMAC",NA,"-12.395","43.805","","CORDIO","Post_RLE",NA,NA
"Comoros",2016,"Moheli island","Moheli National Park","Sambia_E","","Partially Restricted","National Park",NA,"massive","cm",3.77,NA,2,"HC","cm","-12.395","43.805","","CORDIO","Post_RLE",NA,NA
"Comoros",2016,"Moheli island","Moheli National Park","Sambia_E","","Partially Restricted","National Park",NA,"Rubble","RUB",19.03,NA,1,"RUB",NA,"-12.395","43.805","","CORDIO","Post_RLE",NA,NA
"Comoros",2016,"Moheli island","Moheli National Park","Sambia_E","","Partially Restricted","National Park",NA,"Sand","SND",0,NA,1,"SND",NA,"-12.395","43.805","","CORDIO","Post_RLE",NA,NA
"Comoros",2016,"Moheli island","Moheli National Park","Sambia_E","","Partially Restricted","National Park",NA,"Soft coral","SC",2.13,NA,1,"SC",NA,"-12.395","43.805","","CORDIO","Post_RLE",NA,NA
"Comoros",2016,"Moheli island","Moheli National Park","Sambia_E","","Partially Restricted","National Park",NA,"Sponge","Spog",0,NA,2,"INV","Spog","-12.395","43.805","","CORDIO","Post_RLE",NA,NA
"Comoros",2016,"Moheli island","Moheli National Park","Sambia_E","","Partially Restricted","National Park",NA,"Dead Standing coral","DC",0.29,NA,1,"DC",NA,"-12.395","43.805","","CORDIO","Post_RLE",NA,NA
"Comoros",2016,"Moheli island","Moheli National Park","Sambia_E","","Partially Restricted","National Park",NA,"tabular","ct",0,NA,2,"HC","ct","-12.395","43.805","","CORDIO","Post_RLE",NA,NA
"Comoros",2016,"Moheli island","Moheli National Park","Sambia_E","","Partially Restricted","National Park",NA,"Tape, wand, shadow","TWS",0,NA,1,"TWS",NA,"-12.395","43.805","","CORDIO","Post_RLE",NA,NA
"Comoros",2016,"Moheli island","Moheli National Park","Sambia_E","","Partially Restricted","National Park",NA,"Algae-turf","ATRF",40.12,NA,1,"ATRF",NA,"-12.395","43.805","","CORDIO","Post_RLE",NA,NA
"Comoros",2016,"Moheli island","Moheli National Park","Sambia_W","","Partially Restricted","National Park",NA,"Bare substrate","BS",10.74,NA,1,"BS",NA,"-12.386","43.787","","CORDIO","Post_RLE",NA,NA
"Comoros",2016,"Moheli island","Moheli National Park","Sambia_W","","Partially Restricted","National Park",NA,"branching","cb",3.78,NA,2,"HC","cb","-12.386","43.787","","CORDIO","Post_RLE",NA,NA
"Comoros",2016,"Moheli island","Moheli National Park","Sambia_W","","Partially Restricted","National Park",NA,"Coral","HC",4.63,NA,1,"HC",NA,"-12.386","43.787","","CORDIO","Post_RLE",NA,NA
"Comoros",2016,"Moheli island","Moheli National Park","Sambia_W","","Partially Restricted","National Park",NA,"columnar","cc",1.36,NA,2,"HC","cc","-12.386","43.787","","CORDIO","Post_RLE",NA,NA
"Comoros",2016,"Moheli island","Moheli National Park","Sambia_W","","Partially Restricted","National Park",NA,"Algae-coralline","ACOR",0,NA,1,"ACOR",NA,"-12.386","43.787","","CORDIO","Post_RLE",NA,NA
"Comoros",2016,"Moheli island","Moheli National Park","Sambia_W","","Partially Restricted","National Park",NA,"encrusting","ce",14.25,NA,2,"HC","ce","-12.386","43.787","","CORDIO","Post_RLE",NA,NA
"Comoros",2016,"Moheli island","Moheli National Park","Sambia_W","","Partially Restricted","National Park",NA,"foliaceous","cf",0.27,NA,2,"HC","cf","-12.386","43.787","","CORDIO","Post_RLE",NA,NA
"Comoros",2016,"Moheli island","Moheli National Park","Sambia_W","","Partially Restricted","National Park",NA,"Inverts-other","INV",0,NA,1,"INV",NA,"-12.386","43.787","","CORDIO","Post_RLE",NA,NA
"Comoros",2016,"Moheli island","Moheli National Park","Sambia_W","","Partially Restricted","National Park",NA,"Silt","SIL",0.27,NA,2,"SND","SIL","-12.386","43.787","","CORDIO","Post_RLE",NA,NA
"Comoros",2016,"Moheli island","Moheli National Park","Sambia_W","","Partially Restricted","National Park",NA,"Algae-macro/fleshy","AMAC",7.58,NA,1,"AMAC",NA,"-12.386","43.787","","CORDIO","Post_RLE",NA,NA
"Comoros",2016,"Moheli island","Moheli National Park","Sambia_W","","Partially Restricted","National Park",NA,"massive","cm",6.13,NA,2,"HC","cm","-12.386","43.787","","CORDIO","Post_RLE",NA,NA
"Comoros",2016,"Moheli island","Moheli National Park","Sambia_W","","Partially Restricted","National Park",NA,"Rubble","RUB",5.89,NA,1,"RUB",NA,"-12.386","43.787","","CORDIO","Post_RLE",NA,NA
"Comoros",2016,"Moheli island","Moheli National Park","Sambia_W","","Partially Restricted","National Park",NA,"Sand","SND",0.53,NA,1,"SND",NA,"-12.386","43.787","","CORDIO","Post_RLE",NA,NA
"Comoros",2016,"Moheli island","Moheli National Park","Sambia_W","","Partially Restricted","National Park",NA,"Soft coral","SC",0.27,NA,1,"SC",NA,"-12.386","43.787","","CORDIO","Post_RLE",NA,NA
"Comoros",2016,"Moheli island","Moheli National Park","Sambia_W","","Partially Restricted","National Park",NA,"Sponge","Spog",0,NA,2,"INV","Spog","-12.386","43.787","","CORDIO","Post_RLE",NA,NA
"Comoros",2016,"Moheli island","Moheli National Park","Sambia_W","","Partially Restricted","National Park",NA,"Dead Standing coral","DC",3.73,NA,1,"DC",NA,"-12.386","43.787","","CORDIO","Post_RLE",NA,NA
"Comoros",2016,"Moheli island","Moheli National Park","Sambia_W","","Partially Restricted","National Park",NA,"tabular","ct",0,NA,2,"HC","ct","-12.386","43.787","","CORDIO","Post_RLE",NA,NA
"Comoros",2016,"Moheli island","Moheli National Park","Sambia_W","","Partially Restricted","National Park",NA,"Tape, wand, shadow","TWS",0,NA,1,"TWS",NA,"-12.386","43.787","","CORDIO","Post_RLE",NA,NA
"Comoros",2016,"Moheli island","Moheli National Park","Sambia_W","","Partially Restricted","National Park",NA,"Algae-turf","ATRF",40.58,NA,1,"ATRF",NA,"-12.386","43.787","","CORDIO","Post_RLE",NA,NA
"Comoros",2017,"Anjouan Island","Shisiwani National Park","Anlamadjou","","Partially Restricted","National Park",NA,"Acropora branching","acb",0.17,NA,2,"HC","acb","-12.19683333","44.22866667","","CORDIO/IOC","post_bl_2016",NA,NA
"Comoros",2017,"Anjouan Island","Shisiwani National Park","Anlamadjou","","Partially Restricted","National Park",NA,"Acropora digitate","acd",4.83,NA,2,"HC","acd","-12.19683333","44.22866667","","CORDIO/IOC","post_bl_2016",NA,NA
"Comoros",2017,"Anjouan Island","Shisiwani National Park","Anlamadjou","","Partially Restricted","National Park",NA,"Anemone","Anem",0.33,NA,2,"INV","Anem","-12.19683333","44.22866667","","CORDIO/IOC","post_bl_2016",NA,NA
"Comoros",2017,"Anjouan Island","Shisiwani National Park","Anlamadjou","","Partially Restricted","National Park",NA,"Bare substrate","BS",22.83,NA,1,"BS",NA,"-12.19683333","44.22866667","","CORDIO/IOC","post_bl_2016",NA,NA
"Comoros",2017,"Anjouan Island","Shisiwani National Park","Anlamadjou","","Partially Restricted","National Park",NA,"branching","cb",0.17,NA,2,"HC","cb","-12.19683333","44.22866667","","CORDIO/IOC","post_bl_2016",NA,NA
"Comoros",2017,"Anjouan Island","Shisiwani National Park","Anlamadjou","","Partially Restricted","National Park",NA,"encrusting","ce",6.58,NA,2,"HC","ce","-12.19683333","44.22866667","","CORDIO/IOC","post_bl_2016",NA,NA
"Comoros",2017,"Anjouan Island","Shisiwani National Park","Anlamadjou","","Partially Restricted","National Park",NA,"foliaceous","cf",21.17,NA,2,"HC","cf","-12.19683333","44.22866667","","CORDIO/IOC","post_bl_2016",NA,NA
"Comoros",2017,"Anjouan Island","Shisiwani National Park","Anlamadjou","","Partially Restricted","National Park",NA,"massive","cm",3.58,NA,2,"HC","cm","-12.19683333","44.22866667","","CORDIO/IOC","post_bl_2016",NA,NA
"Comoros",2017,"Anjouan Island","Shisiwani National Park","Anlamadjou","","Partially Restricted","National Park",NA,"Dead Standing coral","DC",11.58,NA,1,"DC",NA,"-12.19683333","44.22866667","","CORDIO/IOC","post_bl_2016",NA,NA
"Comoros",2017,"Anjouan Island","Shisiwani National Park","Anlamadjou","","Partially Restricted","National Park",NA,"Coral","HC",0.25,NA,1,"HC",NA,"-12.19683333","44.22866667","","CORDIO/IOC","post_bl_2016",NA,NA
"Comoros",2017,"Anjouan Island","Shisiwani National Park","Anlamadjou","","Partially Restricted","National Park",NA,"mushroom","mush",0.33,NA,2,"HC","mush","-12.19683333","44.22866667","","CORDIO/IOC","post_bl_2016",NA,NA
"Comoros",2017,"Anjouan Island","Shisiwani National Park","Anlamadjou","","Partially Restricted","National Park",NA,"Porites branching","porB",17.17,NA,3,"HC","cb","-12.19683333","44.22866667","","CORDIO/IOC","post_bl_2016",NA,NA
"Comoros",2017,"Anjouan Island","Shisiwani National Park","Anlamadjou","","Partially Restricted","National Park",NA,"Rubble","RUB",8.67,NA,1,"RUB",NA,"-12.19683333","44.22866667","","CORDIO/IOC","post_bl_2016",NA,NA
"Comoros",2017,"Anjouan Island","Shisiwani National Park","Anlamadjou","","Partially Restricted","National Park",NA,"Sand","SND",2.33,NA,1,"SND",NA,"-12.19683333","44.22866667","","CORDIO/IOC","post_bl_2016",NA,NA
"Comoros",2017,"Anjouan Island","Domoni","Bambao_mtsanga","","Open access","Open access",NA,"Bare substrate","BS",47.5,NA,1,"BS",NA,"-12.20883333","44.5225","","CORDIO/IOC","post_bl_2016",NA,NA
"Comoros",2017,"Anjouan Island","Domoni","Bambao_mtsanga","","Open access","Open access",NA,"encrusting","ce",3.68,NA,2,"HC","ce","-12.20883333","44.5225","","CORDIO/IOC","post_bl_2016",NA,NA
"Comoros",2017,"Anjouan Island","Domoni","Bambao_mtsanga","","Open access","Open access",NA,"foliaceous","cf",1.83,NA,2,"HC","cf","-12.20883333","44.5225","","CORDIO/IOC","post_bl_2016",NA,NA
"Comoros",2017,"Anjouan Island","Domoni","Bambao_mtsanga","","Open access","Open access",NA,"massive","cm",17.42,NA,2,"HC","cm","-12.20883333","44.5225","","CORDIO/IOC","post_bl_2016",NA,NA
"Comoros",2017,"Anjouan Island","Domoni","Bambao_mtsanga","","Open access","Open access",NA,"Dead Standing coral","DC",24.32,NA,1,"DC",NA,"-12.20883333","44.5225","","CORDIO/IOC","post_bl_2016",NA,NA
"Comoros",2017,"Anjouan Island","Domoni","Bambao_mtsanga","","Open access","Open access",NA,"Coral","HC",0.83,NA,1,"HC",NA,"-12.20883333","44.5225","","CORDIO/IOC","post_bl_2016",NA,NA
"Comoros",2017,"Anjouan Island","Domoni","Bambao_mtsanga","","Open access","Open access",NA,"Silt","SIL",4.42,NA,2,"SND","SIL","-12.20883333","44.5225","","CORDIO/IOC","post_bl_2016",NA,NA
"Comoros",2017,"Grand Comore","Itsandra","Bandamadji","","Open access","Open access",NA,"Acropora digitate","acd",17.92,NA,2,"HC","acd","-11.67013333","43.26388333","","CORDIO/IOC","post_bl_2016",NA,NA
"Comoros",2017,"Grand Comore","Itsandra","Bandamadji","","Open access","Open access",NA,"Bare substrate","BS",18.17,NA,1,"BS",NA,"-11.67013333","43.26388333","","CORDIO/IOC","post_bl_2016",NA,NA
"Comoros",2017,"Grand Comore","Itsandra","Bandamadji","","Open access","Open access",NA,"encrusting","ce",4.5,NA,2,"HC","ce","-11.67013333","43.26388333","","CORDIO/IOC","post_bl_2016",NA,NA
"Comoros",2017,"Grand Comore","Itsandra","Bandamadji","","Open access","Open access",NA,"massive","cm",29.42,NA,2,"HC","cm","-11.67013333","43.26388333","","CORDIO/IOC","post_bl_2016",NA,NA
"Comoros",2017,"Grand Comore","Itsandra","Bandamadji","","Open access","Open access",NA,"submassive","cs",2.67,NA,2,"HC","cs","-11.67013333","43.26388333","","CORDIO/IOC","post_bl_2016",NA,NA
"Comoros",2017,"Grand Comore","Itsandra","Bandamadji","","Open access","Open access",NA,"Dead Standing coral","DC",3.08,NA,1,"DC",NA,"-11.67013333","43.26388333","","CORDIO/IOC","post_bl_2016",NA,NA
"Comoros",2017,"Grand Comore","Itsandra","Bandamadji","","Open access","Open access",NA,"Porites massive","porM",2.67,NA,3,"HC","cm","-11.67013333","43.26388333","","CORDIO/IOC","post_bl_2016",NA,NA
"Comoros",2017,"Grand Comore","Itsandra","Bandamadji","","Open access","Open access",NA,"Rubble","RUB",7.75,NA,1,"RUB",NA,"-11.67013333","43.26388333","","CORDIO/IOC","post_bl_2016",NA,NA
"Comoros",2017,"Grand Comore","Itsandra","Bandamadji","","Open access","Open access",NA,"Soft coral","SC",0.17,NA,1,"SC",NA,"-11.67013333","43.26388333","","CORDIO/IOC","post_bl_2016",NA,NA
"Comoros",2017,"Grand Comore","Itsandra","Bandamadji","","Open access","Open access",NA,"Silt","SIL",1.33,NA,2,"SND","SIL","-11.67013333","43.26388333","","CORDIO/IOC","post_bl_2016",NA,NA
"Comoros",2017,"Grand Comore","Itsandra","Bandamadji","","Open access","Open access",NA,"Sand","SND",12.33,NA,1,"SND",NA,"-11.67013333","43.26388333","","CORDIO/IOC","post_bl_2016",NA,NA
"Comoros",2017,"Moheli island","Moheli National Park","Mea","","Partially Restricted","National Park",NA,"Acropora branching","acb",10.1,NA,2,"HC","acb","-12.38165","43.73766667","","CORDIO/IOC","post_bl_2016",NA,NA
"Comoros",2017,"Moheli island","Moheli National Park","Mea","","Partially Restricted","National Park",NA,"Acropora digitate","acd",23,NA,2,"HC","acd","-12.38165","43.73766667","","CORDIO/IOC","post_bl_2016",NA,NA
"Comoros",2017,"Moheli island","Moheli National Park","Mea","","Partially Restricted","National Park",NA,"Acropora encrusting","ace",0.8,NA,2,"HC","ace","-12.38165","43.73766667","","CORDIO/IOC","post_bl_2016",NA,NA
"Comoros",2017,"Moheli island","Moheli National Park","Mea","","Partially Restricted","National Park",NA,"Acropora tabulate","act",0.2,NA,2,"HC","act","-12.38165","43.73766667","","CORDIO/IOC","post_bl_2016",NA,NA
"Comoros",2017,"Moheli island","Moheli National Park","Mea","","Partially Restricted","National Park",NA,"Algae-Halimeda","AHAL",1,NA,1,"AHAL",NA,"-12.38165","43.73766667","","CORDIO/IOC","post_bl_2016",NA,NA
"Comoros",2017,"Moheli island","Moheli National Park","Mea","","Partially Restricted","National Park",NA,"Dead Standing coral","DC",8.5,NA,1,"DC",NA,"-12.38165","43.73766667","","CORDIO/IOC","post_bl_2016",NA,NA
"Comoros",2017,"Moheli island","Moheli National Park","Mea","","Partially Restricted","National Park",NA,"Favia","fav",4.6,NA,3,"HC","cm","-12.38165","43.73766667","","CORDIO/IOC","post_bl_2016",NA,NA
"Comoros",2017,"Moheli island","Moheli National Park","Mea","","Partially Restricted","National Park",NA,"Goniastrea","gon",1,NA,3,"HC","cm","-12.38165","43.73766667","","CORDIO/IOC","post_bl_2016",NA,NA
"Comoros",2017,"Moheli island","Moheli National Park","Mea","","Partially Restricted","National Park",NA,"Inverts-other","INV",1,NA,1,"INV",NA,"-12.38165","43.73766667","","CORDIO/IOC","post_bl_2016",NA,NA
"Comoros",2017,"Moheli island","Moheli National Park","Mea","","Partially Restricted","National Park",NA,"mushroom","mush",3.2,NA,2,"HC","mush","-12.38165","43.73766667","","CORDIO/IOC","post_bl_2016",NA,NA
"Comoros",2017,"Moheli island","Moheli National Park","Mea","","Partially Restricted","National Park",NA,"Pavona","pav",1,NA,3,"HC","cf/cb/ce/cs","-12.38165","43.73766667","","CORDIO/IOC","post_bl_2016",NA,NA
"Comoros",2017,"Moheli island","Moheli National Park","Mea","","Partially Restricted","National Park",NA,"Pocillopora","poc",1.5,NA,3,"HC","cb","-12.38165","43.73766667","","CORDIO/IOC","post_bl_2016",NA,NA
"Comoros",2017,"Moheli island","Moheli National Park","Mea","","Partially Restricted","National Park",NA,"Porites branching","porB",2.1,NA,3,"HC","cb","-12.38165","43.73766667","","CORDIO/IOC","post_bl_2016",NA,NA
"Comoros",2017,"Moheli island","Moheli National Park","Mea","","Partially Restricted","National Park",NA,"Porites massive","porM",15.4,NA,3,"HC","cm","-12.38165","43.73766667","","CORDIO/IOC","post_bl_2016",NA,NA
"Comoros",2017,"Moheli island","Moheli National Park","Mea","","Partially Restricted","National Park",NA,"Recent Dead Coral","RDC",4,NA,1,"RDC",NA,"-12.38165","43.73766667","","CORDIO/IOC","post_bl_2016",NA,NA
"Comoros",2017,"Moheli island","Moheli National Park","Mea","","Partially Restricted","National Park",NA,"Rubble","RUB",11.4,NA,1,"RUB",NA,"-12.38165","43.73766667","","CORDIO/IOC","post_bl_2016",NA,NA
"Comoros",2017,"Moheli island","Moheli National Park","Mea","","Partially Restricted","National Park",NA,"Sand","SND",11.2,NA,1,"SND",NA,"-12.38165","43.73766667","","CORDIO/IOC","post_bl_2016",NA,NA
"Comoros",2017,"Grand Comore","Mitsamiuli Ndroude National Park","Mitsamiuli","Forereef","Partially restricted","National Park",NA,"Acropora digitate","acd",18.62,NA,2,"HC","acd","-11.3758","43.3097","","CORDIO/IOC","post_bl_2016",NA,NA
"Comoros",2017,"Grand Comore","Mitsamiuli Ndroude National Park","Mitsamiuli","Forereef","Partially restricted","National Park",NA,"Anemone","Anem",1,NA,2,"INV","Anem","-11.3758","43.3097","","CORDIO/IOC","post_bl_2016",NA,NA
"Comoros",2017,"Grand Comore","Mitsamiuli Ndroude National Park","Mitsamiuli","Forereef","Partially restricted","National Park",NA,"Bare substrate","BS",5.83,NA,1,"BS",NA,"-11.3758","43.3097","","CORDIO/IOC","post_bl_2016",NA,NA
"Comoros",2017,"Grand Comore","Mitsamiuli Ndroude National Park","Mitsamiuli","Forereef","Partially restricted","National Park",NA,"encrusting","ce",1.18,NA,2,"HC","ce","-11.3758","43.3097","","CORDIO/IOC","post_bl_2016",NA,NA
"Comoros",2017,"Grand Comore","Mitsamiuli Ndroude National Park","Mitsamiuli","Forereef","Partially restricted","National Park",NA,"massive","cm",22.92,NA,2,"HC","cm","-11.3758","43.3097","","CORDIO/IOC","post_bl_2016",NA,NA
"Comoros",2017,"Grand Comore","Mitsamiuli Ndroude National Park","Mitsamiuli","Forereef","Partially restricted","National Park",NA,"Dead Standing coral","DC",14.77,NA,1,"DC",NA,"-11.3758","43.3097","","CORDIO/IOC","post_bl_2016",NA,NA
"Comoros",2017,"Grand Comore","Mitsamiuli Ndroude National Park","Mitsamiuli","Forereef","Partially restricted","National Park",NA,"Coral","HC",0.92,NA,1,"HC",NA,"-11.3758","43.3097","","CORDIO/IOC","post_bl_2016",NA,NA
"Comoros",2017,"Grand Comore","Mitsamiuli Ndroude National Park","Mitsamiuli","Forereef","Partially restricted","National Park",NA,"Porites branching","porB",14.2,NA,3,"HC","cb","-11.3758","43.3097","","CORDIO/IOC","post_bl_2016",NA,NA
"Comoros",2017,"Grand Comore","Mitsamiuli Ndroude National Park","Mitsamiuli","Forereef","Partially restricted","National Park",NA,"Rubble","RUB",9.25,NA,1,"RUB",NA,"-11.3758","43.3097","","CORDIO/IOC","post_bl_2016",NA,NA
"Comoros",2017,"Grand Comore","Mitsamiuli Ndroude National Park","Mitsamiuli","Forereef","Partially restricted","National Park",NA,"Sand","SND",11.32,NA,1,"SND",NA,"-11.3758","43.3097","","CORDIO/IOC","post_bl_2016",NA,NA
"Comoros",2017,"Moheli island","Moheli National Park","Nkandzoni","","Partially Restricted","National Park",NA,"Acropora branching","acb",2,NA,2,"HC","acb","-12.2443","43.3972","","CORDIO/IOC","post_bl_2016",NA,NA
"Comoros",2017,"Moheli island","Moheli National Park","Nkandzoni","","Partially Restricted","National Park",NA,"Acropora digitate","acd",11.32,NA,2,"HC","acd","-12.2443","43.3972","","CORDIO/IOC","post_bl_2016",NA,NA
"Comoros",2017,"Moheli island","Moheli National Park","Nkandzoni","","Partially Restricted","National Park",NA,"Algae-coralline","ACOR",2,NA,1,"ACOR",NA,"-12.2443","43.3972","","CORDIO/IOC","post_bl_2016",NA,NA
"Comoros",2017,"Moheli island","Moheli National Park","Nkandzoni","","Partially Restricted","National Park",NA,"Acropora tabulate","act",4.5,NA,2,"HC","act","-12.2443","43.3972","","CORDIO/IOC","post_bl_2016",NA,NA
"Comoros",2017,"Moheli island","Moheli National Park","Nkandzoni","","Partially Restricted","National Park",NA,"Algae-Halimeda","AHAL",3.1,NA,1,"AHAL",NA,"-12.2443","43.3972","","CORDIO/IOC","post_bl_2016",NA,NA
"Comoros",2017,"Moheli island","Moheli National Park","Nkandzoni","","Partially Restricted","National Park",NA,"Algae-macro/fleshy","AMAC",1,NA,1,"AMAC",NA,"-12.2443","43.3972","","CORDIO/IOC","post_bl_2016",NA,NA
"Comoros",2017,"Moheli island","Moheli National Park","Nkandzoni","","Partially Restricted","National Park",NA,"Bare substrate","BS",9.4,NA,1,"BS",NA,"-12.2443","43.3972","","CORDIO/IOC","post_bl_2016",NA,NA
"Comoros",2017,"Moheli island","Moheli National Park","Nkandzoni","","Partially Restricted","National Park",NA,"encrusting","ce",0.9,NA,2,"HC","ce","-12.2443","43.3972","","CORDIO/IOC","post_bl_2016",NA,NA
"Comoros",2017,"Moheli island","Moheli National Park","Nkandzoni","","Partially Restricted","National Park",NA,"massive","cm",3.4,NA,2,"HC","cm","-12.2443","43.3972","","CORDIO/IOC","post_bl_2016",NA,NA
"Comoros",2017,"Moheli island","Moheli National Park","Nkandzoni","","Partially Restricted","National Park",NA,"submassive","cs",0.2,NA,2,"HC","cs","-12.2443","43.3972","","CORDIO/IOC","post_bl_2016",NA,NA
"Comoros",2017,"Moheli island","Moheli National Park","Nkandzoni","","Partially Restricted","National Park",NA,"Dead Standing coral","DC",16.98,NA,1,"DC",NA,"-12.2443","43.3972","","CORDIO/IOC","post_bl_2016",NA,NA
"Comoros",2017,"Moheli island","Moheli National Park","Nkandzoni","","Partially Restricted","National Park",NA,"Favia","fav",2.9,NA,3,"HC","cm","-12.2443","43.3972","","CORDIO/IOC","post_bl_2016",NA,NA
"Comoros",2017,"Moheli island","Moheli National Park","Nkandzoni","","Partially Restricted","National Park",NA,"Goniastrea","gon",1.6,NA,3,"HC","cm","-12.2443","43.3972","","CORDIO/IOC","post_bl_2016",NA,NA
"Comoros",2017,"Moheli island","Moheli National Park","Nkandzoni","","Partially Restricted","National Park",NA,"Inverts-other","INV",2,NA,1,"INV",NA,"-12.2443","43.3972","","CORDIO/IOC","post_bl_2016",NA,NA
"Comoros",2017,"Moheli island","Moheli National Park","Nkandzoni","","Partially Restricted","National Park",NA,"mushroom","mush",1,NA,2,"HC","mush","-12.2443","43.3972","","CORDIO/IOC","post_bl_2016",NA,NA
"Comoros",2017,"Moheli island","Moheli National Park","Nkandzoni","","Partially Restricted","National Park",NA,"Pavona","pav",1,NA,3,"HC","cf/cb/ce/cs","-12.2443","43.3972","","CORDIO/IOC","post_bl_2016",NA,NA
"Comoros",2017,"Moheli island","Moheli National Park","Nkandzoni","","Partially Restricted","National Park",NA,"Pocillopora","poc",2.9,NA,3,"HC","cb","-12.2443","43.3972","","CORDIO/IOC","post_bl_2016",NA,NA
"Comoros",2017,"Moheli island","Moheli National Park","Nkandzoni","","Partially Restricted","National Park",NA,"Porites branching","porB",2,NA,3,"HC","cb","-12.2443","43.3972","","CORDIO/IOC","post_bl_2016",NA,NA
"Comoros",2017,"Moheli island","Moheli National Park","Nkandzoni","","Partially Restricted","National Park",NA,"Porites massive","porM",2.1,NA,3,"HC","cm","-12.2443","43.3972","","CORDIO/IOC","post_bl_2016",NA,NA
"Comoros",2017,"Moheli island","Moheli National Park","Nkandzoni","","Partially Restricted","National Park",NA,"Recent Dead Coral","RDC",2.6,NA,1,"RDC",NA,"-12.2443","43.3972","","CORDIO/IOC","post_bl_2016",NA,NA
"Comoros",2017,"Moheli island","Moheli National Park","Nkandzoni","","Partially Restricted","National Park",NA,"Rubble","RUB",19.2,NA,1,"RUB",NA,"-12.2443","43.3972","","CORDIO/IOC","post_bl_2016",NA,NA
"Comoros",2017,"Moheli island","Moheli National Park","Nkandzoni","","Partially Restricted","National Park",NA,"Soft coral","SC",7.9,NA,1,"SC",NA,"-12.2443","43.3972","","CORDIO/IOC","post_bl_2016",NA,NA
"Comoros",2017,"Anjouan Island","Ouani","Ouani_01","","Open access","Open access",NA,"Acropora branching","acb",6.42,NA,2,"HC","acb","-12.0647","44.2557","","CORDIO/IOC","post_bl_2016",NA,NA
"Comoros",2017,"Anjouan Island","Ouani","Ouani_01","","Open access","Open access",NA,"Acropora digitate","acd",14.67,NA,2,"HC","acd","-12.0647","44.2557","","CORDIO/IOC","post_bl_2016",NA,NA
"Comoros",2017,"Anjouan Island","Ouani","Ouani_01","","Open access","Open access",NA,"Acropora tabulate","act",0.42,NA,2,"HC","act","-12.0647","44.2557","","CORDIO/IOC","post_bl_2016",NA,NA
"Comoros",2017,"Anjouan Island","Ouani","Ouani_01","","Open access","Open access",NA,"Bare substrate","BS",26.42,NA,1,"BS",NA,"-12.0647","44.2557","","CORDIO/IOC","post_bl_2016",NA,NA
"Comoros",2017,"Anjouan Island","Ouani","Ouani_01","","Open access","Open access",NA,"encrusting","ce",5.5,NA,2,"HC","ce","-12.0647","44.2557","","CORDIO/IOC","post_bl_2016",NA,NA
"Comoros",2017,"Anjouan Island","Ouani","Ouani_01","","Open access","Open access",NA,"foliaceous","cf",0.33,NA,2,"HC","cf","-12.0647","44.2557","","CORDIO/IOC","post_bl_2016",NA,NA
"Comoros",2017,"Anjouan Island","Ouani","Ouani_01","","Open access","Open access",NA,"massive","cm",7.75,NA,2,"HC","cm","-12.0647","44.2557","","CORDIO/IOC","post_bl_2016",NA,NA
"Comoros",2017,"Anjouan Island","Ouani","Ouani_01","","Open access","Open access",NA,"Dead Standing coral","DC",4.67,NA,1,"DC",NA,"-12.0647","44.2557","","CORDIO/IOC","post_bl_2016",NA,NA
"Comoros",2017,"Anjouan Island","Ouani","Ouani_01","","Open access","Open access",NA,"Favia","fav",1.58,NA,3,"HC","cm","-12.0647","44.2557","","CORDIO/IOC","post_bl_2016",NA,NA
"Comoros",2017,"Anjouan Island","Ouani","Ouani_01","","Open access","Open access",NA,"Goniastrea","gon",24.75,NA,3,"HC","cm","-12.0647","44.2557","","CORDIO/IOC","post_bl_2016",NA,NA
"Comoros",2017,"Anjouan Island","Ouani","Ouani_01","","Open access","Open access",NA,"Hydroids","Hydr",0.08,NA,2,"INV","Hydr","-12.0647","44.2557","","CORDIO/IOC","post_bl_2016",NA,NA
"Comoros",2017,"Anjouan Island","Ouani","Ouani_01","","Open access","Open access",NA,"mushroom","mush",0.25,NA,2,"HC","mush","-12.0647","44.2557","","CORDIO/IOC","post_bl_2016",NA,NA
"Comoros",2017,"Anjouan Island","Ouani","Ouani_01","","Open access","Open access",NA,"Pocillopora","poc",0.17,NA,3,"HC","cb","-12.0647","44.2557","","CORDIO/IOC","post_bl_2016",NA,NA
"Comoros",2017,"Anjouan Island","Ouani","Ouani_01","","Open access","Open access",NA,"Porites branching","porB",3,NA,3,"HC","cb","-12.0647","44.2557","","CORDIO/IOC","post_bl_2016",NA,NA
"Comoros",2017,"Anjouan Island","Ouani","Ouani_01","","Open access","Open access",NA,"Rubble","RUB",4,NA,1,"RUB",NA,"-12.0647","44.2557","","CORDIO/IOC","post_bl_2016",NA,NA
"Comoros",2017,"Grand Comore","Moroni","Retaj","","Open access","Open access",NA,"Acropora branching","acb",3.34,NA,2,"HC","acb","-11.43","43.1712","","CORDIO/IOC","post_bl_2016",NA,NA
"Comoros",2017,"Grand Comore","Moroni","Retaj","","Open access","Open access",NA,"Acropora digitate","acd",13.9,NA,2,"HC","acd","-11.43","43.1712","","CORDIO/IOC","post_bl_2016",NA,NA
"Comoros",2017,"Grand Comore","Moroni","Retaj","","Open access","Open access",NA,"Acropora tabulate","act",8.5,NA,2,"HC","act","-11.43","43.1712","","CORDIO/IOC","post_bl_2016",NA,NA
"Comoros",2017,"Grand Comore","Moroni","Retaj","","Open access","Open access",NA,"Bare substrate","BS",6.2,NA,1,"BS",NA,"-11.43","43.1712","","CORDIO/IOC","post_bl_2016",NA,NA
"Comoros",2017,"Grand Comore","Moroni","Retaj","","Open access","Open access",NA,"branching","cb",1,NA,2,"HC","cb","-11.43","43.1712","","CORDIO/IOC","post_bl_2016",NA,NA
"Comoros",2017,"Grand Comore","Moroni","Retaj","","Open access","Open access",NA,"encrusting","ce",5.3,NA,2,"HC","ce","-11.43","43.1712","","CORDIO/IOC","post_bl_2016",NA,NA
"Comoros",2017,"Grand Comore","Moroni","Retaj","","Open access","Open access",NA,"massive","cm",47.5,NA,2,"HC","cm","-11.43","43.1712","","CORDIO/IOC","post_bl_2016",NA,NA
"Comoros",2017,"Grand Comore","Moroni","Retaj","","Open access","Open access",NA,"Millepora","cme",0.1,NA,2,"HC","cme","-11.43","43.1712","","CORDIO/IOC","post_bl_2016",NA,NA
"Comoros",2017,"Grand Comore","Moroni","Retaj","","Open access","Open access",NA,"submassive","cs",8.26,NA,2,"HC","cs","-11.43","43.1712","","CORDIO/IOC","post_bl_2016",NA,NA
"Comoros",2017,"Grand Comore","Moroni","Retaj","","Open access","Open access",NA,"Recent Dead Coral","RDC",1,NA,1,"RDC",NA,"-11.43","43.1712","","CORDIO/IOC","post_bl_2016",NA,NA
"Comoros",2017,"Grand Comore","Moroni","Retaj","","Open access","Open access",NA,"Rubble","RUB",2.6,NA,1,"RUB",NA,"-11.43","43.1712","","CORDIO/IOC","post_bl_2016",NA,NA
"Comoros",2017,"Grand Comore","Moroni","Retaj","","Open access","Open access",NA,"Soft coral","SC",1.2,NA,1,"SC",NA,"-11.43","43.1712","","CORDIO/IOC","post_bl_2016",NA,NA
"Comoros",2017,"Grand Comore","Moroni","Retaj","","Open access","Open access",NA,"Sand","SND",1.1,NA,1,"SND",NA,"-11.43","43.1712","","CORDIO/IOC","post_bl_2016",NA,NA
"Comoros",2017,"Moheli island","Moheli National Park","Sambia_W","","Partially Restricted","National Park",NA,"Acropora digitate","acd",14.4,NA,2,"HC","acd","-12.38331667","43.78685","","CORDIO/IOC","post_bl_2016",NA,NA
"Comoros",2017,"Moheli island","Moheli National Park","Sambia_W","","Partially Restricted","National Park",NA,"Algae-coralline","ACOR",1.2,NA,1,"ACOR",NA,"-12.38331667","43.78685","","CORDIO/IOC","post_bl_2016",NA,NA
"Comoros",2017,"Moheli island","Moheli National Park","Sambia_W","","Partially Restricted","National Park",NA,"Algae-Halimeda","AHAL",3.5,NA,1,"AHAL",NA,"-12.38331667","43.78685","","CORDIO/IOC","post_bl_2016",NA,NA
"Comoros",2017,"Moheli island","Moheli National Park","Sambia_W","","Partially Restricted","National Park",NA,"Algae-macro/fleshy","AMAC",1.8,NA,1,"AMAC",NA,"-12.38331667","43.78685","","CORDIO/IOC","post_bl_2016",NA,NA
"Comoros",2017,"Moheli island","Moheli National Park","Sambia_W","","Partially Restricted","National Park",NA,"Anemone","Anem",0.7,NA,2,"INV","Anem","-12.38331667","43.78685","","CORDIO/IOC","post_bl_2016",NA,NA
"Comoros",2017,"Moheli island","Moheli National Park","Sambia_W","","Partially Restricted","National Park",NA,"encrusting","ce",0.5,NA,2,"HC","ce","-12.38331667","43.78685","","CORDIO/IOC","post_bl_2016",NA,NA
"Comoros",2017,"Moheli island","Moheli National Park","Sambia_W","","Partially Restricted","National Park",NA,"massive","cm",14.7,NA,2,"HC","cm","-12.38331667","43.78685","","CORDIO/IOC","post_bl_2016",NA,NA
"Comoros",2017,"Moheli island","Moheli National Park","Sambia_W","","Partially Restricted","National Park",NA,"Dead Standing coral","DC",13.4,NA,1,"DC",NA,"-12.38331667","43.78685","","CORDIO/IOC","post_bl_2016",NA,NA
"Comoros",2017,"Moheli island","Moheli National Park","Sambia_W","","Partially Restricted","National Park",NA,"Diploastrea","dip",0.5,NA,3,"HC","cm","-12.38331667","43.78685","","CORDIO/IOC","post_bl_2016",NA,NA
"Comoros",2017,"Moheli island","Moheli National Park","Sambia_W","","Partially Restricted","National Park",NA,"Favia","fav",1.7,NA,3,"HC","cm","-12.38331667","43.78685","","CORDIO/IOC","post_bl_2016",NA,NA
"Comoros",2017,"Moheli island","Moheli National Park","Sambia_W","","Partially Restricted","National Park",NA,"Galaxea","gal",1.5,NA,3,"HC","cm","-12.38331667","43.78685","","CORDIO/IOC","post_bl_2016",NA,NA
"Comoros",2017,"Moheli island","Moheli National Park","Sambia_W","","Partially Restricted","National Park",NA,"Pavona","pav",4.3,NA,3,"HC","cf/cb/ce/cs","-12.38331667","43.78685","","CORDIO/IOC","post_bl_2016",NA,NA
"Comoros",2017,"Moheli island","Moheli National Park","Sambia_W","","Partially Restricted","National Park",NA,"Pocillopora","poc",6.1,NA,3,"HC","cb","-12.38331667","43.78685","","CORDIO/IOC","post_bl_2016",NA,NA
"Comoros",2017,"Moheli island","Moheli National Park","Sambia_W","","Partially Restricted","National Park",NA,"Porites branching","porB",3.9,NA,3,"HC","cb","-12.38331667","43.78685","","CORDIO/IOC","post_bl_2016",NA,NA
"Comoros",2017,"Moheli island","Moheli National Park","Sambia_W","","Partially Restricted","National Park",NA,"Porites massive","porM",1.2,NA,3,"HC","cm","-12.38331667","43.78685","","CORDIO/IOC","post_bl_2016",NA,NA
"Comoros",2017,"Moheli island","Moheli National Park","Sambia_W","","Partially Restricted","National Park",NA,"Recent Dead Coral","RDC",5.8,NA,1,"RDC",NA,"-12.38331667","43.78685","","CORDIO/IOC","post_bl_2016",NA,NA
"Comoros",2017,"Moheli island","Moheli National Park","Sambia_W","","Partially Restricted","National Park",NA,"Rubble","RUB",18.7,NA,1,"RUB",NA,"-12.38331667","43.78685","","CORDIO/IOC","post_bl_2016",NA,NA
"Comoros",2017,"Moheli island","Moheli National Park","Sambia_W","","Partially Restricted","National Park",NA,"Sand","SND",5.2,NA,1,"SND",NA,"-12.38331667","43.78685","","CORDIO/IOC","post_bl_2016",NA,NA
"Comoros",2017,"Moheli island","Moheli National Park","Sambia_W","","Partially Restricted","National Park",NA,"Unidentified","UNID",0.9,NA,1,"UNID",NA,"-12.38331667","43.78685","","CORDIO/IOC","post_bl_2016",NA,NA
"Comoros",2018,"Moheli island","Moheli National Park","Ferenga","","Partially Restricted","National Park",NA,"Coral","HC",50.25,9.85,1,"HC",NA,"-12.4108","43.70401","","CORDIO","RLE 2019",NA,NA
"Comoros",2018,"Moheli island","Moheli National Park","Ferenga","","Partially Restricted","National Park",NA,"Soft coral","SC",1.05,0.85,1,"SC",NA,"-12.4108","43.70401","","CORDIO","RLE 2019",NA,NA
"Comoros",2018,"Moheli island","Moheli National Park","Ferenga","","Partially Restricted","National Park",NA,"Inverts-other","INV",0.85,0.35,1,"INV",NA,"-12.4108","43.70401","","CORDIO","RLE 2019",NA,NA
"Comoros",2018,"Moheli island","Moheli National Park","Ferenga","","Partially Restricted","National Park",NA,"Algae-macro/fleshy","AMAC",1.35,0.15,1,"AMAC",NA,"-12.4108","43.70401","","CORDIO","RLE 2019",NA,NA
"Comoros",2018,"Moheli island","Moheli National Park","Ferenga","","Partially Restricted","National Park",NA,"Algae-Halimeda","AHAL",0,0,1,"AHAL",NA,"-12.4108","43.70401","","CORDIO","RLE 2019",NA,NA
"Comoros",2018,"Moheli island","Moheli National Park","Ferenga","","Partially Restricted","National Park",NA,"Algae-coralline","ACOR",4.65,4.15,1,"ACOR",NA,"-12.4108","43.70401","","CORDIO","RLE 2019",NA,NA
"Comoros",2018,"Moheli island","Moheli National Park","Ferenga","","Partially Restricted","National Park",NA,"Algae-turf","ATRF",12.2,3.5,1,"ATRF",NA,"-12.4108","43.70401","","CORDIO","RLE 2019",NA,NA
"Comoros",2018,"Moheli island","Moheli National Park","Ferenga","","Partially Restricted","National Park",NA,"Bare substrate","BS",0.5,0.5,1,"BS",NA,"-12.4108","43.70401","","CORDIO","RLE 2019",NA,NA
"Comoros",2018,"Moheli island","Moheli National Park","Ferenga","","Partially Restricted","National Park",NA,"Rubble","RUB",23.15,11.95,1,"RUB",NA,"-12.4108","43.70401","","CORDIO","RLE 2019",NA,NA
"Comoros",2018,"Moheli island","Moheli National Park","Ferenga","","Partially Restricted","National Park",NA,"Sand","SND",4.5,4.5,1,"SND",NA,"-12.4108","43.70401","","CORDIO","RLE 2019",NA,NA
"Comoros",2018,"Moheli island","Moheli National Park","Ferenga","","Partially Restricted","National Park",NA,"Seagrass","SGR",0,0,1,"SGR",NA,"-12.4108","43.70401","","CORDIO","RLE 2019",NA,NA
"Comoros",2018,"Moheli island","Moheli National Park","Ferenga","","Partially Restricted","National Park",NA,"Dead Standing coral","DC",1.6,1.6,1,"DC",NA,"-12.4108","43.70401","","CORDIO","RLE 2019",NA,NA
"Comoros",2018,"Moheli island","Moheli National Park","Ferenga","","Partially Restricted","National Park",NA,"Recent Dead Coral","RDC",0,0,1,"RDC",NA,"-12.4108","43.70401","","CORDIO","RLE 2019",NA,NA
"Comoros",2018,"Moheli island","Moheli National Park","Ferenga","","Partially Restricted","National Park",NA,"Unidentified","UNID",0,0,1,"UNID",NA,"-12.4108","43.70401","","CORDIO","RLE 2019",NA,NA
"Comoros",2018,"Grand Comore","Bambao","Iconi_01","","Open access","Open access",NA,"Coral","HC",4.2,NA,1,"HC",NA,"-11.752227","43.22752","","CORDIO","RLE 2019",NA,NA
"Comoros",2018,"Grand Comore","Bambao","Iconi_01","","Open access","Open access",NA,"Soft coral","SC",0.4,NA,1,"SC",NA,"-11.752227","43.22752","","CORDIO","RLE 2019",NA,NA
"Comoros",2018,"Grand Comore","Bambao","Iconi_01","","Open access","Open access",NA,"Inverts-other","INV",2.3,NA,1,"INV",NA,"-11.752227","43.22752","","CORDIO","RLE 2019",NA,NA
"Comoros",2018,"Grand Comore","Bambao","Iconi_01","","Open access","Open access",NA,"Algae-macro/fleshy","AMAC",1.5,NA,1,"AMAC",NA,"-11.752227","43.22752","","CORDIO","RLE 2019",NA,NA
"Comoros",2018,"Grand Comore","Bambao","Iconi_01","","Open access","Open access",NA,"Algae-Halimeda","AHAL",0,NA,1,"AHAL",NA,"-11.752227","43.22752","","CORDIO","RLE 2019",NA,NA
"Comoros",2018,"Grand Comore","Bambao","Iconi_01","","Open access","Open access",NA,"Algae-coralline","ACOR",1.9,NA,1,"ACOR",NA,"-11.752227","43.22752","","CORDIO","RLE 2019",NA,NA
"Comoros",2018,"Grand Comore","Bambao","Iconi_01","","Open access","Open access",NA,"Algae-turf","ATRF",76.3,NA,1,"ATRF",NA,"-11.752227","43.22752","","CORDIO","RLE 2019",NA,NA
"Comoros",2018,"Grand Comore","Bambao","Iconi_01","","Open access","Open access",NA,"Bare substrate","BS",0,NA,1,"BS",NA,"-11.752227","43.22752","","CORDIO","RLE 2019",NA,NA
"Comoros",2018,"Grand Comore","Bambao","Iconi_01","","Open access","Open access",NA,"Rubble","RUB",5,NA,1,"RUB",NA,"-11.752227","43.22752","","CORDIO","RLE 2019",NA,NA
"Comoros",2018,"Grand Comore","Bambao","Iconi_01","","Open access","Open access",NA,"Sand","SND",8.4,NA,1,"SND",NA,"-11.752227","43.22752","","CORDIO","RLE 2019",NA,NA
"Comoros",2018,"Grand Comore","Bambao","Iconi_01","","Open access","Open access",NA,"Seagrass","SGR",0,NA,1,"SGR",NA,"-11.752227","43.22752","","CORDIO","RLE 2019",NA,NA
"Comoros",2018,"Grand Comore","Bambao","Iconi_01","","Open access","Open access",NA,"Dead Standing coral","DC",0,NA,1,"DC",NA,"-11.752227","43.22752","","CORDIO","RLE 2019",NA,NA
"Comoros",2018,"Grand Comore","Bambao","Iconi_01","","Open access","Open access",NA,"Recent Dead Coral","RDC",0,NA,1,"RDC",NA,"-11.752227","43.22752","","CORDIO","RLE 2019",NA,NA
"Comoros",2018,"Grand Comore","Bambao","Iconi_01","","Open access","Open access",NA,"Unidentified","UNID",0,NA,1,"UNID",NA,"-11.752227","43.22752","","CORDIO","RLE 2019",NA,NA
"Comoros",2018,"Grand Comore","Bambao","Iconi_02","","Open access","Open access",NA,"Coral","HC",17.5,NA,1,"HC",NA,"-11.74426","43.23023","","CORDIO","RLE 2019",NA,NA
"Comoros",2018,"Grand Comore","Bambao","Iconi_02","","Open access","Open access",NA,"Soft coral","SC",7.8,NA,1,"SC",NA,"-11.74426","43.23023","","CORDIO","RLE 2019",NA,NA
"Comoros",2018,"Grand Comore","Bambao","Iconi_02","","Open access","Open access",NA,"Inverts-other","INV",0,NA,1,"INV",NA,"-11.74426","43.23023","","CORDIO","RLE 2019",NA,NA
"Comoros",2018,"Grand Comore","Bambao","Iconi_02","","Open access","Open access",NA,"Algae-macro/fleshy","AMAC",10,NA,1,"AMAC",NA,"-11.74426","43.23023","","CORDIO","RLE 2019",NA,NA
"Comoros",2018,"Grand Comore","Bambao","Iconi_02","","Open access","Open access",NA,"Algae-Halimeda","AHAL",0,NA,1,"AHAL",NA,"-11.74426","43.23023","","CORDIO","RLE 2019",NA,NA
"Comoros",2018,"Grand Comore","Bambao","Iconi_02","","Open access","Open access",NA,"Algae-coralline","ACOR",0.2,NA,1,"ACOR",NA,"-11.74426","43.23023","","CORDIO","RLE 2019",NA,NA
"Comoros",2018,"Grand Comore","Bambao","Iconi_02","","Open access","Open access",NA,"Algae-turf","ATRF",53.9,NA,1,"ATRF",NA,"-11.74426","43.23023","","CORDIO","RLE 2019",NA,NA
"Comoros",2018,"Grand Comore","Bambao","Iconi_02","","Open access","Open access",NA,"Bare substrate","BS",0,NA,1,"BS",NA,"-11.74426","43.23023","","CORDIO","RLE 2019",NA,NA
"Comoros",2018,"Grand Comore","Bambao","Iconi_02","","Open access","Open access",NA,"Rubble","RUB",7.4,NA,1,"RUB",NA,"-11.74426","43.23023","","CORDIO","RLE 2019",NA,NA
"Comoros",2018,"Grand Comore","Bambao","Iconi_02","","Open access","Open access",NA,"Sand","SND",3.3,NA,1,"SND",NA,"-11.74426","43.23023","","CORDIO","RLE 2019",NA,NA
"Comoros",2018,"Grand Comore","Bambao","Iconi_02","","Open access","Open access",NA,"Seagrass","SGR",0,NA,1,"SGR",NA,"-11.74426","43.23023","","CORDIO","RLE 2019",NA,NA
"Comoros",2018,"Grand Comore","Bambao","Iconi_02","","Open access","Open access",NA,"Dead Standing coral","DC",0,NA,1,"DC",NA,"-11.74426","43.23023","","CORDIO","RLE 2019",NA,NA
"Comoros",2018,"Grand Comore","Bambao","Iconi_02","","Open access","Open access",NA,"Recent Dead Coral","RDC",0,NA,1,"RDC",NA,"-11.74426","43.23023","","CORDIO","RLE 2019",NA,NA
"Comoros",2018,"Grand Comore","Bambao","Iconi_02","","Open access","Open access",NA,"Unidentified","UNID",0,NA,1,"UNID",NA,"-11.74426","43.23023","","CORDIO","RLE 2019",NA,NA
"Comoros",2018,"Moheli island","Moheli National Park","Mchaco","","Partially Restricted","National Park",NA,"Coral","HC",39.9,0,1,"HC",NA,"-12.38775","43.78609","","CORDIO","RLE 2019",NA,NA
"Comoros",2018,"Moheli island","Moheli National Park","Mchaco","","Partially Restricted","National Park",NA,"Soft coral","SC",0.45,0.45,1,"SC",NA,"-12.38775","43.78609","","CORDIO","RLE 2019",NA,NA
"Comoros",2018,"Moheli island","Moheli National Park","Mchaco","","Partially Restricted","National Park",NA,"Inverts-other","INV",2,1.5,1,"INV",NA,"-12.38775","43.78609","","CORDIO","RLE 2019",NA,NA
"Comoros",2018,"Moheli island","Moheli National Park","Mchaco","","Partially Restricted","National Park",NA,"Algae-macro/fleshy","AMAC",3.4,1.2,1,"AMAC",NA,"-12.38775","43.78609","","CORDIO","RLE 2019",NA,NA
"Comoros",2018,"Moheli island","Moheli National Park","Mchaco","","Partially Restricted","National Park",NA,"Algae-Halimeda","AHAL",3.7,2.2,1,"AHAL",NA,"-12.38775","43.78609","","CORDIO","RLE 2019",NA,NA
"Comoros",2018,"Moheli island","Moheli National Park","Mchaco","","Partially Restricted","National Park",NA,"Algae-coralline","ACOR",7.6,2.2,1,"ACOR",NA,"-12.38775","43.78609","","CORDIO","RLE 2019",NA,NA
"Comoros",2018,"Moheli island","Moheli National Park","Mchaco","","Partially Restricted","National Park",NA,"Algae-turf","ATRF",23.8,0.7,1,"ATRF",NA,"-12.38775","43.78609","","CORDIO","RLE 2019",NA,NA
"Comoros",2018,"Moheli island","Moheli National Park","Mchaco","","Partially Restricted","National Park",NA,"Bare substrate","BS",0,0,1,"BS",NA,"-12.38775","43.78609","","CORDIO","RLE 2019",NA,NA
"Comoros",2018,"Moheli island","Moheli National Park","Mchaco","","Partially Restricted","National Park",NA,"Rubble","RUB",15.8,7.8,1,"RUB",NA,"-12.38775","43.78609","","CORDIO","RLE 2019",NA,NA
"Comoros",2018,"Moheli island","Moheli National Park","Mchaco","","Partially Restricted","National Park",NA,"Sand","SND",1.75,0.75,1,"SND",NA,"-12.38775","43.78609","","CORDIO","RLE 2019",NA,NA
"Comoros",2018,"Moheli island","Moheli National Park","Mchaco","","Partially Restricted","National Park",NA,"Seagrass","SGR",0,0,1,"SGR",NA,"-12.38775","43.78609","","CORDIO","RLE 2019",NA,NA
"Comoros",2018,"Moheli island","Moheli National Park","Mchaco","","Partially Restricted","National Park",NA,"Dead Standing coral","DC",1.45,1.05,1,"DC",NA,"-12.38775","43.78609","","CORDIO","RLE 2019",NA,NA
"Comoros",2018,"Moheli island","Moheli National Park","Mchaco","","Partially Restricted","National Park",NA,"Recent Dead Coral","RDC",0,0,1,"RDC",NA,"-12.38775","43.78609","","CORDIO","RLE 2019",NA,NA
"Comoros",2018,"Moheli island","Moheli National Park","Mchaco","","Partially Restricted","National Park",NA,"Unidentified","UNID",0.2,0,1,"UNID",NA,"-12.38775","43.78609","","CORDIO","RLE 2019",NA,NA
"Comoros",2018,"Moheli island","Moheli National Park","Mirereni","","Partially Restricted","National Park",NA,"Coral","HC",69.7,8.8,1,"HC",NA,"-12.33908","43.65045","","CORDIO","RLE 2019",NA,NA
"Comoros",2018,"Moheli island","Moheli National Park","Mirereni","","Partially Restricted","National Park",NA,"Soft coral","SC",0.1,0.1,1,"SC",NA,"-12.33908","43.65045","","CORDIO","RLE 2019",NA,NA
"Comoros",2018,"Moheli island","Moheli National Park","Mirereni","","Partially Restricted","National Park",NA,"Inverts-other","INV",0.45,0.25,1,"INV",NA,"-12.33908","43.65045","","CORDIO","RLE 2019",NA,NA
"Comoros",2018,"Moheli island","Moheli National Park","Mirereni","","Partially Restricted","National Park",NA,"Algae-macro/fleshy","AMAC",2,1.7,1,"AMAC",NA,"-12.33908","43.65045","","CORDIO","RLE 2019",NA,NA
"Comoros",2018,"Moheli island","Moheli National Park","Mirereni","","Partially Restricted","National Park",NA,"Algae-Halimeda","AHAL",0,0,1,"AHAL",NA,"-12.33908","43.65045","","CORDIO","RLE 2019",NA,NA
"Comoros",2018,"Moheli island","Moheli National Park","Mirereni","","Partially Restricted","National Park",NA,"Algae-coralline","ACOR",6.4,1.3,1,"ACOR",NA,"-12.33908","43.65045","","CORDIO","RLE 2019",NA,NA
"Comoros",2018,"Moheli island","Moheli National Park","Mirereni","","Partially Restricted","National Park",NA,"Algae-turf","ATRF",8.35,2.25,1,"ATRF",NA,"-12.33908","43.65045","","CORDIO","RLE 2019",NA,NA
"Comoros",2018,"Moheli island","Moheli National Park","Mirereni","","Partially Restricted","National Park",NA,"Bare substrate","BS",0,0,1,"BS",NA,"-12.33908","43.65045","","CORDIO","RLE 2019",NA,NA
"Comoros",2018,"Moheli island","Moheli National Park","Mirereni","","Partially Restricted","National Park",NA,"Rubble","RUB",10.25,3.25,1,"RUB",NA,"-12.33908","43.65045","","CORDIO","RLE 2019",NA,NA
"Comoros",2018,"Moheli island","Moheli National Park","Mirereni","","Partially Restricted","National Park",NA,"Sand","SND",1.9,1.9,1,"SND",NA,"-12.33908","43.65045","","CORDIO","RLE 2019",NA,NA
"Comoros",2018,"Moheli island","Moheli National Park","Mirereni","","Partially Restricted","National Park",NA,"Seagrass","SGR",0,0,1,"SGR",NA,"-12.33908","43.65045","","CORDIO","RLE 2019",NA,NA
"Comoros",2018,"Moheli island","Moheli National Park","Mirereni","","Partially Restricted","National Park",NA,"Dead Standing coral","DC",0.75,0.75,1,"DC",NA,"-12.33908","43.65045","","CORDIO","RLE 2019",NA,NA
"Comoros",2018,"Moheli island","Moheli National Park","Mirereni","","Partially Restricted","National Park",NA,"Recent Dead Coral","RDC",0,0,1,"RDC",NA,"-12.33908","43.65045","","CORDIO","RLE 2019",NA,NA
"Comoros",2018,"Moheli island","Moheli National Park","Mirereni","","Partially Restricted","National Park",NA,"Unidentified","UNID",0.1,0.1,1,"UNID",NA,"-12.33908","43.65045","","CORDIO","RLE 2019",NA,NA
"Comoros",2018,"Grand Comore","Mitsamiuli Ndroude National Park","Mitsamiuli","","Partially restricted","National Park",NA,"Coral","HC",3.3,NA,1,"HC",NA,"-11.3791","43.28735","","CORDIO","RLE 2019",NA,NA
"Comoros",2018,"Grand Comore","Mitsamiuli Ndroude National Park","Mitsamiuli","","Partially restricted","National Park",NA,"Soft coral","SC",0,NA,1,"SC",NA,"-11.3791","43.28735","","CORDIO","RLE 2019",NA,NA
"Comoros",2018,"Grand Comore","Mitsamiuli Ndroude National Park","Mitsamiuli","","Partially restricted","National Park",NA,"Inverts-other","INV",0,NA,1,"INV",NA,"-11.3791","43.28735","","CORDIO","RLE 2019",NA,NA
"Comoros",2018,"Grand Comore","Mitsamiuli Ndroude National Park","Mitsamiuli","","Partially restricted","National Park",NA,"Algae-macro/fleshy","AMAC",1,NA,1,"AMAC",NA,"-11.3791","43.28735","","CORDIO","RLE 2019",NA,NA
"Comoros",2018,"Grand Comore","Mitsamiuli Ndroude National Park","Mitsamiuli","","Partially restricted","National Park",NA,"Algae-Halimeda","AHAL",0,NA,1,"AHAL",NA,"-11.3791","43.28735","","CORDIO","RLE 2019",NA,NA
"Comoros",2018,"Grand Comore","Mitsamiuli Ndroude National Park","Mitsamiuli","","Partially restricted","National Park",NA,"Algae-coralline","ACOR",7.3,NA,1,"ACOR",NA,"-11.3791","43.28735","","CORDIO","RLE 2019",NA,NA
"Comoros",2018,"Grand Comore","Mitsamiuli Ndroude National Park","Mitsamiuli","","Partially restricted","National Park",NA,"Algae-turf","ATRF",56,NA,1,"ATRF",NA,"-11.3791","43.28735","","CORDIO","RLE 2019",NA,NA
"Comoros",2018,"Grand Comore","Mitsamiuli Ndroude National Park","Mitsamiuli","","Partially restricted","National Park",NA,"Bare substrate","BS",0,NA,1,"BS",NA,"-11.3791","43.28735","","CORDIO","RLE 2019",NA,NA
"Comoros",2018,"Grand Comore","Mitsamiuli Ndroude National Park","Mitsamiuli","","Partially restricted","National Park",NA,"Rubble","RUB",25.7,NA,1,"RUB",NA,"-11.3791","43.28735","","CORDIO","RLE 2019",NA,NA
"Comoros",2018,"Grand Comore","Mitsamiuli Ndroude National Park","Mitsamiuli","","Partially restricted","National Park",NA,"Sand","SND",6.7,NA,1,"SND",NA,"-11.3791","43.28735","","CORDIO","RLE 2019",NA,NA
"Comoros",2018,"Grand Comore","Mitsamiuli Ndroude National Park","Mitsamiuli","","Partially restricted","National Park",NA,"Seagrass","SGR",0,NA,1,"SGR",NA,"-11.3791","43.28735","","CORDIO","RLE 2019",NA,NA
"Comoros",2018,"Grand Comore","Mitsamiuli Ndroude National Park","Mitsamiuli","","Partially restricted","National Park",NA,"Dead Standing coral","DC",0,NA,1,"DC",NA,"-11.3791","43.28735","","CORDIO","RLE 2019",NA,NA
"Comoros",2018,"Grand Comore","Mitsamiuli Ndroude National Park","Mitsamiuli","","Partially restricted","National Park",NA,"Recent Dead Coral","RDC",0,NA,1,"RDC",NA,"-11.3791","43.28735","","CORDIO","RLE 2019",NA,NA
"Comoros",2018,"Grand Comore","Mitsamiuli Ndroude National Park","Mitsamiuli","","Partially restricted","National Park",NA,"Unidentified","UNID",0,NA,1,"UNID",NA,"-11.3791","43.28735","","CORDIO","RLE 2019",NA,NA
"Comoros",2022,"Grand Comore","Mitsamiuli Ndroude National Park","Ndroude",NA,"Partially Restricted","",NA,"Algae-macro/fleshy","AMAC",0,0,1,"AMAC",NA,"-11.40755","43.41835","PIT","CORDIO-Univ_Comoros","RPoc_Ocean5","",0
"Comoros",2022,"Grand Comore","Mitsamiuli Ndroude National Park","Ndroude",NA,"Partially Restricted","",NA,"Bare substrate","BS",21.6,9.93,1,"BS",NA,"-11.40755","43.41835","PIT","CORDIO-Univ_Comoros","RPoc_Ocean5","",22.2
"Comoros",2022,"Grand Comore","Mitsamiuli Ndroude National Park","Ndroude",NA,"Partially Restricted","",NA,"Dead Standing coral","DC",2.4,1.47,1,"DC",NA,"-11.40755","43.41835","PIT","CORDIO-Univ_Comoros","RPoc_Ocean5","",3.29
"Comoros",2022,"Grand Comore","Mitsamiuli Ndroude National Park","Ndroude",NA,"Partially Restricted","",NA,"Coral","HC",10.4,3.71,1,"HC",NA,"-11.40755","43.41835","PIT","CORDIO-Univ_Comoros","RPoc_Ocean5","",8.29
"Comoros",2022,"Grand Comore","Mitsamiuli Ndroude National Park","Ndroude",NA,"Partially Restricted","",NA,"Rubble","RUB",11.2,7.26,1,"RUB",NA,"-11.40755","43.41835","PIT","CORDIO-Univ_Comoros","RPoc_Ocean5","",16.22
"Comoros",2022,"Grand Comore","Mitsamiuli Ndroude National Park","Ndroude",NA,"Partially Restricted","",NA,"Soft coral","SC",0,0,1,"SC",NA,"-11.40755","43.41835","PIT","CORDIO-Univ_Comoros","RPoc_Ocean5","",0
"Comoros",2022,"Grand Comore","Mitsamiuli Ndroude National Park","Ndroude",NA,"Partially Restricted","",NA,"Sand","SND",54.4,12.09,1,"SND",NA,"-11.40755","43.41835","PIT","CORDIO-Univ_Comoros","RPoc_Ocean5","",27.03
"Comoros",2022,"Grand Comore","Mitsamiuli Ndroude National Park","Ndroude",NA,"Partially Restricted","",NA,"Spongy","SPG",0,0,1,"SPG",NA,"-11.40755","43.41835","PIT","CORDIO-Univ_Comoros","RPoc_Ocean5","",0
"Comoros",2022,"Grand Comore","Mitsamiuli Ndroude National Park","Ndroude",NA,"Partially Restricted","",NA,"Other","OT",0,0,1,"OT",NA,"-11.40755","43.41835","PIT","CORDIO-Univ_Comoros","RPoc_Ocean5","",0
"Comoros",2022,"Grand Comore","Mitsamiuli Ndroude National Park","Ivoini",NA,"Partially Restricted","",NA,"Algae-macro/fleshy","AMAC",0,0,1,"AMAC",NA,"-11.39149","43.40332","PIT","CORDIO-Univ_Comoros","RPoc_Ocean5","",0
"Comoros",2022,"Grand Comore","Mitsamiuli Ndroude National Park","Ivoini",NA,"Partially Restricted","",NA,"Bare substrate","BS",46.4,18.89,1,"BS",NA,"-11.39149","43.40332","PIT","CORDIO-Univ_Comoros","RPoc_Ocean5","",42.25
"Comoros",2022,"Grand Comore","Mitsamiuli Ndroude National Park","Ivoini",NA,"Partially Restricted","",NA,"Dead Standing coral","DC",13.6,8.42,1,"DC",NA,"-11.39149","43.40332","PIT","CORDIO-Univ_Comoros","RPoc_Ocean5","",18.84
"Comoros",2022,"Grand Comore","Mitsamiuli Ndroude National Park","Ivoini",NA,"Partially Restricted","",NA,"Coral","HC",13.2,3.56,1,"HC",NA,"-11.39149","43.40332","PIT","CORDIO-Univ_Comoros","RPoc_Ocean5","",7.95
"Comoros",2022,"Grand Comore","Mitsamiuli Ndroude National Park","Ivoini",NA,"Partially Restricted","",NA,"Rubble","RUB",10.8,4.96,1,"RUB",NA,"-11.39149","43.40332","PIT","CORDIO-Univ_Comoros","RPoc_Ocean5","",11.1
"Comoros",2022,"Grand Comore","Mitsamiuli Ndroude National Park","Ivoini",NA,"Partially Restricted","",NA,"Soft coral","SC",0.8,0.8,1,"SC",NA,"-11.39149","43.40332","PIT","CORDIO-Univ_Comoros","RPoc_Ocean5","",1.79
"Comoros",2022,"Grand Comore","Mitsamiuli Ndroude National Park","Ivoini",NA,"Partially Restricted","",NA,"Sand","SND",14.8,6.22,1,"SND",NA,"-11.39149","43.40332","PIT","CORDIO-Univ_Comoros","RPoc_Ocean5","",13.9
"Comoros",2022,"Grand Comore","Mitsamiuli Ndroude National Park","Ivoini",NA,"Partially Restricted","",NA,"Spongy","SPG",0.4,0.4,1,"SPG",NA,"-11.39149","43.40332","PIT","CORDIO-Univ_Comoros","RPoc_Ocean5","",0.89
"Comoros",2022,"Grand Comore","Mitsamiuli Ndroude National Park","Ivoini",NA,"Partially Restricted","",NA,"Other","OT",0,0,1,"OT",NA,"-11.39149","43.40332","PIT","CORDIO-Univ_Comoros","RPoc_Ocean5","",0
"Comoros",2022,"Grand Comore","Mitsamiuli Ndroude National Park","Bangoi",NA,"Partially Restricted","",NA,"Algae-macro/fleshy","AMAC",0,0,1,"AMAC",NA,"-11.36711","43.37958","PIT","CORDIO-Univ_Comoros","RPoc_Ocean5","",0
"Comoros",2022,"Grand Comore","Mitsamiuli Ndroude National Park","Bangoi",NA,"Partially Restricted","",NA,"Bare substrate","BS",30.8,14.99,1,"BS",NA,"-11.36711","43.37958","PIT","CORDIO-Univ_Comoros","RPoc_Ocean5","",33.51
"Comoros",2022,"Grand Comore","Mitsamiuli Ndroude National Park","Bangoi",NA,"Partially Restricted","",NA,"Dead Standing coral","DC",6.4,3.92,1,"DC",NA,"-11.36711","43.37958","PIT","CORDIO-Univ_Comoros","RPoc_Ocean5","",8.76
"Comoros",2022,"Grand Comore","Mitsamiuli Ndroude National Park","Bangoi",NA,"Partially Restricted","",NA,"Coral","HC",12,3.85,1,"HC",NA,"-11.36711","43.37958","PIT","CORDIO-Univ_Comoros","RPoc_Ocean5","",8.6
"Comoros",2022,"Grand Comore","Mitsamiuli Ndroude National Park","Bangoi",NA,"Partially Restricted","",NA,"Rubble","RUB",25.6,14.58,1,"RUB",NA,"-11.36711","43.37958","PIT","CORDIO-Univ_Comoros","RPoc_Ocean5","",32.6
"Comoros",2022,"Grand Comore","Mitsamiuli Ndroude National Park","Bangoi",NA,"Partially Restricted","",NA,"Soft coral","SC",2.4,1.6,1,"SC",NA,"-11.36711","43.37958","PIT","CORDIO-Univ_Comoros","RPoc_Ocean5","",3.58
"Comoros",2022,"Grand Comore","Mitsamiuli Ndroude National Park","Bangoi",NA,"Partially Restricted","",NA,"Sand","SND",22.8,5.61,1,"SND",NA,"-11.36711","43.37958","PIT","CORDIO-Univ_Comoros","RPoc_Ocean5","",12.54
"Comoros",2022,"Grand Comore","Mitsamiuli Ndroude National Park","Bangoi",NA,"Partially Restricted","",NA,"Spongy","SPG",0,0,1,"SPG",NA,"-11.36711","43.37958","PIT","CORDIO-Univ_Comoros","RPoc_Ocean5","",0
"Comoros",2022,"Grand Comore","Mitsamiuli Ndroude National Park","Bangoi",NA,"Partially Restricted","",NA,"Other","OT",0,0,1,"OT",NA,"-11.36711","43.37958","PIT","CORDIO-Univ_Comoros","RPoc_Ocean5","",0
"Comoros",2022,"Grand Comore","Mitsamiuli Ndroude National Park","Memboimboini",NA,"Partially Restricted","",NA,"Algae-macro/fleshy","AMAC",0,0,1,"AMAC",NA,"-11.37151","43.32579","PIT","CORDIO-Univ_Comoros","RPoc_Ocean5","",0
"Comoros",2022,"Grand Comore","Mitsamiuli Ndroude National Park","Memboimboini",NA,"Partially Restricted","",NA,"Bare substrate","BS",30,5.16,1,"BS",NA,"-11.37151","43.32579","PIT","CORDIO-Univ_Comoros","RPoc_Ocean5","",10.33
"Comoros",2022,"Grand Comore","Mitsamiuli Ndroude National Park","Memboimboini",NA,"Partially Restricted","",NA,"Dead Standing coral","DC",0,0,1,"DC",NA,"-11.37151","43.32579","PIT","CORDIO-Univ_Comoros","RPoc_Ocean5","",0
"Comoros",2022,"Grand Comore","Mitsamiuli Ndroude National Park","Memboimboini",NA,"Partially Restricted","",NA,"Coral","HC",41.5,15.41,1,"HC",NA,"-11.37151","43.32579","PIT","CORDIO-Univ_Comoros","RPoc_Ocean5","",30.83
"Comoros",2022,"Grand Comore","Mitsamiuli Ndroude National Park","Memboimboini",NA,"Partially Restricted","",NA,"Rubble","RUB",8,5.66,1,"RUB",NA,"-11.37151","43.32579","PIT","CORDIO-Univ_Comoros","RPoc_Ocean5","",11.31
"Comoros",2022,"Grand Comore","Mitsamiuli Ndroude National Park","Memboimboini",NA,"Partially Restricted","",NA,"Soft coral","SC",0,0,1,"SC",NA,"-11.37151","43.32579","PIT","CORDIO-Univ_Comoros","RPoc_Ocean5","",0
"Comoros",2022,"Grand Comore","Mitsamiuli Ndroude National Park","Memboimboini",NA,"Partially Restricted","",NA,"Sand","SND",20.5,20.5,1,"SND",NA,"-11.37151","43.32579","PIT","CORDIO-Univ_Comoros","RPoc_Ocean5","",41
"Comoros",2022,"Grand Comore","Mitsamiuli Ndroude National Park","Memboimboini",NA,"Partially Restricted","",NA,"Spongy","SPG",0,0,1,"SPG",NA,"-11.37151","43.32579","PIT","CORDIO-Univ_Comoros","RPoc_Ocean5","",0
"Comoros",2022,"Grand Comore","Mitsamiuli Ndroude National Park","Memboimboini",NA,"Partially Restricted","",NA,"Other","OT",0,0,1,"OT",NA,"-11.37151","43.32579","PIT","CORDIO-Univ_Comoros","RPoc_Ocean5","",0
"Comoros",2022,"Grand Comore","Coelecanth National Park","Chindini",NA,"Partially Restricted","",NA,"Algae-macro/fleshy","AMAC",0,0,1,"AMAC",NA,"-11.93169","43.49697","PIT","CORDIO-Univ_Comoros","RPoc_Ocean5","",0
"Comoros",2022,"Grand Comore","Coelecanth National Park","Chindini",NA,"Partially Restricted","",NA,"Bare substrate","BS",45.5,9.07,1,"BS",NA,"-11.93169","43.49697","PIT","CORDIO-Univ_Comoros","RPoc_Ocean5","",18.14
"Comoros",2022,"Grand Comore","Coelecanth National Park","Chindini",NA,"Partially Restricted","",NA,"Dead Standing coral","DC",11,8.54,1,"DC",NA,"-11.93169","43.49697","PIT","CORDIO-Univ_Comoros","RPoc_Ocean5","",17.09
"Comoros",2022,"Grand Comore","Coelecanth National Park","Chindini",NA,"Partially Restricted","",NA,"Coral","HC",19.5,7.14,1,"HC",NA,"-11.93169","43.49697","PIT","CORDIO-Univ_Comoros","RPoc_Ocean5","",14.27
"Comoros",2022,"Grand Comore","Coelecanth National Park","Chindini",NA,"Partially Restricted","",NA,"Rubble","RUB",15,8.7,1,"RUB",NA,"-11.93169","43.49697","PIT","CORDIO-Univ_Comoros","RPoc_Ocean5","",17.4
"Comoros",2022,"Grand Comore","Coelecanth National Park","Chindini",NA,"Partially Restricted","",NA,"Soft coral","SC",0,0,1,"SC",NA,"-11.93169","43.49697","PIT","CORDIO-Univ_Comoros","RPoc_Ocean5","",0
"Comoros",2022,"Grand Comore","Coelecanth National Park","Chindini",NA,"Partially Restricted","",NA,"Sand","SND",9,7.68,1,"SND",NA,"-11.93169","43.49697","PIT","CORDIO-Univ_Comoros","RPoc_Ocean5","",15.36
"Comoros",2022,"Grand Comore","Coelecanth National Park","Chindini",NA,"Partially Restricted","",NA,"Spongy","SPG",0,0,1,"SPG",NA,"-11.93169","43.49697","PIT","CORDIO-Univ_Comoros","RPoc_Ocean5","",0
"Comoros",2022,"Grand Comore","Coelecanth National Park","Chindini",NA,"Partially Restricted","",NA,"Other","OT",0,0,1,"OT",NA,"-11.93169","43.49697","PIT","CORDIO-Univ_Comoros","RPoc_Ocean5","",0
"Comoros",2022,"Grand Comore","Coelecanth National Park","Male",NA,"Partially Restricted","",NA,"Algae-macro/fleshy","AMAC",3.6,3.6,1,"AMAC",NA,"-11.90958","43.51859","PIT","CORDIO-Univ_Comoros","RPoc_Ocean5","",8.05
"Comoros",2022,"Grand Comore","Coelecanth National Park","Male",NA,"Partially Restricted","",NA,"Bare substrate","BS",5.6,1.94,1,"BS",NA,"-11.90958","43.51859","PIT","CORDIO-Univ_Comoros","RPoc_Ocean5","",4.34
"Comoros",2022,"Grand Comore","Coelecanth National Park","Male",NA,"Partially Restricted","",NA,"Dead Standing coral","DC",0,0,1,"DC",NA,"-11.90958","43.51859","PIT","CORDIO-Univ_Comoros","RPoc_Ocean5","",0
"Comoros",2022,"Grand Comore","Coelecanth National Park","Male",NA,"Partially Restricted","",NA,"Coral","HC",61.2,4.8,1,"HC",NA,"-11.90958","43.51859","PIT","CORDIO-Univ_Comoros","RPoc_Ocean5","",10.73
"Comoros",2022,"Grand Comore","Coelecanth National Park","Male",NA,"Partially Restricted","",NA,"Rubble","RUB",19.6,5.27,1,"RUB",NA,"-11.90958","43.51859","PIT","CORDIO-Univ_Comoros","RPoc_Ocean5","",11.78
"Comoros",2022,"Grand Comore","Coelecanth National Park","Male",NA,"Partially Restricted","",NA,"Soft coral","SC",3.2,1.85,1,"SC",NA,"-11.90958","43.51859","PIT","CORDIO-Univ_Comoros","RPoc_Ocean5","",4.15
"Comoros",2022,"Grand Comore","Coelecanth National Park","Male",NA,"Partially Restricted","",NA,"Sand","SND",6.4,3.54,1,"SND",NA,"-11.90958","43.51859","PIT","CORDIO-Univ_Comoros","RPoc_Ocean5","",7.92
"Comoros",2022,"Grand Comore","Coelecanth National Park","Male",NA,"Partially Restricted","",NA,"Spongy","SPG",0,0,1,"SPG",NA,"-11.90958","43.51859","PIT","CORDIO-Univ_Comoros","RPoc_Ocean5","",0
"Comoros",2022,"Grand Comore","Coelecanth National Park","Male",NA,"Partially Restricted","",NA,"Other","OT",0.4,0.4,1,"OT",NA,"-11.90958","43.51859","PIT","CORDIO-Univ_Comoros","RPoc_Ocean5","",0.89
"Comoros",2022,"Grand Comore","Coelecanth National Park","Itsoundzou",NA,"Partially Restricted","",NA,"Algae-macro/fleshy","AMAC",0,0,1,"AMAC",NA,"-11.873187","43.3866534","PIT","CORDIO-Univ_Comoros","RPoc_Ocean5","",0
"Comoros",2022,"Grand Comore","Coelecanth National Park","Itsoundzou",NA,"Partially Restricted","",NA,"Bare substrate","BS",32.5,8.18,1,"BS",NA,"-11.873187","43.3866534","PIT","CORDIO-Univ_Comoros","RPoc_Ocean5","",16.36
"Comoros",2022,"Grand Comore","Coelecanth National Park","Itsoundzou",NA,"Partially Restricted","",NA,"Dead Standing coral","DC",2,2,1,"DC",NA,"-11.873187","43.3866534","PIT","CORDIO-Univ_Comoros","RPoc_Ocean5","",4
"Comoros",2022,"Grand Comore","Coelecanth National Park","Itsoundzou",NA,"Partially Restricted","",NA,"Coral","HC",60,9.93,1,"HC",NA,"-11.873187","43.3866534","PIT","CORDIO-Univ_Comoros","RPoc_Ocean5","",19.87
"Comoros",2022,"Grand Comore","Coelecanth National Park","Itsoundzou",NA,"Partially Restricted","",NA,"Rubble","RUB",0,0,1,"RUB",NA,"-11.873187","43.3866534","PIT","CORDIO-Univ_Comoros","RPoc_Ocean5","",0
"Comoros",2022,"Grand Comore","Coelecanth National Park","Itsoundzou",NA,"Partially Restricted","",NA,"Soft coral","SC",2,2,1,"SC",NA,"-11.873187","43.3866534","PIT","CORDIO-Univ_Comoros","RPoc_Ocean5","",4
"Comoros",2022,"Grand Comore","Coelecanth National Park","Itsoundzou",NA,"Partially Restricted","",NA,"Sand","SND",3.5,2.06,1,"SND",NA,"-11.873187","43.3866534","PIT","CORDIO-Univ_Comoros","RPoc_Ocean5","",4.12
"Comoros",2022,"Grand Comore","Coelecanth National Park","Itsoundzou",NA,"Partially Restricted","",NA,"Spongy","SPG",0,0,1,"SPG",NA,"-11.873187","43.3866534","PIT","CORDIO-Univ_Comoros","RPoc_Ocean5","",0
"Comoros",2022,"Grand Comore","Coelecanth National Park","Itsoundzou",NA,"Partially Restricted","",NA,"Other","OT",0,0,1,"OT",NA,"-11.873187","43.3866534","PIT","CORDIO-Univ_Comoros","RPoc_Ocean5","",0
"Comoros",2022,"Grand Comore","Coelecanth National Park","Ifoundihe Chamboini",NA,"Partially Restricted","",NA,"Algae-macro/fleshy","AMAC",0,0,1,"AMAC",NA,"-11.91326","43.42691","PIT","CORDIO-Univ_Comoros","RPoc_Ocean5","",0
"Comoros",2022,"Grand Comore","Coelecanth National Park","Ifoundihe Chamboini",NA,"Partially Restricted","",NA,"Bare substrate","BS",17.2,4.76,1,"BS",NA,"-11.91326","43.42691","PIT","CORDIO-Univ_Comoros","RPoc_Ocean5","",10.64
"Comoros",2022,"Grand Comore","Coelecanth National Park","Ifoundihe Chamboini",NA,"Partially Restricted","",NA,"Dead Standing coral","DC",5.2,2.15,1,"DC",NA,"-11.91326","43.42691","PIT","CORDIO-Univ_Comoros","RPoc_Ocean5","",4.82
"Comoros",2022,"Grand Comore","Coelecanth National Park","Ifoundihe Chamboini",NA,"Partially Restricted","",NA,"Coral","HC",29.2,4.76,1,"HC",NA,"-11.91326","43.42691","PIT","CORDIO-Univ_Comoros","RPoc_Ocean5","",10.64
"Comoros",2022,"Grand Comore","Coelecanth National Park","Ifoundihe Chamboini",NA,"Partially Restricted","",NA,"Rubble","RUB",0,0,1,"RUB",NA,"-11.91326","43.42691","PIT","CORDIO-Univ_Comoros","RPoc_Ocean5","",0
"Comoros",2022,"Grand Comore","Coelecanth National Park","Ifoundihe Chamboini",NA,"Partially Restricted","",NA,"Soft coral","SC",38.4,12.5,1,"SC",NA,"-11.91326","43.42691","PIT","CORDIO-Univ_Comoros","RPoc_Ocean5","",27.94
"Comoros",2022,"Grand Comore","Coelecanth National Park","Ifoundihe Chamboini",NA,"Partially Restricted","",NA,"Sand","SND",10,5.51,1,"SND",NA,"-11.91326","43.42691","PIT","CORDIO-Univ_Comoros","RPoc_Ocean5","",12.33
"Comoros",2022,"Grand Comore","Coelecanth National Park","Ifoundihe Chamboini",NA,"Partially Restricted","",NA,"Spongy","SPG",0,0,1,"SPG",NA,"-11.91326","43.42691","PIT","CORDIO-Univ_Comoros","RPoc_Ocean5","",0
"Comoros",2022,"Grand Comore","Coelecanth National Park","Ifoundihe Chamboini",NA,"Partially Restricted","",NA,"Other","OT",0,0,1,"OT",NA,"-11.91326","43.42691","PIT","CORDIO-Univ_Comoros","RPoc_Ocean5","",0
"Comoros",2023,"Grand Comore","Mitsamiuli Ndroude National Park","Mitsamiuli",NA,"Partially restricted","",NA,"Coral","HC",9.5,4.27,1,"HC",NA,"-11.3790333","43.2881833","PIT","CORDIO-Univ_Comoros","RPoc_Ocean5","",8.54
"Comoros",2023,"Grand Comore","Mitsamiuli Ndroude National Park","Mitsamiuli",NA,"Partially restricted","",NA,"Rubble","RUB",20,8.49,1,"RUB",NA,"-11.3790333","43.2881833","PIT","CORDIO-Univ_Comoros","RPoc_Ocean5","",16.97
"Comoros",2023,"Grand Comore","Mitsamiuli Ndroude National Park","Mitsamiuli",NA,"Partially restricted","",NA,"Dead Standing coral","DC",1,1,1,"DC",NA,"-11.3790333","43.2881833","PIT","CORDIO-Univ_Comoros","RPoc_Ocean5","",2
"Comoros",2023,"Grand Comore","Mitsamiuli Ndroude National Park","Mitsamiuli",NA,"Partially restricted","",NA,"Soft coral","SC",12.5,8.26,1,"SC",NA,"-11.3790333","43.2881833","PIT","CORDIO-Univ_Comoros","RPoc_Ocean5","",16.52
"Comoros",2023,"Grand Comore","Mitsamiuli Ndroude National Park","Mitsamiuli",NA,"Partially restricted","",NA,"Sand","SND",32,13.19,1,"SND",NA,"-11.3790333","43.2881833","PIT","CORDIO-Univ_Comoros","RPoc_Ocean5","",26.38
"Comoros",2023,"Grand Comore","Mitsamiuli Ndroude National Park","Mitsamiuli",NA,"Partially restricted","",NA,"Bare substrate","BS",25,3.7,1,"BS",NA,"-11.3790333","43.2881833","PIT","CORDIO-Univ_Comoros","RPoc_Ocean5","",7.39
"Comoros",2023,"Grand Comore","Mitsamiuli Ndroude National Park","Fassi",NA,"Partially Restricted","",NA,"Coral","HC",20.5,2.06,1,"HC",NA,"-11.39113","43.27732","PIT","CORDIO-Univ_Comoros","RPoc_Ocean5","",4.12
"Comoros",2023,"Grand Comore","Mitsamiuli Ndroude National Park","Fassi",NA,"Partially Restricted","",NA,"Rubble","RUB",2.5,1.89,1,"RUB",NA,"-11.39113","43.27732","PIT","CORDIO-Univ_Comoros","RPoc_Ocean5","",3.79
"Comoros",2023,"Grand Comore","Mitsamiuli Ndroude National Park","Fassi",NA,"Partially Restricted","",NA,"Dead Standing coral","DC",11.5,2.63,1,"DC",NA,"-11.39113","43.27732","PIT","CORDIO-Univ_Comoros","RPoc_Ocean5","",5.26
"Comoros",2023,"Grand Comore","Mitsamiuli Ndroude National Park","Fassi",NA,"Partially Restricted","",NA,"Soft coral","SC",3,0.58,1,"SC",NA,"-11.39113","43.27732","PIT","CORDIO-Univ_Comoros","RPoc_Ocean5","",1.15
"Comoros",2023,"Grand Comore","Mitsamiuli Ndroude National Park","Fassi",NA,"Partially Restricted","",NA,"Sand","SND",20,3.92,1,"SND",NA,"-11.39113","43.27732","PIT","CORDIO-Univ_Comoros","RPoc_Ocean5","",7.83
"Comoros",2023,"Grand Comore","Mitsamiuli Ndroude National Park","Fassi",NA,"Partially Restricted","",NA,"Bare substrate","BS",42.5,4.35,1,"BS",NA,"-11.39113","43.27732","PIT","CORDIO-Univ_Comoros","RPoc_Ocean5","",8.7
"Comoros",2023,"Grand Comore","Mitsamiuli Ndroude National Park","Ndjelezi",NA,"Partially Restricted","",NA,"Coral","HC",15,7.05,1,"HC",NA,"-11.37226","43.39113","PIT","CORDIO-Univ_Comoros","RPoc_Ocean5","",14.09
"Comoros",2023,"Grand Comore","Mitsamiuli Ndroude National Park","Ndjelezi",NA,"Partially Restricted","",NA,"Rubble","RUB",0,0,1,"RUB",NA,"-11.37226","43.39113","PIT","CORDIO-Univ_Comoros","RPoc_Ocean5","",0
"Comoros",2023,"Grand Comore","Mitsamiuli Ndroude National Park","Ndjelezi",NA,"Partially Restricted","",NA,"Dead Standing coral","DC",0,0,1,"DC",NA,"-11.37226","43.39113","PIT","CORDIO-Univ_Comoros","RPoc_Ocean5","",0
"Comoros",2023,"Grand Comore","Mitsamiuli Ndroude National Park","Ndjelezi",NA,"Partially Restricted","",NA,"Soft coral","SC",1.5,1.5,1,"SC",NA,"-11.37226","43.39113","PIT","CORDIO-Univ_Comoros","RPoc_Ocean5","",3
"Comoros",2023,"Grand Comore","Mitsamiuli Ndroude National Park","Ndjelezi",NA,"Partially Restricted","",NA,"Sand","SND",34.5,10.59,1,"SND",NA,"-11.37226","43.39113","PIT","CORDIO-Univ_Comoros","RPoc_Ocean5","",21.19
"Comoros",2023,"Grand Comore","Mitsamiuli Ndroude National Park","Ndjelezi",NA,"Partially Restricted","",NA,"Bare substrate","BS",49,9.88,1,"BS",NA,"-11.37226","43.39113","PIT","CORDIO-Univ_Comoros","RPoc_Ocean5","",19.77
"Comoros",2024,"Anjouan Island","Shisiwani National Park","Harimandago",NA,"","",20.45,"Acanthastrea","aca",0,0,3,"HC","cs","-12.20559","44.22253","Photo quadrat","CORDIO-Univ_Comoros","RPoc_Ocean5","Fore reef",0
"Comoros",2024,"Anjouan Island","Shisiwani National Park","Harimandago",NA,"","",20.45,"Acropora branching","acb",21.67,4.01,2,"HC","acb","-12.20559","44.22253","Photo quadrat","CORDIO-Univ_Comoros","RPoc_Ocean5","Fore reef",27.8
"Comoros",2024,"Anjouan Island","Shisiwani National Park","Harimandago",NA,"","",20.45,"Acropora digitate","acd",0.67,0.67,2,"HC","acd","-12.20559","44.22253","Photo quadrat","CORDIO-Univ_Comoros","RPoc_Ocean5","Fore reef",4.62
"Comoros",2024,"Anjouan Island","Shisiwani National Park","Harimandago",NA,"","",20.45,"Algae-coralline","ACOR",0.08,0.08,1,"ACOR",NA,"-12.20559","44.22253","Photo quadrat","CORDIO-Univ_Comoros","RPoc_Ocean5","Fore reef",0.58
"Comoros",2024,"Anjouan Island","Shisiwani National Park","Harimandago",NA,"","",20.45,"Acropora","acr",0,0,3,"HC","","-12.20559","44.22253","Photo quadrat","CORDIO-Univ_Comoros","RPoc_Ocean5","Fore reef",0
"Comoros",2024,"Anjouan Island","Shisiwani National Park","Harimandago",NA,"","",20.45,"Acropora tabulate","act",0.83,0.75,2,"HC","act","-12.20559","44.22253","Photo quadrat","CORDIO-Univ_Comoros","RPoc_Ocean5","Fore reef",5.22
"Comoros",2024,"Anjouan Island","Shisiwani National Park","Harimandago",NA,"","",20.45,"Algae-Halimeda","AHAL",0.33,0.26,1,"AHAL",NA,"-12.20559","44.22253","Photo quadrat","CORDIO-Univ_Comoros","RPoc_Ocean5","Fore reef",1.81
"Comoros",2024,"Anjouan Island","Shisiwani National Park","Harimandago",NA,"","",20.45,"Algae","ALG",1.75,0.41,1,"ALG",NA,"-12.20559","44.22253","Photo quadrat","CORDIO-Univ_Comoros","RPoc_Ocean5","Fore reef",2.85
"Comoros",2024,"Anjouan Island","Shisiwani National Park","Harimandago",NA,"","",20.45,"Algae-macro/fleshy","AMAC",5.33,0.94,1,"AMAC",NA,"-12.20559","44.22253","Photo quadrat","CORDIO-Univ_Comoros","RPoc_Ocean5","Fore reef",6.51
"Comoros",2024,"Anjouan Island","Shisiwani National Park","Harimandago",NA,"","",20.45,"Astreopora","ast",0,0,3,"HC","cm","-12.20559","44.22253","Photo quadrat","CORDIO-Univ_Comoros","RPoc_Ocean5","Fore reef",0
"Comoros",2024,"Anjouan Island","Shisiwani National Park","Harimandago",NA,"","",20.45,"Algae-turf","ATRF",23.92,2.74,1,"ATRF",NA,"-12.20559","44.22253","Photo quadrat","CORDIO-Univ_Comoros","RPoc_Ocean5","Fore reef",18.95
"Comoros",2024,"Anjouan Island","Shisiwani National Park","Harimandago",NA,"","",20.45,"Bare substrate","BS",1.5,1.01,1,"BS",NA,"-12.20559","44.22253","Photo quadrat","CORDIO-Univ_Comoros","RPoc_Ocean5","Fore reef",6.98
"Comoros",2024,"Anjouan Island","Shisiwani National Park","Harimandago",NA,"","",20.45,"Caulastrea","cau",0.08,0.08,3,"HC","cs","-12.20559","44.22253","Photo quadrat","CORDIO-Univ_Comoros","RPoc_Ocean5","Fore reef",0.58
"Comoros",2024,"Anjouan Island","Shisiwani National Park","Harimandago",NA,"","",20.45,"Corallimorph","Cmorph",0,0,2,"INV","Cmorph","-12.20559","44.22253","Photo quadrat","CORDIO-Univ_Comoros","RPoc_Ocean5","Fore reef",0
"Comoros",2024,"Anjouan Island","Shisiwani National Park","Harimandago",NA,"","",20.45,"Coscinaraea","cos",0,0,3,"HC","cm","-12.20559","44.22253","Photo quadrat","CORDIO-Univ_Comoros","RPoc_Ocean5","Fore reef",0
"Comoros",2024,"Anjouan Island","Shisiwani National Park","Harimandago",NA,"","",20.45,"Echinophyllia","eph",0,0,3,"HC","cf","-12.20559","44.22253","Photo quadrat","CORDIO-Univ_Comoros","RPoc_Ocean5","Fore reef",0
"Comoros",2024,"Anjouan Island","Shisiwani National Park","Harimandago",NA,"","",20.45,"Echinopora","epo",0.17,0.12,3,"HC","cf/cs","-12.20559","44.22253","Photo quadrat","CORDIO-Univ_Comoros","RPoc_Ocean5","Fore reef",0.81
"Comoros",2024,"Anjouan Island","Shisiwani National Park","Harimandago",NA,"","",20.45,"Eyrthropodium","Eryth",0,0,3,"SC","scenc","-12.20559","44.22253","Photo quadrat","CORDIO-Univ_Comoros","RPoc_Ocean5","Fore reef",0
"Comoros",2024,"Anjouan Island","Shisiwani National Park","Harimandago",NA,"","",20.45,"Favia","fav",0.25,0.18,3,"HC","cm","-12.20559","44.22253","Photo quadrat","CORDIO-Univ_Comoros","RPoc_Ocean5","Fore reef",1.28
"Comoros",2024,"Anjouan Island","Shisiwani National Park","Harimandago",NA,"","",20.45,"Favites","fts",4.5,1.9,3,"HC","cm","-12.20559","44.22253","Photo quadrat","CORDIO-Univ_Comoros","RPoc_Ocean5","Fore reef",13.19
"Comoros",2024,"Anjouan Island","Shisiwani National Park","Harimandago",NA,"","",20.45,"Fungia","fun",0,0,3,"HC","mush","-12.20559","44.22253","Photo quadrat","CORDIO-Univ_Comoros","RPoc_Ocean5","Fore reef",0
"Comoros",2024,"Anjouan Island","Shisiwani National Park","Harimandago",NA,"","",20.45,"Galaxea","gal",0,0,3,"HC","cm","-12.20559","44.22253","Photo quadrat","CORDIO-Univ_Comoros","RPoc_Ocean5","Fore reef",0
"Comoros",2024,"Anjouan Island","Shisiwani National Park","Harimandago",NA,"","",20.45,"Goniastrea","gon",0,0,3,"HC","cm","-12.20559","44.22253","Photo quadrat","CORDIO-Univ_Comoros","RPoc_Ocean5","Fore reef",0
"Comoros",2024,"Anjouan Island","Shisiwani National Park","Harimandago",NA,"","",20.45,"Goniopora","gop",0.08,0.08,3,"HC","cs","-12.20559","44.22253","Photo quadrat","CORDIO-Univ_Comoros","RPoc_Ocean5","Fore reef",0.58
"Comoros",2024,"Anjouan Island","Shisiwani National Park","Harimandago",NA,"","",20.45,"Herpolitha","her",0,0,3,"HC","mush","-12.20559","44.22253","Photo quadrat","CORDIO-Univ_Comoros","RPoc_Ocean5","Fore reef",0
"Comoros",2024,"Anjouan Island","Shisiwani National Park","Harimandago",NA,"","",20.45,"Inverts-other","INV",0,0,1,"INV",NA,"-12.20559","44.22253","Photo quadrat","CORDIO-Univ_Comoros","RPoc_Ocean5","Fore reef",0
"Comoros",2024,"Anjouan Island","Shisiwani National Park","Harimandago",NA,"","",20.45,"Isopora","iso",0,0,3,"HC","acs","-12.20559","44.22253","Photo quadrat","CORDIO-Univ_Comoros","RPoc_Ocean5","Fore reef",0
"Comoros",2024,"Anjouan Island","Shisiwani National Park","Harimandago",NA,"","",20.45,"Lobophyllia","lob",0,0,3,"HC","cm","-12.20559","44.22253","Photo quadrat","CORDIO-Univ_Comoros","RPoc_Ocean5","Fore reef",0
"Comoros",2024,"Anjouan Island","Shisiwani National Park","Harimandago",NA,"","",20.45,"Millepora","mil",0,0,3,"HC","ce/cm/cb","-12.20559","44.22253","Photo quadrat","CORDIO-Univ_Comoros","RPoc_Ocean5","Fore reef",0
"Comoros",2024,"Anjouan Island","Shisiwani National Park","Harimandago",NA,"","",20.45,"Montipora","mtp",0.08,0.08,3,"HC","ce/cf/cb","-12.20559","44.22253","Photo quadrat","CORDIO-Univ_Comoros","RPoc_Ocean5","Fore reef",0.58
"Comoros",2024,"Anjouan Island","Shisiwani National Park","Harimandago",NA,"","",20.45,"Pachyseris","pac",0,0,3,"HC","cf","-12.20559","44.22253","Photo quadrat","CORDIO-Univ_Comoros","RPoc_Ocean5","Fore reef",0
"Comoros",2024,"Anjouan Island","Shisiwani National Park","Harimandago",NA,"","",20.45,"Pavona","pav",3.08,1.86,3,"HC","cf/cb/ce/cs","-12.20559","44.22253","Photo quadrat","CORDIO-Univ_Comoros","RPoc_Ocean5","Fore reef",12.9
"Comoros",2024,"Anjouan Island","Shisiwani National Park","Harimandago",NA,"","",20.45,"Platygyra","pla",0,0,3,"HC","cm","-12.20559","44.22253","Photo quadrat","CORDIO-Univ_Comoros","RPoc_Ocean5","Fore reef",0
"Comoros",2024,"Anjouan Island","Shisiwani National Park","Harimandago",NA,"","",20.45,"Pocillopora","poc",3.58,2.03,3,"HC","cb","-12.20559","44.22253","Photo quadrat","CORDIO-Univ_Comoros","RPoc_Ocean5","Fore reef",14.03
"Comoros",2024,"Anjouan Island","Shisiwani National Park","Harimandago",NA,"","",20.45,"Porites","por",1.92,1.55,3,"HC","cb/cm","-12.20559","44.22253","Photo quadrat","CORDIO-Univ_Comoros","RPoc_Ocean5","Fore reef",10.73
"Comoros",2024,"Anjouan Island","Shisiwani National Park","Harimandago",NA,"","",20.45,"Porites branching","porB",13.58,3.4,3,"HC","cb","-12.20559","44.22253","Photo quadrat","CORDIO-Univ_Comoros","RPoc_Ocean5","Fore reef",23.55
"Comoros",2024,"Anjouan Island","Shisiwani National Park","Harimandago",NA,"","",20.45,"Porites massive","porM",4.75,1.31,3,"HC","cm","-12.20559","44.22253","Photo quadrat","CORDIO-Univ_Comoros","RPoc_Ocean5","Fore reef",9.1
"Comoros",2024,"Anjouan Island","Shisiwani National Park","Harimandago",NA,"","",20.45,"Psammocora","psa",0,0,3,"HC","ce/cb","-12.20559","44.22253","Photo quadrat","CORDIO-Univ_Comoros","RPoc_Ocean5","Fore reef",0
"Comoros",2024,"Anjouan Island","Shisiwani National Park","Harimandago",NA,"","",20.45,"Dead Standing coral","DC",0,0,1,"DC",NA,"-12.20559","44.22253","Photo quadrat","CORDIO-Univ_Comoros","RPoc_Ocean5","Fore reef",0
"Comoros",2024,"Anjouan Island","Shisiwani National Park","Harimandago",NA,"","",20.45,"Rubble","RUB",2.5,0.73,1,"RUB",NA,"-12.20559","44.22253","Photo quadrat","CORDIO-Univ_Comoros","RPoc_Ocean5","Fore reef",5.06
"Comoros",2024,"Anjouan Island","Shisiwani National Park","Harimandago",NA,"","",20.45,"Soft coral","SC",2.92,0.63,1,"SC",NA,"-12.20559","44.22253","Photo quadrat","CORDIO-Univ_Comoros","RPoc_Ocean5","Fore reef",4.35
"Comoros",2024,"Anjouan Island","Shisiwani National Park","Harimandago",NA,"","",20.45,"Seriatopora","ser",0.33,0.2,3,"HC","cb","-12.20559","44.22253","Photo quadrat","CORDIO-Univ_Comoros","RPoc_Ocean5","Fore reef",1.39
"Comoros",2024,"Anjouan Island","Shisiwani National Park","Harimandago",NA,"","",20.45,"Seagrass","SGR",0.17,0.17,1,"SGR",NA,"-12.20559","44.22253","Photo quadrat","CORDIO-Univ_Comoros","RPoc_Ocean5","Fore reef",1.15
"Comoros",2024,"Anjouan Island","Shisiwani National Park","Harimandago",NA,"","",20.45,"Sand","SND",5,1.43,1,"SND",NA,"-12.20559","44.22253","Photo quadrat","CORDIO-Univ_Comoros","RPoc_Ocean5","Fore reef",9.88
"Comoros",2024,"Anjouan Island","Shisiwani National Park","Harimandago",NA,"","",20.45,"Sponge","Spog",0.75,0.33,2,"INV","Spog","-12.20559","44.22253","Photo quadrat","CORDIO-Univ_Comoros","RPoc_Ocean5","Fore reef",2.28
"Comoros",2024,"Anjouan Island","Shisiwani National Park","Harimandago",NA,"","",20.45,"Stylophora","sty",0.17,0.17,3,"HC","cb","-12.20559","44.22253","Photo quadrat","CORDIO-Univ_Comoros","RPoc_Ocean5","Fore reef",1.15
"Comoros",2024,"Anjouan Island","Shisiwani National Park","Harimandago",NA,"","",20.45,"Other","OT",0,0,1,"OT",NA,"-12.20559","44.22253","Photo quadrat","CORDIO-Univ_Comoros","RPoc_Ocean5","Fore reef",0
"Comoros",2024,"Anjouan Island","Shisiwani National Park","Fumboni",NA,"","",16.2,"Acanthastrea","aca",1,1,3,"HC","cs","-12.18536","44.29144","Photo quadrat","CORDIO-Univ_Comoros","RPoc_Ocean5","Fore reef",6.93
"Comoros",2024,"Anjouan Island","Shisiwani National Park","Fumboni",NA,"","",16.2,"Acropora branching","acb",13.58,2.57,2,"HC","acb","-12.18536","44.29144","Photo quadrat","CORDIO-Univ_Comoros","RPoc_Ocean5","Fore reef",17.81
"Comoros",2024,"Anjouan Island","Shisiwani National Park","Fumboni",NA,"","",16.2,"Acropora digitate","acd",0.5,0.28,2,"HC","acd","-12.18536","44.29144","Photo quadrat","CORDIO-Univ_Comoros","RPoc_Ocean5","Fore reef",1.96
"Comoros",2024,"Anjouan Island","Shisiwani National Park","Fumboni",NA,"","",16.2,"Algae-coralline","ACOR",1.5,0.42,1,"ACOR",NA,"-12.18536","44.29144","Photo quadrat","CORDIO-Univ_Comoros","RPoc_Ocean5","Fore reef",2.93
"Comoros",2024,"Anjouan Island","Shisiwani National Park","Fumboni",NA,"","",16.2,"Acropora","acr",0,0,3,"HC","","-12.18536","44.29144","Photo quadrat","CORDIO-Univ_Comoros","RPoc_Ocean5","Fore reef",0
"Comoros",2024,"Anjouan Island","Shisiwani National Park","Fumboni",NA,"","",16.2,"Acropora tabulate","act",0.08,0.08,2,"HC","act","-12.18536","44.29144","Photo quadrat","CORDIO-Univ_Comoros","RPoc_Ocean5","Fore reef",0.58
"Comoros",2024,"Anjouan Island","Shisiwani National Park","Fumboni",NA,"","",16.2,"Algae-Halimeda","AHAL",3.17,0.79,1,"AHAL",NA,"-12.18536","44.29144","Photo quadrat","CORDIO-Univ_Comoros","RPoc_Ocean5","Fore reef",5.47
"Comoros",2024,"Anjouan Island","Shisiwani National Park","Fumboni",NA,"","",16.2,"Algae","ALG",5.58,0.92,1,"ALG",NA,"-12.18536","44.29144","Photo quadrat","CORDIO-Univ_Comoros","RPoc_Ocean5","Fore reef",6.38
"Comoros",2024,"Anjouan Island","Shisiwani National Park","Fumboni",NA,"","",16.2,"Algae-macro/fleshy","AMAC",1.75,0.44,1,"AMAC",NA,"-12.18536","44.29144","Photo quadrat","CORDIO-Univ_Comoros","RPoc_Ocean5","Fore reef",3.08
"Comoros",2024,"Anjouan Island","Shisiwani National Park","Fumboni",NA,"","",16.2,"Astreopora","ast",1.58,0.97,3,"HC","cm","-12.18536","44.29144","Photo quadrat","CORDIO-Univ_Comoros","RPoc_Ocean5","Fore reef",6.69
"Comoros",2024,"Anjouan Island","Shisiwani National Park","Fumboni",NA,"","",16.2,"Algae-turf","ATRF",32.5,2.85,1,"ATRF",NA,"-12.18536","44.29144","Photo quadrat","CORDIO-Univ_Comoros","RPoc_Ocean5","Fore reef",19.75
"Comoros",2024,"Anjouan Island","Shisiwani National Park","Fumboni",NA,"","",16.2,"Bare substrate","BS",0.17,0.17,1,"BS",NA,"-12.18536","44.29144","Photo quadrat","CORDIO-Univ_Comoros","RPoc_Ocean5","Fore reef",1.15
"Comoros",2024,"Anjouan Island","Shisiwani National Park","Fumboni",NA,"","",16.2,"Caulastrea","cau",0.25,0.25,3,"HC","cs","-12.18536","44.29144","Photo quadrat","CORDIO-Univ_Comoros","RPoc_Ocean5","Fore reef",1.73
"Comoros",2024,"Anjouan Island","Shisiwani National Park","Fumboni",NA,"","",16.2,"Corallimorph","Cmorph",0,0,2,"INV","Cmorph","-12.18536","44.29144","Photo quadrat","CORDIO-Univ_Comoros","RPoc_Ocean5","Fore reef",0
"Comoros",2024,"Anjouan Island","Shisiwani National Park","Fumboni",NA,"","",16.2,"Coscinaraea","cos",0.67,0.48,3,"HC","cm","-12.18536","44.29144","Photo quadrat","CORDIO-Univ_Comoros","RPoc_Ocean5","Fore reef",3.33
"Comoros",2024,"Anjouan Island","Shisiwani National Park","Fumboni",NA,"","",16.2,"Echinophyllia","eph",0.08,0.08,3,"HC","cf","-12.18536","44.29144","Photo quadrat","CORDIO-Univ_Comoros","RPoc_Ocean5","Fore reef",0.58
"Comoros",2024,"Anjouan Island","Shisiwani National Park","Fumboni",NA,"","",16.2,"Echinopora","epo",9.25,2.42,3,"HC","cf/cs","-12.18536","44.29144","Photo quadrat","CORDIO-Univ_Comoros","RPoc_Ocean5","Fore reef",16.75
"Comoros",2024,"Anjouan Island","Shisiwani National Park","Fumboni",NA,"","",16.2,"Eyrthropodium","Eryth",0,0,3,"SC","scenc","-12.18536","44.29144","Photo quadrat","CORDIO-Univ_Comoros","RPoc_Ocean5","Fore reef",0
"Comoros",2024,"Anjouan Island","Shisiwani National Park","Fumboni",NA,"","",16.2,"Favia","fav",1.17,0.67,3,"HC","cm","-12.18536","44.29144","Photo quadrat","CORDIO-Univ_Comoros","RPoc_Ocean5","Fore reef",4.66
"Comoros",2024,"Anjouan Island","Shisiwani National Park","Fumboni",NA,"","",16.2,"Favites","fts",2.58,0.99,3,"HC","cm","-12.18536","44.29144","Photo quadrat","CORDIO-Univ_Comoros","RPoc_Ocean5","Fore reef",6.83
"Comoros",2024,"Anjouan Island","Shisiwani National Park","Fumboni",NA,"","",16.2,"Fungia","fun",3.08,1.23,3,"HC","mush","-12.18536","44.29144","Photo quadrat","CORDIO-Univ_Comoros","RPoc_Ocean5","Fore reef",8.5
"Comoros",2024,"Anjouan Island","Shisiwani National Park","Fumboni",NA,"","",16.2,"Galaxea","gal",0.25,0.18,3,"HC","cm","-12.18536","44.29144","Photo quadrat","CORDIO-Univ_Comoros","RPoc_Ocean5","Fore reef",1.28
"Comoros",2024,"Anjouan Island","Shisiwani National Park","Fumboni",NA,"","",16.2,"Goniastrea","gon",0,0,3,"HC","cm","-12.18536","44.29144","Photo quadrat","CORDIO-Univ_Comoros","RPoc_Ocean5","Fore reef",0
"Comoros",2024,"Anjouan Island","Shisiwani National Park","Fumboni",NA,"","",16.2,"Goniopora","gop",0,0,3,"HC","cs","-12.18536","44.29144","Photo quadrat","CORDIO-Univ_Comoros","RPoc_Ocean5","Fore reef",0
"Comoros",2024,"Anjouan Island","Shisiwani National Park","Fumboni",NA,"","",16.2,"Herpolitha","her",1,0.77,3,"HC","mush","-12.18536","44.29144","Photo quadrat","CORDIO-Univ_Comoros","RPoc_Ocean5","Fore reef",5.32
"Comoros",2024,"Anjouan Island","Shisiwani National Park","Fumboni",NA,"","",16.2,"Inverts-other","INV",0,0,1,"INV",NA,"-12.18536","44.29144","Photo quadrat","CORDIO-Univ_Comoros","RPoc_Ocean5","Fore reef",0
"Comoros",2024,"Anjouan Island","Shisiwani National Park","Fumboni",NA,"","",16.2,"Isopora","iso",0,0,3,"HC","acs","-12.18536","44.29144","Photo quadrat","CORDIO-Univ_Comoros","RPoc_Ocean5","Fore reef",0
"Comoros",2024,"Anjouan Island","Shisiwani National Park","Fumboni",NA,"","",16.2,"Lobophyllia","lob",0,0,3,"HC","cm","-12.18536","44.29144","Photo quadrat","CORDIO-Univ_Comoros","RPoc_Ocean5","Fore reef",0
"Comoros",2024,"Anjouan Island","Shisiwani National Park","Fumboni",NA,"","",16.2,"Millepora","mil",0.08,0.08,3,"HC","ce/cm/cb","-12.18536","44.29144","Photo quadrat","CORDIO-Univ_Comoros","RPoc_Ocean5","Fore reef",0.58
"Comoros",2024,"Anjouan Island","Shisiwani National Park","Fumboni",NA,"","",16.2,"Montipora","mtp",0.25,0.18,3,"HC","ce/cf/cb","-12.18536","44.29144","Photo quadrat","CORDIO-Univ_Comoros","RPoc_Ocean5","Fore reef",1.28
"Comoros",2024,"Anjouan Island","Shisiwani National Park","Fumboni",NA,"","",16.2,"Pachyseris","pac",0.08,0.08,3,"HC","cf","-12.18536","44.29144","Photo quadrat","CORDIO-Univ_Comoros","RPoc_Ocean5","Fore reef",0.58
"Comoros",2024,"Anjouan Island","Shisiwani National Park","Fumboni",NA,"","",16.2,"Pavona","pav",0,0,3,"HC","cf/cb/ce/cs","-12.18536","44.29144","Photo quadrat","CORDIO-Univ_Comoros","RPoc_Ocean5","Fore reef",0
"Comoros",2024,"Anjouan Island","Shisiwani National Park","Fumboni",NA,"","",16.2,"Platygyra","pla",0,0,3,"HC","cm","-12.18536","44.29144","Photo quadrat","CORDIO-Univ_Comoros","RPoc_Ocean5","Fore reef",0
"Comoros",2024,"Anjouan Island","Shisiwani National Park","Fumboni",NA,"","",16.2,"Pocillopora","poc",0.08,0.08,3,"HC","cb","-12.18536","44.29144","Photo quadrat","CORDIO-Univ_Comoros","RPoc_Ocean5","Fore reef",0.58
"Comoros",2024,"Anjouan Island","Shisiwani National Park","Fumboni",NA,"","",16.2,"Porites","por",0,0,3,"HC","cb/cm","-12.18536","44.29144","Photo quadrat","CORDIO-Univ_Comoros","RPoc_Ocean5","Fore reef",0
"Comoros",2024,"Anjouan Island","Shisiwani National Park","Fumboni",NA,"","",16.2,"Porites branching","porB",7.58,2.46,3,"HC","cb","-12.18536","44.29144","Photo quadrat","CORDIO-Univ_Comoros","RPoc_Ocean5","Fore reef",17.06
"Comoros",2024,"Anjouan Island","Shisiwani National Park","Fumboni",NA,"","",16.2,"Porites massive","porM",0.33,0.16,3,"HC","cm","-12.18536","44.29144","Photo quadrat","CORDIO-Univ_Comoros","RPoc_Ocean5","Fore reef",1.12
"Comoros",2024,"Anjouan Island","Shisiwani National Park","Fumboni",NA,"","",16.2,"Psammocora","psa",0.17,0.12,3,"HC","ce/cb","-12.18536","44.29144","Photo quadrat","CORDIO-Univ_Comoros","RPoc_Ocean5","Fore reef",0.81
"Comoros",2024,"Anjouan Island","Shisiwani National Park","Fumboni",NA,"","",16.2,"Dead Standing coral","DC",0.25,0.18,1,"DC",NA,"-12.18536","44.29144","Photo quadrat","CORDIO-Univ_Comoros","RPoc_Ocean5","Fore reef",1.28
"Comoros",2024,"Anjouan Island","Shisiwani National Park","Fumboni",NA,"","",16.2,"Rubble","RUB",1.17,0.85,1,"RUB",NA,"-12.18536","44.29144","Photo quadrat","CORDIO-Univ_Comoros","RPoc_Ocean5","Fore reef",5.89
"Comoros",2024,"Anjouan Island","Shisiwani National Park","Fumboni",NA,"","",16.2,"Soft coral","SC",6.25,1.14,1,"SC",NA,"-12.18536","44.29144","Photo quadrat","CORDIO-Univ_Comoros","RPoc_Ocean5","Fore reef",7.87
"Comoros",2024,"Anjouan Island","Shisiwani National Park","Fumboni",NA,"","",16.2,"Seriatopora","ser",0.92,0.55,3,"HC","cb","-12.18536","44.29144","Photo quadrat","CORDIO-Univ_Comoros","RPoc_Ocean5","Fore reef",3.8
"Comoros",2024,"Anjouan Island","Shisiwani National Park","Fumboni",NA,"","",16.2,"Seagrass","SGR",0,0,1,"SGR",NA,"-12.18536","44.29144","Photo quadrat","CORDIO-Univ_Comoros","RPoc_Ocean5","Fore reef",0
"Comoros",2024,"Anjouan Island","Shisiwani National Park","Fumboni",NA,"","",16.2,"Sand","SND",0.08,0.08,1,"SND",NA,"-12.18536","44.29144","Photo quadrat","CORDIO-Univ_Comoros","RPoc_Ocean5","Fore reef",0.58
"Comoros",2024,"Anjouan Island","Shisiwani National Park","Fumboni",NA,"","",16.2,"Sponge","Spog",3,0.67,2,"INV","Spog","-12.18536","44.29144","Photo quadrat","CORDIO-Univ_Comoros","RPoc_Ocean5","Fore reef",4.63
"Comoros",2024,"Anjouan Island","Shisiwani National Park","Fumboni",NA,"","",16.2,"Stylophora","sty",0,0,3,"HC","cb","-12.18536","44.29144","Photo quadrat","CORDIO-Univ_Comoros","RPoc_Ocean5","Fore reef",0
"Comoros",2024,"Anjouan Island","Shisiwani National Park","Fumboni",NA,"","",16.2,"Other","OT",0,0,1,"OT",NA,"-12.18536","44.29144","Photo quadrat","CORDIO-Univ_Comoros","RPoc_Ocean5","Fore reef",0
"Comoros",2024,"Anjouan Island","Shisiwani National Park","Hashelafou",NA,"","",11.6,"Acanthastrea","aca",0.33,0.33,3,"HC","cs","-12.1664","44.23878","Photo quadrat","CORDIO-Univ_Comoros","RPoc_Ocean5","Deep terrace",2.31
"Comoros",2024,"Anjouan Island","Shisiwani National Park","Hashelafou",NA,"","",11.6,"Acropora branching","acb",18.33,4.08,2,"HC","acb","-12.1664","44.23878","Photo quadrat","CORDIO-Univ_Comoros","RPoc_Ocean5","Deep terrace",28.27
"Comoros",2024,"Anjouan Island","Shisiwani National Park","Hashelafou",NA,"","",11.6,"Acropora digitate","acd",0.17,0.17,2,"HC","acd","-12.1664","44.23878","Photo quadrat","CORDIO-Univ_Comoros","RPoc_Ocean5","Deep terrace",1.15
"Comoros",2024,"Anjouan Island","Shisiwani National Park","Hashelafou",NA,"","",11.6,"Algae-coralline","ACOR",1.5,0.42,1,"ACOR",NA,"-12.1664","44.23878","Photo quadrat","CORDIO-Univ_Comoros","RPoc_Ocean5","Deep terrace",2.93
"Comoros",2024,"Anjouan Island","Shisiwani National Park","Hashelafou",NA,"","",11.6,"Acropora","acr",0,0,3,"HC","","-12.1664","44.23878","Photo quadrat","CORDIO-Univ_Comoros","RPoc_Ocean5","Deep terrace",0
"Comoros",2024,"Anjouan Island","Shisiwani National Park","Hashelafou",NA,"","",11.6,"Acropora tabulate","act",0.92,0.92,2,"HC","act","-12.1664","44.23878","Photo quadrat","CORDIO-Univ_Comoros","RPoc_Ocean5","Deep terrace",6.35
"Comoros",2024,"Anjouan Island","Shisiwani National Park","Hashelafou",NA,"","",11.6,"Algae-Halimeda","AHAL",0.17,0.17,1,"AHAL",NA,"-12.1664","44.23878","Photo quadrat","CORDIO-Univ_Comoros","RPoc_Ocean5","Deep terrace",1.15
"Comoros",2024,"Anjouan Island","Shisiwani National Park","Hashelafou",NA,"","",11.6,"Algae","ALG",1.5,0.44,1,"ALG",NA,"-12.1664","44.23878","Photo quadrat","CORDIO-Univ_Comoros","RPoc_Ocean5","Deep terrace",3.05
"Comoros",2024,"Anjouan Island","Shisiwani National Park","Hashelafou",NA,"","",11.6,"Algae-macro/fleshy","AMAC",4.75,0.74,1,"AMAC",NA,"-12.1664","44.23878","Photo quadrat","CORDIO-Univ_Comoros","RPoc_Ocean5","Deep terrace",5.13
"Comoros",2024,"Anjouan Island","Shisiwani National Park","Hashelafou",NA,"","",11.6,"Astreopora","ast",0.33,0.33,3,"HC","cm","-12.1664","44.23878","Photo quadrat","CORDIO-Univ_Comoros","RPoc_Ocean5","Deep terrace",2.31
"Comoros",2024,"Anjouan Island","Shisiwani National Park","Hashelafou",NA,"","",11.6,"Algae-turf","ATRF",31.33,2.84,1,"ATRF",NA,"-12.1664","44.23878","Photo quadrat","CORDIO-Univ_Comoros","RPoc_Ocean5","Deep terrace",19.69
"Comoros",2024,"Anjouan Island","Shisiwani National Park","Hashelafou",NA,"","",11.6,"Bare substrate","BS",2,0.55,1,"BS",NA,"-12.1664","44.23878","Photo quadrat","CORDIO-Univ_Comoros","RPoc_Ocean5","Deep terrace",3.78
"Comoros",2024,"Anjouan Island","Shisiwani National Park","Hashelafou",NA,"","",11.6,"Caulastrea","cau",0.08,0.08,3,"HC","cs","-12.1664","44.23878","Photo quadrat","CORDIO-Univ_Comoros","RPoc_Ocean5","Deep terrace",0.58
"Comoros",2024,"Anjouan Island","Shisiwani National Park","Hashelafou",NA,"","",11.6,"Corallimorph","Cmorph",0,0,2,"INV","Cmorph","-12.1664","44.23878","Photo quadrat","CORDIO-Univ_Comoros","RPoc_Ocean5","Deep terrace",0
"Comoros",2024,"Anjouan Island","Shisiwani National Park","Hashelafou",NA,"","",11.6,"Coscinaraea","cos",0,0,3,"HC","cm","-12.1664","44.23878","Photo quadrat","CORDIO-Univ_Comoros","RPoc_Ocean5","Deep terrace",0
"Comoros",2024,"Anjouan Island","Shisiwani National Park","Hashelafou",NA,"","",11.6,"Echinophyllia","eph",0,0,3,"HC","cf","-12.1664","44.23878","Photo quadrat","CORDIO-Univ_Comoros","RPoc_Ocean5","Deep terrace",0
"Comoros",2024,"Anjouan Island","Shisiwani National Park","Hashelafou",NA,"","",11.6,"Echinopora","epo",1.17,0.89,3,"HC","cf/cs","-12.1664","44.23878","Photo quadrat","CORDIO-Univ_Comoros","RPoc_Ocean5","Deep terrace",6.17
"Comoros",2024,"Anjouan Island","Shisiwani National Park","Hashelafou",NA,"","",11.6,"Eyrthropodium","Eryth",0,0,3,"SC","scenc","-12.1664","44.23878","Photo quadrat","CORDIO-Univ_Comoros","RPoc_Ocean5","Deep terrace",0
"Comoros",2024,"Anjouan Island","Shisiwani National Park","Hashelafou",NA,"","",11.6,"Favia","fav",0.75,0.47,3,"HC","cm","-12.1664","44.23878","Photo quadrat","CORDIO-Univ_Comoros","RPoc_Ocean5","Deep terrace",3.26
"Comoros",2024,"Anjouan Island","Shisiwani National Park","Hashelafou",NA,"","",11.6,"Favites","fts",2.42,0.94,3,"HC","cm","-12.1664","44.23878","Photo quadrat","CORDIO-Univ_Comoros","RPoc_Ocean5","Deep terrace",6.48
"Comoros",2024,"Anjouan Island","Shisiwani National Park","Hashelafou",NA,"","",11.6,"Fungia","fun",0.08,0.08,3,"HC","mush","-12.1664","44.23878","Photo quadrat","CORDIO-Univ_Comoros","RPoc_Ocean5","Deep terrace",0.58
"Comoros",2024,"Anjouan Island","Shisiwani National Park","Hashelafou",NA,"","",11.6,"Galaxea","gal",0,0,3,"HC","cm","-12.1664","44.23878","Photo quadrat","CORDIO-Univ_Comoros","RPoc_Ocean5","Deep terrace",0
"Comoros",2024,"Anjouan Island","Shisiwani National Park","Hashelafou",NA,"","",11.6,"Goniastrea","gon",0,0,3,"HC","cm","-12.1664","44.23878","Photo quadrat","CORDIO-Univ_Comoros","RPoc_Ocean5","Deep terrace",0
"Comoros",2024,"Anjouan Island","Shisiwani National Park","Hashelafou",NA,"","",11.6,"Goniopora","gop",0,0,3,"HC","cs","-12.1664","44.23878","Photo quadrat","CORDIO-Univ_Comoros","RPoc_Ocean5","Deep terrace",0
"Comoros",2024,"Anjouan Island","Shisiwani National Park","Hashelafou",NA,"","",11.6,"Herpolitha","her",0,0,3,"HC","mush","-12.1664","44.23878","Photo quadrat","CORDIO-Univ_Comoros","RPoc_Ocean5","Deep terrace",0
"Comoros",2024,"Anjouan Island","Shisiwani National Park","Hashelafou",NA,"","",11.6,"Inverts-other","INV",0.08,0.08,1,"INV",NA,"-12.1664","44.23878","Photo quadrat","CORDIO-Univ_Comoros","RPoc_Ocean5","Deep terrace",0.58
"Comoros",2024,"Anjouan Island","Shisiwani National Park","Hashelafou",NA,"","",11.6,"Isopora","iso",0.25,0.25,3,"HC","acs","-12.1664","44.23878","Photo quadrat","CORDIO-Univ_Comoros","RPoc_Ocean5","Deep terrace",1.73
"Comoros",2024,"Anjouan Island","Shisiwani National Park","Hashelafou",NA,"","",11.6,"Lobophyllia","lob",0,0,3,"HC","cm","-12.1664","44.23878","Photo quadrat","CORDIO-Univ_Comoros","RPoc_Ocean5","Deep terrace",0
"Comoros",2024,"Anjouan Island","Shisiwani National Park","Hashelafou",NA,"","",11.6,"Millepora","mil",0,0,3,"HC","ce/cm/cb","-12.1664","44.23878","Photo quadrat","CORDIO-Univ_Comoros","RPoc_Ocean5","Deep terrace",0
"Comoros",2024,"Anjouan Island","Shisiwani National Park","Hashelafou",NA,"","",11.6,"Montipora","mtp",0,0,3,"HC","ce/cf/cb","-12.1664","44.23878","Photo quadrat","CORDIO-Univ_Comoros","RPoc_Ocean5","Deep terrace",0
"Comoros",2024,"Anjouan Island","Shisiwani National Park","Hashelafou",NA,"","",11.6,"Pachyseris","pac",0,0,3,"HC","cf","-12.1664","44.23878","Photo quadrat","CORDIO-Univ_Comoros","RPoc_Ocean5","Deep terrace",0
"Comoros",2024,"Anjouan Island","Shisiwani National Park","Hashelafou",NA,"","",11.6,"Pavona","pav",2.08,1.29,3,"HC","cf/cb/ce/cs","-12.1664","44.23878","Photo quadrat","CORDIO-Univ_Comoros","RPoc_Ocean5","Deep terrace",8.96
"Comoros",2024,"Anjouan Island","Shisiwani National Park","Hashelafou",NA,"","",11.6,"Platygyra","pla",1.58,1.23,3,"HC","cm","-12.1664","44.23878","Photo quadrat","CORDIO-Univ_Comoros","RPoc_Ocean5","Deep terrace",8.52
"Comoros",2024,"Anjouan Island","Shisiwani National Park","Hashelafou",NA,"","",11.6,"Pocillopora","poc",3.42,1.59,3,"HC","cb","-12.1664","44.23878","Photo quadrat","CORDIO-Univ_Comoros","RPoc_Ocean5","Deep terrace",11.01
"Comoros",2024,"Anjouan Island","Shisiwani National Park","Hashelafou",NA,"","",11.6,"Porites","por",0,0,3,"HC","cb/cm","-12.1664","44.23878","Photo quadrat","CORDIO-Univ_Comoros","RPoc_Ocean5","Deep terrace",0
"Comoros",2024,"Anjouan Island","Shisiwani National Park","Hashelafou",NA,"","",11.6,"Porites branching","porB",0,0,3,"HC","cb","-12.1664","44.23878","Photo quadrat","CORDIO-Univ_Comoros","RPoc_Ocean5","Deep terrace",0
"Comoros",2024,"Anjouan Island","Shisiwani National Park","Hashelafou",NA,"","",11.6,"Porites massive","porM",5.5,1.25,3,"HC","cm","-12.1664","44.23878","Photo quadrat","CORDIO-Univ_Comoros","RPoc_Ocean5","Deep terrace",8.68
"Comoros",2024,"Anjouan Island","Shisiwani National Park","Hashelafou",NA,"","",11.6,"Psammocora","psa",0,0,3,"HC","ce/cb","-12.1664","44.23878","Photo quadrat","CORDIO-Univ_Comoros","RPoc_Ocean5","Deep terrace",0
"Comoros",2024,"Anjouan Island","Shisiwani National Park","Hashelafou",NA,"","",11.6,"Dead Standing coral","DC",0.08,0.08,1,"DC",NA,"-12.1664","44.23878","Photo quadrat","CORDIO-Univ_Comoros","RPoc_Ocean5","Deep terrace",0.58
"Comoros",2024,"Anjouan Island","Shisiwani National Park","Hashelafou",NA,"","",11.6,"Rubble","RUB",2.25,0.69,1,"RUB",NA,"-12.1664","44.23878","Photo quadrat","CORDIO-Univ_Comoros","RPoc_Ocean5","Deep terrace",4.8
"Comoros",2024,"Anjouan Island","Shisiwani National Park","Hashelafou",NA,"","",11.6,"Soft coral","SC",3.58,0.64,1,"SC",NA,"-12.1664","44.23878","Photo quadrat","CORDIO-Univ_Comoros","RPoc_Ocean5","Deep terrace",4.46
"Comoros",2024,"Anjouan Island","Shisiwani National Park","Hashelafou",NA,"","",11.6,"Seriatopora","ser",0.08,0.08,3,"HC","cb","-12.1664","44.23878","Photo quadrat","CORDIO-Univ_Comoros","RPoc_Ocean5","Deep terrace",0.58
"Comoros",2024,"Anjouan Island","Shisiwani National Park","Hashelafou",NA,"","",11.6,"Seagrass","SGR",0,0,1,"SGR",NA,"-12.1664","44.23878","Photo quadrat","CORDIO-Univ_Comoros","RPoc_Ocean5","Deep terrace",0
"Comoros",2024,"Anjouan Island","Shisiwani National Park","Hashelafou",NA,"","",11.6,"Sand","SND",13.17,2.23,1,"SND",NA,"-12.1664","44.23878","Photo quadrat","CORDIO-Univ_Comoros","RPoc_Ocean5","Deep terrace",15.44
"Comoros",2024,"Anjouan Island","Shisiwani National Park","Hashelafou",NA,"","",11.6,"Sponge","Spog",1.33,0.38,2,"INV","Spog","-12.1664","44.23878","Photo quadrat","CORDIO-Univ_Comoros","RPoc_Ocean5","Deep terrace",2.65
"Comoros",2024,"Anjouan Island","Shisiwani National Park","Hashelafou",NA,"","",11.6,"Stylophora","sty",0.5,0.28,3,"HC","cb","-12.1664","44.23878","Photo quadrat","CORDIO-Univ_Comoros","RPoc_Ocean5","Deep terrace",1.96
"Comoros",2024,"Anjouan Island","Shisiwani National Park","Hashelafou",NA,"","",11.6,"Other","OT",0.25,0.25,1,"OT",NA,"-12.1664","44.23878","Photo quadrat","CORDIO-Univ_Comoros","RPoc_Ocean5","Deep terrace",1.73
"Comoros",2024,"Anjouan Island","Shisiwani National Park","Mayindrini",NA,"","",12.15,"Acanthastrea","aca",0,0,3,"HC","cs","-12.16027","44.20214","Photo quadrat","CORDIO-Univ_Comoros","RPoc_Ocean5","Fore reef",0
"Comoros",2024,"Anjouan Island","Shisiwani National Park","Mayindrini",NA,"","",12.15,"Acropora branching","acb",22.58,5.39,2,"HC","acb","-12.16027","44.20214","Photo quadrat","CORDIO-Univ_Comoros","RPoc_Ocean5","Fore reef",37.35
"Comoros",2024,"Anjouan Island","Shisiwani National Park","Mayindrini",NA,"","",12.15,"Acropora digitate","acd",0.08,0.08,2,"HC","acd","-12.16027","44.20214","Photo quadrat","CORDIO-Univ_Comoros","RPoc_Ocean5","Fore reef",0.58
"Comoros",2024,"Anjouan Island","Shisiwani National Park","Mayindrini",NA,"","",12.15,"Algae-coralline","ACOR",1.75,0.43,1,"ACOR",NA,"-12.16027","44.20214","Photo quadrat","CORDIO-Univ_Comoros","RPoc_Ocean5","Fore reef",2.96
"Comoros",2024,"Anjouan Island","Shisiwani National Park","Mayindrini",NA,"","",12.15,"Acropora","acr",2,2,3,"HC","","-12.16027","44.20214","Photo quadrat","CORDIO-Univ_Comoros","RPoc_Ocean5","Fore reef",13.86
"Comoros",2024,"Anjouan Island","Shisiwani National Park","Mayindrini",NA,"","",12.15,"Acropora tabulate","act",0,0,2,"HC","act","-12.16027","44.20214","Photo quadrat","CORDIO-Univ_Comoros","RPoc_Ocean5","Fore reef",0
"Comoros",2024,"Anjouan Island","Shisiwani National Park","Mayindrini",NA,"","",12.15,"Algae-Halimeda","AHAL",3.08,0.98,1,"AHAL",NA,"-12.16027","44.20214","Photo quadrat","CORDIO-Univ_Comoros","RPoc_Ocean5","Fore reef",6.82
"Comoros",2024,"Anjouan Island","Shisiwani National Park","Mayindrini",NA,"","",12.15,"Algae","ALG",2.33,0.53,1,"ALG",NA,"-12.16027","44.20214","Photo quadrat","CORDIO-Univ_Comoros","RPoc_Ocean5","Fore reef",3.67
"Comoros",2024,"Anjouan Island","Shisiwani National Park","Mayindrini",NA,"","",12.15,"Algae-macro/fleshy","AMAC",2.33,0.62,1,"AMAC",NA,"-12.16027","44.20214","Photo quadrat","CORDIO-Univ_Comoros","RPoc_Ocean5","Fore reef",4.27
"Comoros",2024,"Anjouan Island","Shisiwani National Park","Mayindrini",NA,"","",12.15,"Astreopora","ast",0,0,3,"HC","cm","-12.16027","44.20214","Photo quadrat","CORDIO-Univ_Comoros","RPoc_Ocean5","Fore reef",0
"Comoros",2024,"Anjouan Island","Shisiwani National Park","Mayindrini",NA,"","",12.15,"Algae-turf","ATRF",28.83,3.5,1,"ATRF",NA,"-12.16027","44.20214","Photo quadrat","CORDIO-Univ_Comoros","RPoc_Ocean5","Fore reef",24.25
"Comoros",2024,"Anjouan Island","Shisiwani National Park","Mayindrini",NA,"","",12.15,"Bare substrate","BS",4.5,2.31,1,"BS",NA,"-12.16027","44.20214","Photo quadrat","CORDIO-Univ_Comoros","RPoc_Ocean5","Fore reef",15.99
"Comoros",2024,"Anjouan Island","Shisiwani National Park","Mayindrini",NA,"","",12.15,"Caulastrea","cau",0,0,3,"HC","cs","-12.16027","44.20214","Photo quadrat","CORDIO-Univ_Comoros","RPoc_Ocean5","Fore reef",0
"Comoros",2024,"Anjouan Island","Shisiwani National Park","Mayindrini",NA,"","",12.15,"Corallimorph","Cmorph",0,0,2,"INV","Cmorph","-12.16027","44.20214","Photo quadrat","CORDIO-Univ_Comoros","RPoc_Ocean5","Fore reef",0
"Comoros",2024,"Anjouan Island","Shisiwani National Park","Mayindrini",NA,"","",12.15,"Coscinaraea","cos",0.92,0.84,3,"HC","cm","-12.16027","44.20214","Photo quadrat","CORDIO-Univ_Comoros","RPoc_Ocean5","Fore reef",5.79
"Comoros",2024,"Anjouan Island","Shisiwani National Park","Mayindrini",NA,"","",12.15,"Echinophyllia","eph",0,0,3,"HC","cf","-12.16027","44.20214","Photo quadrat","CORDIO-Univ_Comoros","RPoc_Ocean5","Fore reef",0
"Comoros",2024,"Anjouan Island","Shisiwani National Park","Mayindrini",NA,"","",12.15,"Echinopora","epo",0,0,3,"HC","cf/cs","-12.16027","44.20214","Photo quadrat","CORDIO-Univ_Comoros","RPoc_Ocean5","Fore reef",0
"Comoros",2024,"Anjouan Island","Shisiwani National Park","Mayindrini",NA,"","",12.15,"Eyrthropodium","Eryth",0,0,3,"SC","scenc","-12.16027","44.20214","Photo quadrat","CORDIO-Univ_Comoros","RPoc_Ocean5","Fore reef",0
"Comoros",2024,"Anjouan Island","Shisiwani National Park","Mayindrini",NA,"","",12.15,"Favia","fav",2,1.37,3,"HC","cm","-12.16027","44.20214","Photo quadrat","CORDIO-Univ_Comoros","RPoc_Ocean5","Fore reef",9.52
"Comoros",2024,"Anjouan Island","Shisiwani National Park","Mayindrini",NA,"","",12.15,"Favites","fts",1.92,0.82,3,"HC","cm","-12.16027","44.20214","Photo quadrat","CORDIO-Univ_Comoros","RPoc_Ocean5","Fore reef",5.66
"Comoros",2024,"Anjouan Island","Shisiwani National Park","Mayindrini",NA,"","",12.15,"Fungia","fun",0.08,0.08,3,"HC","mush","-12.16027","44.20214","Photo quadrat","CORDIO-Univ_Comoros","RPoc_Ocean5","Fore reef",0.58
"Comoros",2024,"Anjouan Island","Shisiwani National Park","Mayindrini",NA,"","",12.15,"Galaxea","gal",0,0,3,"HC","cm","-12.16027","44.20214","Photo quadrat","CORDIO-Univ_Comoros","RPoc_Ocean5","Fore reef",0
"Comoros",2024,"Anjouan Island","Shisiwani National Park","Mayindrini",NA,"","",12.15,"Goniastrea","gon",0,0,3,"HC","cm","-12.16027","44.20214","Photo quadrat","CORDIO-Univ_Comoros","RPoc_Ocean5","Fore reef",0
"Comoros",2024,"Anjouan Island","Shisiwani National Park","Mayindrini",NA,"","",12.15,"Goniopora","gop",0,0,3,"HC","cs","-12.16027","44.20214","Photo quadrat","CORDIO-Univ_Comoros","RPoc_Ocean5","Fore reef",0
"Comoros",2024,"Anjouan Island","Shisiwani National Park","Mayindrini",NA,"","",12.15,"Herpolitha","her",0,0,3,"HC","mush","-12.16027","44.20214","Photo quadrat","CORDIO-Univ_Comoros","RPoc_Ocean5","Fore reef",0
"Comoros",2024,"Anjouan Island","Shisiwani National Park","Mayindrini",NA,"","",12.15,"Inverts-other","INV",0.33,0.16,1,"INV",NA,"-12.16027","44.20214","Photo quadrat","CORDIO-Univ_Comoros","RPoc_Ocean5","Fore reef",1.12
"Comoros",2024,"Anjouan Island","Shisiwani National Park","Mayindrini",NA,"","",12.15,"Isopora","iso",0,0,3,"HC","acs","-12.16027","44.20214","Photo quadrat","CORDIO-Univ_Comoros","RPoc_Ocean5","Fore reef",0
"Comoros",2024,"Anjouan Island","Shisiwani National Park","Mayindrini",NA,"","",12.15,"Lobophyllia","lob",0,0,3,"HC","cm","-12.16027","44.20214","Photo quadrat","CORDIO-Univ_Comoros","RPoc_Ocean5","Fore reef",0
"Comoros",2024,"Anjouan Island","Shisiwani National Park","Mayindrini",NA,"","",12.15,"Millepora","mil",0,0,3,"HC","ce/cm/cb","-12.16027","44.20214","Photo quadrat","CORDIO-Univ_Comoros","RPoc_Ocean5","Fore reef",0
"Comoros",2024,"Anjouan Island","Shisiwani National Park","Mayindrini",NA,"","",12.15,"Montipora","mtp",0.83,0.5,3,"HC","ce/cf/cb","-12.16027","44.20214","Photo quadrat","CORDIO-Univ_Comoros","RPoc_Ocean5","Fore reef",3.5
"Comoros",2024,"Anjouan Island","Shisiwani National Park","Mayindrini",NA,"","",12.15,"Pachyseris","pac",0,0,3,"HC","cf","-12.16027","44.20214","Photo quadrat","CORDIO-Univ_Comoros","RPoc_Ocean5","Fore reef",0
"Comoros",2024,"Anjouan Island","Shisiwani National Park","Mayindrini",NA,"","",12.15,"Pavona","pav",0,0,3,"HC","cf/cb/ce/cs","-12.16027","44.20214","Photo quadrat","CORDIO-Univ_Comoros","RPoc_Ocean5","Fore reef",0
"Comoros",2024,"Anjouan Island","Shisiwani National Park","Mayindrini",NA,"","",12.15,"Platygyra","pla",0,0,3,"HC","cm","-12.16027","44.20214","Photo quadrat","CORDIO-Univ_Comoros","RPoc_Ocean5","Fore reef",0
"Comoros",2024,"Anjouan Island","Shisiwani National Park","Mayindrini",NA,"","",12.15,"Pocillopora","poc",3.42,1.25,3,"HC","cb","-12.16027","44.20214","Photo quadrat","CORDIO-Univ_Comoros","RPoc_Ocean5","Fore reef",8.65
"Comoros",2024,"Anjouan Island","Shisiwani National Park","Mayindrini",NA,"","",12.15,"Porites","por",0,0,3,"HC","cb/cm","-12.16027","44.20214","Photo quadrat","CORDIO-Univ_Comoros","RPoc_Ocean5","Fore reef",0
"Comoros",2024,"Anjouan Island","Shisiwani National Park","Mayindrini",NA,"","",12.15,"Porites branching","porB",0,0,3,"HC","cb","-12.16027","44.20214","Photo quadrat","CORDIO-Univ_Comoros","RPoc_Ocean5","Fore reef",0
"Comoros",2024,"Anjouan Island","Shisiwani National Park","Mayindrini",NA,"","",12.15,"Porites massive","porM",2.17,0.92,3,"HC","cm","-12.16027","44.20214","Photo quadrat","CORDIO-Univ_Comoros","RPoc_Ocean5","Fore reef",6.39
"Comoros",2024,"Anjouan Island","Shisiwani National Park","Mayindrini",NA,"","",12.15,"Psammocora","psa",0,0,3,"HC","ce/cb","-12.16027","44.20214","Photo quadrat","CORDIO-Univ_Comoros","RPoc_Ocean5","Fore reef",0
"Comoros",2024,"Anjouan Island","Shisiwani National Park","Mayindrini",NA,"","",12.15,"Dead Standing coral","DC",0,0,1,"DC",NA,"-12.16027","44.20214","Photo quadrat","CORDIO-Univ_Comoros","RPoc_Ocean5","Fore reef",0
"Comoros",2024,"Anjouan Island","Shisiwani National Park","Mayindrini",NA,"","",12.15,"Rubble","RUB",3.92,1.01,1,"RUB",NA,"-12.16027","44.20214","Photo quadrat","CORDIO-Univ_Comoros","RPoc_Ocean5","Fore reef",7.03
"Comoros",2024,"Anjouan Island","Shisiwani National Park","Mayindrini",NA,"","",12.15,"Soft coral","SC",3.08,0.84,1,"SC",NA,"-12.16027","44.20214","Photo quadrat","CORDIO-Univ_Comoros","RPoc_Ocean5","Fore reef",5.85
"Comoros",2024,"Anjouan Island","Shisiwani National Park","Mayindrini",NA,"","",12.15,"Seriatopora","ser",0.08,0.08,3,"HC","cb","-12.16027","44.20214","Photo quadrat","CORDIO-Univ_Comoros","RPoc_Ocean5","Fore reef",0.58
"Comoros",2024,"Anjouan Island","Shisiwani National Park","Mayindrini",NA,"","",12.15,"Seagrass","SGR",0,0,1,"SGR",NA,"-12.16027","44.20214","Photo quadrat","CORDIO-Univ_Comoros","RPoc_Ocean5","Fore reef",0
"Comoros",2024,"Anjouan Island","Shisiwani National Park","Mayindrini",NA,"","",12.15,"Sand","SND",10.92,2.27,1,"SND",NA,"-12.16027","44.20214","Photo quadrat","CORDIO-Univ_Comoros","RPoc_Ocean5","Fore reef",15.69
"Comoros",2024,"Anjouan Island","Shisiwani National Park","Mayindrini",NA,"","",12.15,"Sponge","Spog",1.17,0.36,2,"INV","Spog","-12.16027","44.20214","Photo quadrat","CORDIO-Univ_Comoros","RPoc_Ocean5","Fore reef",2.47
"Comoros",2024,"Anjouan Island","Shisiwani National Park","Mayindrini",NA,"","",12.15,"Stylophora","sty",1.67,1.58,3,"HC","cb","-12.16027","44.20214","Photo quadrat","CORDIO-Univ_Comoros","RPoc_Ocean5","Fore reef",10.97
"Comoros",2024,"Anjouan Island","Shisiwani National Park","Mayindrini",NA,"","",12.15,"Other","OT",0,0,1,"OT",NA,"-12.16027","44.20214","Photo quadrat","CORDIO-Univ_Comoros","RPoc_Ocean5","Fore reef",0
"Comoros",2024,"Anjouan Island","Shisiwani National Park","Shitsangasheli",NA,"","",18.1,"Acanthastrea","aca",0,0,3,"HC","cs","-12.25126","44.31506","Photo quadrat","CORDIO-Univ_Comoros","RPoc_Ocean5","Fore reef",0
"Comoros",2024,"Anjouan Island","Shisiwani National Park","Shitsangasheli",NA,"","",18.1,"Acropora branching","acb",16.42,3.71,2,"HC","acb","-12.25126","44.31506","Photo quadrat","CORDIO-Univ_Comoros","RPoc_Ocean5","Fore reef",25.73
"Comoros",2024,"Anjouan Island","Shisiwani National Park","Shitsangasheli",NA,"","",18.1,"Acropora digitate","acd",0,0,2,"HC","acd","-12.25126","44.31506","Photo quadrat","CORDIO-Univ_Comoros","RPoc_Ocean5","Fore reef",0
"Comoros",2024,"Anjouan Island","Shisiwani National Park","Shitsangasheli",NA,"","",18.1,"Algae-coralline","ACOR",0.83,0.29,1,"ACOR",NA,"-12.25126","44.31506","Photo quadrat","CORDIO-Univ_Comoros","RPoc_Ocean5","Fore reef",2.01
"Comoros",2024,"Anjouan Island","Shisiwani National Park","Shitsangasheli",NA,"","",18.1,"Acropora","acr",0.5,0.31,3,"HC","","-12.25126","44.31506","Photo quadrat","CORDIO-Univ_Comoros","RPoc_Ocean5","Fore reef",2.12
"Comoros",2024,"Anjouan Island","Shisiwani National Park","Shitsangasheli",NA,"","",18.1,"Acropora tabulate","act",0.58,0.58,2,"HC","act","-12.25126","44.31506","Photo quadrat","CORDIO-Univ_Comoros","RPoc_Ocean5","Fore reef",4.04
"Comoros",2024,"Anjouan Island","Shisiwani National Park","Shitsangasheli",NA,"","",18.1,"Algae-Halimeda","AHAL",1.5,0.66,1,"AHAL",NA,"-12.25126","44.31506","Photo quadrat","CORDIO-Univ_Comoros","RPoc_Ocean5","Fore reef",4.57
"Comoros",2024,"Anjouan Island","Shisiwani National Park","Shitsangasheli",NA,"","",18.1,"Algae","ALG",0.08,0.08,1,"ALG",NA,"-12.25126","44.31506","Photo quadrat","CORDIO-Univ_Comoros","RPoc_Ocean5","Fore reef",0.58
"Comoros",2024,"Anjouan Island","Shisiwani National Park","Shitsangasheli",NA,"","",18.1,"Algae-macro/fleshy","AMAC",8,1.06,1,"AMAC",NA,"-12.25126","44.31506","Photo quadrat","CORDIO-Univ_Comoros","RPoc_Ocean5","Fore reef",7.33
"Comoros",2024,"Anjouan Island","Shisiwani National Park","Shitsangasheli",NA,"","",18.1,"Astreopora","ast",0,0,3,"HC","cm","-12.25126","44.31506","Photo quadrat","CORDIO-Univ_Comoros","RPoc_Ocean5","Fore reef",0
"Comoros",2024,"Anjouan Island","Shisiwani National Park","Shitsangasheli",NA,"","",18.1,"Algae-turf","ATRF",31.42,2.52,1,"ATRF",NA,"-12.25126","44.31506","Photo quadrat","CORDIO-Univ_Comoros","RPoc_Ocean5","Fore reef",17.46
"Comoros",2024,"Anjouan Island","Shisiwani National Park","Shitsangasheli",NA,"","",18.1,"Bare substrate","BS",0.58,0.29,1,"BS",NA,"-12.25126","44.31506","Photo quadrat","CORDIO-Univ_Comoros","RPoc_Ocean5","Fore reef",2.02
"Comoros",2024,"Anjouan Island","Shisiwani National Park","Shitsangasheli",NA,"","",18.1,"Caulastrea","cau",0,0,3,"HC","cs","-12.25126","44.31506","Photo quadrat","CORDIO-Univ_Comoros","RPoc_Ocean5","Fore reef",0
"Comoros",2024,"Anjouan Island","Shisiwani National Park","Shitsangasheli",NA,"","",18.1,"Corallimorph","Cmorph",0.17,0.12,2,"INV","Cmorph","-12.25126","44.31506","Photo quadrat","CORDIO-Univ_Comoros","RPoc_Ocean5","Fore reef",0.81
"Comoros",2024,"Anjouan Island","Shisiwani National Park","Shitsangasheli",NA,"","",18.1,"Coscinaraea","cos",0,0,3,"HC","cm","-12.25126","44.31506","Photo quadrat","CORDIO-Univ_Comoros","RPoc_Ocean5","Fore reef",0
"Comoros",2024,"Anjouan Island","Shisiwani National Park","Shitsangasheli",NA,"","",18.1,"Echinophyllia","eph",0,0,3,"HC","cf","-12.25126","44.31506","Photo quadrat","CORDIO-Univ_Comoros","RPoc_Ocean5","Fore reef",0
"Comoros",2024,"Anjouan Island","Shisiwani National Park","Shitsangasheli",NA,"","",18.1,"Echinopora","epo",1.83,1.06,3,"HC","cf/cs","-12.25126","44.31506","Photo quadrat","CORDIO-Univ_Comoros","RPoc_Ocean5","Fore reef",7.38
"Comoros",2024,"Anjouan Island","Shisiwani National Park","Shitsangasheli",NA,"","",18.1,"Eyrthropodium","Eryth",0,0,3,"SC","scenc","-12.25126","44.31506","Photo quadrat","CORDIO-Univ_Comoros","RPoc_Ocean5","Fore reef",0
"Comoros",2024,"Anjouan Island","Shisiwani National Park","Shitsangasheli",NA,"","",18.1,"Favia","fav",4.75,1.42,3,"HC","cm","-12.25126","44.31506","Photo quadrat","CORDIO-Univ_Comoros","RPoc_Ocean5","Fore reef",9.82
"Comoros",2024,"Anjouan Island","Shisiwani National Park","Shitsangasheli",NA,"","",18.1,"Favites","fts",2.83,0.82,3,"HC","cm","-12.25126","44.31506","Photo quadrat","CORDIO-Univ_Comoros","RPoc_Ocean5","Fore reef",5.71
"Comoros",2024,"Anjouan Island","Shisiwani National Park","Shitsangasheli",NA,"","",18.1,"Fungia","fun",0.08,0.08,3,"HC","mush","-12.25126","44.31506","Photo quadrat","CORDIO-Univ_Comoros","RPoc_Ocean5","Fore reef",0.58
"Comoros",2024,"Anjouan Island","Shisiwani National Park","Shitsangasheli",NA,"","",18.1,"Galaxea","gal",0,0,3,"HC","cm","-12.25126","44.31506","Photo quadrat","CORDIO-Univ_Comoros","RPoc_Ocean5","Fore reef",0
"Comoros",2024,"Anjouan Island","Shisiwani National Park","Shitsangasheli",NA,"","",18.1,"Goniastrea","gon",0,0,3,"HC","cm","-12.25126","44.31506","Photo quadrat","CORDIO-Univ_Comoros","RPoc_Ocean5","Fore reef",0
"Comoros",2024,"Anjouan Island","Shisiwani National Park","Shitsangasheli",NA,"","",18.1,"Goniopora","gop",0,0,3,"HC","cs","-12.25126","44.31506","Photo quadrat","CORDIO-Univ_Comoros","RPoc_Ocean5","Fore reef",0
"Comoros",2024,"Anjouan Island","Shisiwani National Park","Shitsangasheli",NA,"","",18.1,"Herpolitha","her",0,0,3,"HC","mush","-12.25126","44.31506","Photo quadrat","CORDIO-Univ_Comoros","RPoc_Ocean5","Fore reef",0
"Comoros",2024,"Anjouan Island","Shisiwani National Park","Shitsangasheli",NA,"","",18.1,"Inverts-other","INV",0.08,0.08,1,"INV",NA,"-12.25126","44.31506","Photo quadrat","CORDIO-Univ_Comoros","RPoc_Ocean5","Fore reef",0.58
"Comoros",2024,"Anjouan Island","Shisiwani National Park","Shitsangasheli",NA,"","",18.1,"Isopora","iso",0,0,3,"HC","acs","-12.25126","44.31506","Photo quadrat","CORDIO-Univ_Comoros","RPoc_Ocean5","Fore reef",0
"Comoros",2024,"Anjouan Island","Shisiwani National Park","Shitsangasheli",NA,"","",18.1,"Lobophyllia","lob",0.58,0.51,3,"HC","cm","-12.25126","44.31506","Photo quadrat","CORDIO-Univ_Comoros","RPoc_Ocean5","Fore reef",3.5
"Comoros",2024,"Anjouan Island","Shisiwani National Park","Shitsangasheli",NA,"","",18.1,"Millepora","mil",0,0,3,"HC","ce/cm/cb","-12.25126","44.31506","Photo quadrat","CORDIO-Univ_Comoros","RPoc_Ocean5","Fore reef",0
"Comoros",2024,"Anjouan Island","Shisiwani National Park","Shitsangasheli",NA,"","",18.1,"Montipora","mtp",0,0,3,"HC","ce/cf/cb","-12.25126","44.31506","Photo quadrat","CORDIO-Univ_Comoros","RPoc_Ocean5","Fore reef",0
"Comoros",2024,"Anjouan Island","Shisiwani National Park","Shitsangasheli",NA,"","",18.1,"Pachyseris","pac",0,0,3,"HC","cf","-12.25126","44.31506","Photo quadrat","CORDIO-Univ_Comoros","RPoc_Ocean5","Fore reef",0
"Comoros",2024,"Anjouan Island","Shisiwani National Park","Shitsangasheli",NA,"","",18.1,"Pavona","pav",0.42,0.34,3,"HC","cf/cb/ce/cs","-12.25126","44.31506","Photo quadrat","CORDIO-Univ_Comoros","RPoc_Ocean5","Fore reef",2.37
"Comoros",2024,"Anjouan Island","Shisiwani National Park","Shitsangasheli",NA,"","",18.1,"Platygyra","pla",0.5,0.5,3,"HC","cm","-12.25126","44.31506","Photo quadrat","CORDIO-Univ_Comoros","RPoc_Ocean5","Fore reef",3.46
"Comoros",2024,"Anjouan Island","Shisiwani National Park","Shitsangasheli",NA,"","",18.1,"Pocillopora","poc",3.33,1.62,3,"HC","cb","-12.25126","44.31506","Photo quadrat","CORDIO-Univ_Comoros","RPoc_Ocean5","Fore reef",11.23
"Comoros",2024,"Anjouan Island","Shisiwani National Park","Shitsangasheli",NA,"","",18.1,"Porites","por",0,0,3,"HC","cb/cm","-12.25126","44.31506","Photo quadrat","CORDIO-Univ_Comoros","RPoc_Ocean5","Fore reef",0
"Comoros",2024,"Anjouan Island","Shisiwani National Park","Shitsangasheli",NA,"","",18.1,"Porites branching","porB",0.5,0.37,3,"HC","cb","-12.25126","44.31506","Photo quadrat","CORDIO-Univ_Comoros","RPoc_Ocean5","Fore reef",2.56
"Comoros",2024,"Anjouan Island","Shisiwani National Park","Shitsangasheli",NA,"","",18.1,"Porites massive","porM",6.08,1.61,3,"HC","cm","-12.25126","44.31506","Photo quadrat","CORDIO-Univ_Comoros","RPoc_Ocean5","Fore reef",11.13
"Comoros",2024,"Anjouan Island","Shisiwani National Park","Shitsangasheli",NA,"","",18.1,"Psammocora","psa",0,0,3,"HC","ce/cb","-12.25126","44.31506","Photo quadrat","CORDIO-Univ_Comoros","RPoc_Ocean5","Fore reef",0
"Comoros",2024,"Anjouan Island","Shisiwani National Park","Shitsangasheli",NA,"","",18.1,"Dead Standing coral","DC",0,0,1,"DC",NA,"-12.25126","44.31506","Photo quadrat","CORDIO-Univ_Comoros","RPoc_Ocean5","Fore reef",0
"Comoros",2024,"Anjouan Island","Shisiwani National Park","Shitsangasheli",NA,"","",18.1,"Rubble","RUB",3.67,1.04,1,"RUB",NA,"-12.25126","44.31506","Photo quadrat","CORDIO-Univ_Comoros","RPoc_Ocean5","Fore reef",7.19
"Comoros",2024,"Anjouan Island","Shisiwani National Park","Shitsangasheli",NA,"","",18.1,"Soft coral","SC",5.08,0.71,1,"SC",NA,"-12.25126","44.31506","Photo quadrat","CORDIO-Univ_Comoros","RPoc_Ocean5","Fore reef",4.93
"Comoros",2024,"Anjouan Island","Shisiwani National Park","Shitsangasheli",NA,"","",18.1,"Seriatopora","ser",0.33,0.16,3,"HC","cb","-12.25126","44.31506","Photo quadrat","CORDIO-Univ_Comoros","RPoc_Ocean5","Fore reef",1.12
"Comoros",2024,"Anjouan Island","Shisiwani National Park","Shitsangasheli",NA,"","",18.1,"Seagrass","SGR",0,0,1,"SGR",NA,"-12.25126","44.31506","Photo quadrat","CORDIO-Univ_Comoros","RPoc_Ocean5","Fore reef",0
"Comoros",2024,"Anjouan Island","Shisiwani National Park","Shitsangasheli",NA,"","",18.1,"Sand","SND",6.42,1.61,1,"SND",NA,"-12.25126","44.31506","Photo quadrat","CORDIO-Univ_Comoros","RPoc_Ocean5","Fore reef",11.15
"Comoros",2024,"Anjouan Island","Shisiwani National Park","Shitsangasheli",NA,"","",18.1,"Sponge","Spog",2.17,0.39,2,"INV","Spog","-12.25126","44.31506","Photo quadrat","CORDIO-Univ_Comoros","RPoc_Ocean5","Fore reef",2.73
"Comoros",2024,"Anjouan Island","Shisiwani National Park","Shitsangasheli",NA,"","",18.1,"Stylophora","sty",0.92,0.69,3,"HC","cb","-12.25126","44.31506","Photo quadrat","CORDIO-Univ_Comoros","RPoc_Ocean5","Fore reef",4.76
"Comoros",2024,"Anjouan Island","Shisiwani National Park","Shitsangasheli",NA,"","",18.1,"Other","OT",0.33,0.16,1,"OT",NA,"-12.25126","44.31506","Photo quadrat","CORDIO-Univ_Comoros","RPoc_Ocean5","Fore reef",1.12
"Comoros",2024,"Anjouan Island","Shisiwani National Park","Lambwa",NA,"","",13.3,"Acanthastrea","aca",0,0,3,"HC","cs","-12.23235","44.28096","Photo quadrat","CORDIO-Univ_Comoros","RPoc_Ocean5","Fore reef",0
"Comoros",2024,"Anjouan Island","Shisiwani National Park","Lambwa",NA,"","",13.3,"Acropora branching","acb",29.42,5.58,2,"HC","acb","-12.23235","44.28096","Photo quadrat","CORDIO-Univ_Comoros","RPoc_Ocean5","Fore reef",38.65
"Comoros",2024,"Anjouan Island","Shisiwani National Park","Lambwa",NA,"","",13.3,"Acropora digitate","acd",0,0,2,"HC","acd","-12.23235","44.28096","Photo quadrat","CORDIO-Univ_Comoros","RPoc_Ocean5","Fore reef",0
"Comoros",2024,"Anjouan Island","Shisiwani National Park","Lambwa",NA,"","",13.3,"Algae-coralline","ACOR",0.75,0.35,1,"ACOR",NA,"-12.23235","44.28096","Photo quadrat","CORDIO-Univ_Comoros","RPoc_Ocean5","Fore reef",2.43
"Comoros",2024,"Anjouan Island","Shisiwani National Park","Lambwa",NA,"","",13.3,"Acropora","acr",0,0,3,"HC","","-12.23235","44.28096","Photo quadrat","CORDIO-Univ_Comoros","RPoc_Ocean5","Fore reef",0
"Comoros",2024,"Anjouan Island","Shisiwani National Park","Lambwa",NA,"","",13.3,"Acropora tabulate","act",0,0,2,"HC","act","-12.23235","44.28096","Photo quadrat","CORDIO-Univ_Comoros","RPoc_Ocean5","Fore reef",0
"Comoros",2024,"Anjouan Island","Shisiwani National Park","Lambwa",NA,"","",13.3,"Algae-Halimeda","AHAL",0.75,0.35,1,"AHAL",NA,"-12.23235","44.28096","Photo quadrat","CORDIO-Univ_Comoros","RPoc_Ocean5","Fore reef",2.43
"Comoros",2024,"Anjouan Island","Shisiwani National Park","Lambwa",NA,"","",13.3,"Algae","ALG",2.42,0.81,1,"ALG",NA,"-12.23235","44.28096","Photo quadrat","CORDIO-Univ_Comoros","RPoc_Ocean5","Fore reef",5.64
"Comoros",2024,"Anjouan Island","Shisiwani National Park","Lambwa",NA,"","",13.3,"Algae-macro/fleshy","AMAC",5.17,1.15,1,"AMAC",NA,"-12.23235","44.28096","Photo quadrat","CORDIO-Univ_Comoros","RPoc_Ocean5","Fore reef",8
"Comoros",2024,"Anjouan Island","Shisiwani National Park","Lambwa",NA,"","",13.3,"Astreopora","ast",0,0,3,"HC","cm","-12.23235","44.28096","Photo quadrat","CORDIO-Univ_Comoros","RPoc_Ocean5","Fore reef",0
"Comoros",2024,"Anjouan Island","Shisiwani National Park","Lambwa",NA,"","",13.3,"Algae-turf","ATRF",11.83,2.3,1,"ATRF",NA,"-12.23235","44.28096","Photo quadrat","CORDIO-Univ_Comoros","RPoc_Ocean5","Fore reef",15.94
"Comoros",2024,"Anjouan Island","Shisiwani National Park","Lambwa",NA,"","",13.3,"Bare substrate","BS",0.17,0.12,1,"BS",NA,"-12.23235","44.28096","Photo quadrat","CORDIO-Univ_Comoros","RPoc_Ocean5","Fore reef",0.81
"Comoros",2024,"Anjouan Island","Shisiwani National Park","Lambwa",NA,"","",13.3,"Caulastrea","cau",0,0,3,"HC","cs","-12.23235","44.28096","Photo quadrat","CORDIO-Univ_Comoros","RPoc_Ocean5","Fore reef",0
"Comoros",2024,"Anjouan Island","Shisiwani National Park","Lambwa",NA,"","",13.3,"Corallimorph","Cmorph",0.25,0.25,2,"INV","Cmorph","-12.23235","44.28096","Photo quadrat","CORDIO-Univ_Comoros","RPoc_Ocean5","Fore reef",1.73
"Comoros",2024,"Anjouan Island","Shisiwani National Park","Lambwa",NA,"","",13.3,"Coscinaraea","cos",1.5,1.5,3,"HC","cm","-12.23235","44.28096","Photo quadrat","CORDIO-Univ_Comoros","RPoc_Ocean5","Fore reef",10.39
"Comoros",2024,"Anjouan Island","Shisiwani National Park","Lambwa",NA,"","",13.3,"Echinophyllia","eph",0,0,3,"HC","cf","-12.23235","44.28096","Photo quadrat","CORDIO-Univ_Comoros","RPoc_Ocean5","Fore reef",0
"Comoros",2024,"Anjouan Island","Shisiwani National Park","Lambwa",NA,"","",13.3,"Echinopora","epo",0.17,0.12,3,"HC","cf/cs","-12.23235","44.28096","Photo quadrat","CORDIO-Univ_Comoros","RPoc_Ocean5","Fore reef",0.81
"Comoros",2024,"Anjouan Island","Shisiwani National Park","Lambwa",NA,"","",13.3,"Eyrthropodium","Eryth",0.08,0.08,3,"SC","scenc","-12.23235","44.28096","Photo quadrat","CORDIO-Univ_Comoros","RPoc_Ocean5","Fore reef",0.58
"Comoros",2024,"Anjouan Island","Shisiwani National Park","Lambwa",NA,"","",13.3,"Favia","fav",2.5,1.65,3,"HC","cm","-12.23235","44.28096","Photo quadrat","CORDIO-Univ_Comoros","RPoc_Ocean5","Fore reef",11.45
"Comoros",2024,"Anjouan Island","Shisiwani National Park","Lambwa",NA,"","",13.3,"Favites","fts",8.17,2.88,3,"HC","cm","-12.23235","44.28096","Photo quadrat","CORDIO-Univ_Comoros","RPoc_Ocean5","Fore reef",19.97
"Comoros",2024,"Anjouan Island","Shisiwani National Park","Lambwa",NA,"","",13.3,"Fungia","fun",0.08,0.08,3,"HC","mush","-12.23235","44.28096","Photo quadrat","CORDIO-Univ_Comoros","RPoc_Ocean5","Fore reef",0.58
"Comoros",2024,"Anjouan Island","Shisiwani National Park","Lambwa",NA,"","",13.3,"Galaxea","gal",0,0,3,"HC","cm","-12.23235","44.28096","Photo quadrat","CORDIO-Univ_Comoros","RPoc_Ocean5","Fore reef",0
"Comoros",2024,"Anjouan Island","Shisiwani National Park","Lambwa",NA,"","",13.3,"Goniastrea","gon",0,0,3,"HC","cm","-12.23235","44.28096","Photo quadrat","CORDIO-Univ_Comoros","RPoc_Ocean5","Fore reef",0
"Comoros",2024,"Anjouan Island","Shisiwani National Park","Lambwa",NA,"","",13.3,"Goniopora","gop",0,0,3,"HC","cs","-12.23235","44.28096","Photo quadrat","CORDIO-Univ_Comoros","RPoc_Ocean5","Fore reef",0
"Comoros",2024,"Anjouan Island","Shisiwani National Park","Lambwa",NA,"","",13.3,"Herpolitha","her",0,0,3,"HC","mush","-12.23235","44.28096","Photo quadrat","CORDIO-Univ_Comoros","RPoc_Ocean5","Fore reef",0
"Comoros",2024,"Anjouan Island","Shisiwani National Park","Lambwa",NA,"","",13.3,"Inverts-other","INV",0,0,1,"INV",NA,"-12.23235","44.28096","Photo quadrat","CORDIO-Univ_Comoros","RPoc_Ocean5","Fore reef",0
"Comoros",2024,"Anjouan Island","Shisiwani National Park","Lambwa",NA,"","",13.3,"Isopora","iso",0,0,3,"HC","acs","-12.23235","44.28096","Photo quadrat","CORDIO-Univ_Comoros","RPoc_Ocean5","Fore reef",0
"Comoros",2024,"Anjouan Island","Shisiwani National Park","Lambwa",NA,"","",13.3,"Lobophyllia","lob",0,0,3,"HC","cm","-12.23235","44.28096","Photo quadrat","CORDIO-Univ_Comoros","RPoc_Ocean5","Fore reef",0
"Comoros",2024,"Anjouan Island","Shisiwani National Park","Lambwa",NA,"","",13.3,"Millepora","mil",0,0,3,"HC","ce/cm/cb","-12.23235","44.28096","Photo quadrat","CORDIO-Univ_Comoros","RPoc_Ocean5","Fore reef",0
"Comoros",2024,"Anjouan Island","Shisiwani National Park","Lambwa",NA,"","",13.3,"Montipora","mtp",0,0,3,"HC","ce/cf/cb","-12.23235","44.28096","Photo quadrat","CORDIO-Univ_Comoros","RPoc_Ocean5","Fore reef",0
"Comoros",2024,"Anjouan Island","Shisiwani National Park","Lambwa",NA,"","",13.3,"Pachyseris","pac",0,0,3,"HC","cf","-12.23235","44.28096","Photo quadrat","CORDIO-Univ_Comoros","RPoc_Ocean5","Fore reef",0
"Comoros",2024,"Anjouan Island","Shisiwani National Park","Lambwa",NA,"","",13.3,"Pavona","pav",0.08,0.08,3,"HC","cf/cb/ce/cs","-12.23235","44.28096","Photo quadrat","CORDIO-Univ_Comoros","RPoc_Ocean5","Fore reef",0.58
"Comoros",2024,"Anjouan Island","Shisiwani National Park","Lambwa",NA,"","",13.3,"Platygyra","pla",0,0,3,"HC","cm","-12.23235","44.28096","Photo quadrat","CORDIO-Univ_Comoros","RPoc_Ocean5","Fore reef",0
"Comoros",2024,"Anjouan Island","Shisiwani National Park","Lambwa",NA,"","",13.3,"Pocillopora","poc",9.33,3.78,3,"HC","cb","-12.23235","44.28096","Photo quadrat","CORDIO-Univ_Comoros","RPoc_Ocean5","Fore reef",26.21
"Comoros",2024,"Anjouan Island","Shisiwani National Park","Lambwa",NA,"","",13.3,"Porites","por",0.08,0.08,3,"HC","cb/cm","-12.23235","44.28096","Photo quadrat","CORDIO-Univ_Comoros","RPoc_Ocean5","Fore reef",0.58
"Comoros",2024,"Anjouan Island","Shisiwani National Park","Lambwa",NA,"","",13.3,"Porites branching","porB",0,0,3,"HC","cb","-12.23235","44.28096","Photo quadrat","CORDIO-Univ_Comoros","RPoc_Ocean5","Fore reef",0
"Comoros",2024,"Anjouan Island","Shisiwani National Park","Lambwa",NA,"","",13.3,"Porites massive","porM",5.83,2.32,3,"HC","cm","-12.23235","44.28096","Photo quadrat","CORDIO-Univ_Comoros","RPoc_Ocean5","Fore reef",16.11
"Comoros",2024,"Anjouan Island","Shisiwani National Park","Lambwa",NA,"","",13.3,"Psammocora","psa",0,0,3,"HC","ce/cb","-12.23235","44.28096","Photo quadrat","CORDIO-Univ_Comoros","RPoc_Ocean5","Fore reef",0
"Comoros",2024,"Anjouan Island","Shisiwani National Park","Lambwa",NA,"","",13.3,"Dead Standing coral","DC",0.17,0.12,1,"DC",NA,"-12.23235","44.28096","Photo quadrat","CORDIO-Univ_Comoros","RPoc_Ocean5","Fore reef",0.81
"Comoros",2024,"Anjouan Island","Shisiwani National Park","Lambwa",NA,"","",13.3,"Rubble","RUB",1.33,0.71,1,"RUB",NA,"-12.23235","44.28096","Photo quadrat","CORDIO-Univ_Comoros","RPoc_Ocean5","Fore reef",4.9
"Comoros",2024,"Anjouan Island","Shisiwani National Park","Lambwa",NA,"","",13.3,"Soft coral","SC",7,1.22,1,"SC",NA,"-12.23235","44.28096","Photo quadrat","CORDIO-Univ_Comoros","RPoc_Ocean5","Fore reef",8.43
"Comoros",2024,"Anjouan Island","Shisiwani National Park","Lambwa",NA,"","",13.3,"Seriatopora","ser",1.58,0.71,3,"HC","cb","-12.23235","44.28096","Photo quadrat","CORDIO-Univ_Comoros","RPoc_Ocean5","Fore reef",4.93
"Comoros",2024,"Anjouan Island","Shisiwani National Park","Lambwa",NA,"","",13.3,"Seagrass","SGR",0,0,1,"SGR",NA,"-12.23235","44.28096","Photo quadrat","CORDIO-Univ_Comoros","RPoc_Ocean5","Fore reef",0
"Comoros",2024,"Anjouan Island","Shisiwani National Park","Lambwa",NA,"","",13.3,"Sand","SND",2.17,0.92,1,"SND",NA,"-12.23235","44.28096","Photo quadrat","CORDIO-Univ_Comoros","RPoc_Ocean5","Fore reef",6.39
"Comoros",2024,"Anjouan Island","Shisiwani National Park","Lambwa",NA,"","",13.3,"Sponge","Spog",3.25,0.83,2,"INV","Spog","-12.23235","44.28096","Photo quadrat","CORDIO-Univ_Comoros","RPoc_Ocean5","Fore reef",5.76
"Comoros",2024,"Anjouan Island","Shisiwani National Park","Lambwa",NA,"","",13.3,"Stylophora","sty",5.92,3.04,3,"HC","cb","-12.23235","44.28096","Photo quadrat","CORDIO-Univ_Comoros","RPoc_Ocean5","Fore reef",21.04
"Comoros",2024,"Anjouan Island","Shisiwani National Park","Lambwa",NA,"","",13.3,"Other","OT",0,0,1,"OT",NA,"-12.23235","44.28096","Photo quadrat","CORDIO-Univ_Comoros","RPoc_Ocean5","Fore reef",0
"Comoros",2024,"Anjouan Island","Shisiwani National Park","Habwanajibou",NA,"","",15,"Acanthastrea","aca",0,0,3,"HC","cs","-12.22028","44.25693","Photo quadrat","CORDIO-Univ_Comoros","RPoc_Ocean5","Fore reef",0
"Comoros",2024,"Anjouan Island","Shisiwani National Park","Habwanajibou",NA,"","",15,"Acropora branching","acb",23.5,4.13,2,"HC","acb","-12.22028","44.25693","Photo quadrat","CORDIO-Univ_Comoros","RPoc_Ocean5","Fore reef",28.58
"Comoros",2024,"Anjouan Island","Shisiwani National Park","Habwanajibou",NA,"","",15,"Acropora digitate","acd",0.08,0.08,2,"HC","acd","-12.22028","44.25693","Photo quadrat","CORDIO-Univ_Comoros","RPoc_Ocean5","Fore reef",0.58
"Comoros",2024,"Anjouan Island","Shisiwani National Park","Habwanajibou",NA,"","",15,"Algae-coralline","ACOR",0.25,0.14,1,"ACOR",NA,"-12.22028","44.25693","Photo quadrat","CORDIO-Univ_Comoros","RPoc_Ocean5","Fore reef",0.98
"Comoros",2024,"Anjouan Island","Shisiwani National Park","Habwanajibou",NA,"","",15,"Acropora","acr",0,0,3,"HC","","-12.22028","44.25693","Photo quadrat","CORDIO-Univ_Comoros","RPoc_Ocean5","Fore reef",0
"Comoros",2024,"Anjouan Island","Shisiwani National Park","Habwanajibou",NA,"","",15,"Acropora tabulate","act",0,0,2,"HC","act","-12.22028","44.25693","Photo quadrat","CORDIO-Univ_Comoros","RPoc_Ocean5","Fore reef",0
"Comoros",2024,"Anjouan Island","Shisiwani National Park","Habwanajibou",NA,"","",15,"Algae-Halimeda","AHAL",0.58,0.29,1,"AHAL",NA,"-12.22028","44.25693","Photo quadrat","CORDIO-Univ_Comoros","RPoc_Ocean5","Fore reef",2.02
"Comoros",2024,"Anjouan Island","Shisiwani National Park","Habwanajibou",NA,"","",15,"Algae","ALG",0.75,0.26,1,"ALG",NA,"-12.22028","44.25693","Photo quadrat","CORDIO-Univ_Comoros","RPoc_Ocean5","Fore reef",1.78
"Comoros",2024,"Anjouan Island","Shisiwani National Park","Habwanajibou",NA,"","",15,"Algae-macro/fleshy","AMAC",4.17,0.85,1,"AMAC",NA,"-12.22028","44.25693","Photo quadrat","CORDIO-Univ_Comoros","RPoc_Ocean5","Fore reef",5.89
"Comoros",2024,"Anjouan Island","Shisiwani National Park","Habwanajibou",NA,"","",15,"Astreopora","ast",0,0,3,"HC","cm","-12.22028","44.25693","Photo quadrat","CORDIO-Univ_Comoros","RPoc_Ocean5","Fore reef",0
"Comoros",2024,"Anjouan Island","Shisiwani National Park","Habwanajibou",NA,"","",15,"Algae-turf","ATRF",31,3.67,1,"ATRF",NA,"-12.22028","44.25693","Photo quadrat","CORDIO-Univ_Comoros","RPoc_Ocean5","Fore reef",25.4
"Comoros",2024,"Anjouan Island","Shisiwani National Park","Habwanajibou",NA,"","",15,"Bare substrate","BS",0.33,0.33,1,"BS",NA,"-12.22028","44.25693","Photo quadrat","CORDIO-Univ_Comoros","RPoc_Ocean5","Fore reef",2.31
"Comoros",2024,"Anjouan Island","Shisiwani National Park","Habwanajibou",NA,"","",15,"Caulastrea","cau",0,0,3,"HC","cs","-12.22028","44.25693","Photo quadrat","CORDIO-Univ_Comoros","RPoc_Ocean5","Fore reef",0
"Comoros",2024,"Anjouan Island","Shisiwani National Park","Habwanajibou",NA,"","",15,"Corallimorph","Cmorph",0,0,2,"INV","Cmorph","-12.22028","44.25693","Photo quadrat","CORDIO-Univ_Comoros","RPoc_Ocean5","Fore reef",0
"Comoros",2024,"Anjouan Island","Shisiwani National Park","Habwanajibou",NA,"","",15,"Coscinaraea","cos",1.42,1.19,3,"HC","cm","-12.22028","44.25693","Photo quadrat","CORDIO-Univ_Comoros","RPoc_Ocean5","Fore reef",8.23
"Comoros",2024,"Anjouan Island","Shisiwani National Park","Habwanajibou",NA,"","",15,"Echinophyllia","eph",0,0,3,"HC","cf","-12.22028","44.25693","Photo quadrat","CORDIO-Univ_Comoros","RPoc_Ocean5","Fore reef",0
"Comoros",2024,"Anjouan Island","Shisiwani National Park","Habwanajibou",NA,"","",15,"Echinopora","epo",0.75,0.44,3,"HC","cf/cs","-12.22028","44.25693","Photo quadrat","CORDIO-Univ_Comoros","RPoc_Ocean5","Fore reef",3.05
"Comoros",2024,"Anjouan Island","Shisiwani National Park","Habwanajibou",NA,"","",15,"Eyrthropodium","Eryth",0,0,3,"SC","scenc","-12.22028","44.25693","Photo quadrat","CORDIO-Univ_Comoros","RPoc_Ocean5","Fore reef",0
"Comoros",2024,"Anjouan Island","Shisiwani National Park","Habwanajibou",NA,"","",15,"Favia","fav",9.25,3.76,3,"HC","cm","-12.22028","44.25693","Photo quadrat","CORDIO-Univ_Comoros","RPoc_Ocean5","Fore reef",26.03
"Comoros",2024,"Anjouan Island","Shisiwani National Park","Habwanajibou",NA,"","",15,"Favites","fts",2.75,0.96,3,"HC","cm","-12.22028","44.25693","Photo quadrat","CORDIO-Univ_Comoros","RPoc_Ocean5","Fore reef",6.66
"Comoros",2024,"Anjouan Island","Shisiwani National Park","Habwanajibou",NA,"","",15,"Fungia","fun",0.25,0.18,3,"HC","mush","-12.22028","44.25693","Photo quadrat","CORDIO-Univ_Comoros","RPoc_Ocean5","Fore reef",1.28
"Comoros",2024,"Anjouan Island","Shisiwani National Park","Habwanajibou",NA,"","",15,"Galaxea","gal",0,0,3,"HC","cm","-12.22028","44.25693","Photo quadrat","CORDIO-Univ_Comoros","RPoc_Ocean5","Fore reef",0
"Comoros",2024,"Anjouan Island","Shisiwani National Park","Habwanajibou",NA,"","",15,"Goniastrea","gon",0.42,0.42,3,"HC","cm","-12.22028","44.25693","Photo quadrat","CORDIO-Univ_Comoros","RPoc_Ocean5","Fore reef",2.89
"Comoros",2024,"Anjouan Island","Shisiwani National Park","Habwanajibou",NA,"","",15,"Goniopora","gop",0,0,3,"HC","cs","-12.22028","44.25693","Photo quadrat","CORDIO-Univ_Comoros","RPoc_Ocean5","Fore reef",0
"Comoros",2024,"Anjouan Island","Shisiwani National Park","Habwanajibou",NA,"","",15,"Herpolitha","her",0,0,3,"HC","mush","-12.22028","44.25693","Photo quadrat","CORDIO-Univ_Comoros","RPoc_Ocean5","Fore reef",0
"Comoros",2024,"Anjouan Island","Shisiwani National Park","Habwanajibou",NA,"","",15,"Inverts-other","INV",0,0,1,"INV",NA,"-12.22028","44.25693","Photo quadrat","CORDIO-Univ_Comoros","RPoc_Ocean5","Fore reef",0
"Comoros",2024,"Anjouan Island","Shisiwani National Park","Habwanajibou",NA,"","",15,"Isopora","iso",0,0,3,"HC","acs","-12.22028","44.25693","Photo quadrat","CORDIO-Univ_Comoros","RPoc_Ocean5","Fore reef",0
"Comoros",2024,"Anjouan Island","Shisiwani National Park","Habwanajibou",NA,"","",15,"Lobophyllia","lob",0,0,3,"HC","cm","-12.22028","44.25693","Photo quadrat","CORDIO-Univ_Comoros","RPoc_Ocean5","Fore reef",0
"Comoros",2024,"Anjouan Island","Shisiwani National Park","Habwanajibou",NA,"","",15,"Millepora","mil",0,0,3,"HC","ce/cm/cb","-12.22028","44.25693","Photo quadrat","CORDIO-Univ_Comoros","RPoc_Ocean5","Fore reef",0
"Comoros",2024,"Anjouan Island","Shisiwani National Park","Habwanajibou",NA,"","",15,"Montipora","mtp",0.42,0.3,3,"HC","ce/cf/cb","-12.22028","44.25693","Photo quadrat","CORDIO-Univ_Comoros","RPoc_Ocean5","Fore reef",2.06
"Comoros",2024,"Anjouan Island","Shisiwani National Park","Habwanajibou",NA,"","",15,"Pachyseris","pac",0,0,3,"HC","cf","-12.22028","44.25693","Photo quadrat","CORDIO-Univ_Comoros","RPoc_Ocean5","Fore reef",0
"Comoros",2024,"Anjouan Island","Shisiwani National Park","Habwanajibou",NA,"","",15,"Pavona","pav",2.42,1.06,3,"HC","cf/cb/ce/cs","-12.22028","44.25693","Photo quadrat","CORDIO-Univ_Comoros","RPoc_Ocean5","Fore reef",7.37
"Comoros",2024,"Anjouan Island","Shisiwani National Park","Habwanajibou",NA,"","",15,"Platygyra","pla",0,0,3,"HC","cm","-12.22028","44.25693","Photo quadrat","CORDIO-Univ_Comoros","RPoc_Ocean5","Fore reef",0
"Comoros",2024,"Anjouan Island","Shisiwani National Park","Habwanajibou",NA,"","",15,"Pocillopora","poc",0.5,0.5,3,"HC","cb","-12.22028","44.25693","Photo quadrat","CORDIO-Univ_Comoros","RPoc_Ocean5","Fore reef",3.46
"Comoros",2024,"Anjouan Island","Shisiwani National Park","Habwanajibou",NA,"","",15,"Porites","por",0,0,3,"HC","cb/cm","-12.22028","44.25693","Photo quadrat","CORDIO-Univ_Comoros","RPoc_Ocean5","Fore reef",0
"Comoros",2024,"Anjouan Island","Shisiwani National Park","Habwanajibou",NA,"","",15,"Porites branching","porB",10.5,3.43,3,"HC","cb","-12.22028","44.25693","Photo quadrat","CORDIO-Univ_Comoros","RPoc_Ocean5","Fore reef",23.8
"Comoros",2024,"Anjouan Island","Shisiwani National Park","Habwanajibou",NA,"","",15,"Porites massive","porM",2.42,0.97,3,"HC","cm","-12.22028","44.25693","Photo quadrat","CORDIO-Univ_Comoros","RPoc_Ocean5","Fore reef",6.69
"Comoros",2024,"Anjouan Island","Shisiwani National Park","Habwanajibou",NA,"","",15,"Psammocora","psa",0.08,0.08,3,"HC","ce/cb","-12.22028","44.25693","Photo quadrat","CORDIO-Univ_Comoros","RPoc_Ocean5","Fore reef",0.58
"Comoros",2024,"Anjouan Island","Shisiwani National Park","Habwanajibou",NA,"","",15,"Dead Standing coral","DC",0,0,1,"DC",NA,"-12.22028","44.25693","Photo quadrat","CORDIO-Univ_Comoros","RPoc_Ocean5","Fore reef",0
"Comoros",2024,"Anjouan Island","Shisiwani National Park","Habwanajibou",NA,"","",15,"Rubble","RUB",0.92,0.69,1,"RUB",NA,"-12.22028","44.25693","Photo quadrat","CORDIO-Univ_Comoros","RPoc_Ocean5","Fore reef",4.76
"Comoros",2024,"Anjouan Island","Shisiwani National Park","Habwanajibou",NA,"","",15,"Soft coral","SC",2,0.55,1,"SC",NA,"-12.22028","44.25693","Photo quadrat","CORDIO-Univ_Comoros","RPoc_Ocean5","Fore reef",3.78
"Comoros",2024,"Anjouan Island","Shisiwani National Park","Habwanajibou",NA,"","",15,"Seriatopora","ser",1.33,1.09,3,"HC","cb","-12.22028","44.25693","Photo quadrat","CORDIO-Univ_Comoros","RPoc_Ocean5","Fore reef",7.53
"Comoros",2024,"Anjouan Island","Shisiwani National Park","Habwanajibou",NA,"","",15,"Seagrass","SGR",0,0,1,"SGR",NA,"-12.22028","44.25693","Photo quadrat","CORDIO-Univ_Comoros","RPoc_Ocean5","Fore reef",0
"Comoros",2024,"Anjouan Island","Shisiwani National Park","Habwanajibou",NA,"","",15,"Sand","SND",2.42,0.81,1,"SND",NA,"-12.22028","44.25693","Photo quadrat","CORDIO-Univ_Comoros","RPoc_Ocean5","Fore reef",5.64
"Comoros",2024,"Anjouan Island","Shisiwani National Park","Habwanajibou",NA,"","",15,"Sponge","Spog",1.25,0.32,2,"INV","Spog","-12.22028","44.25693","Photo quadrat","CORDIO-Univ_Comoros","RPoc_Ocean5","Fore reef",2.21
"Comoros",2024,"Anjouan Island","Shisiwani National Park","Habwanajibou",NA,"","",15,"Stylophora","sty",0.25,0.25,3,"HC","cb","-12.22028","44.25693","Photo quadrat","CORDIO-Univ_Comoros","RPoc_Ocean5","Fore reef",1.73
"Comoros",2024,"Anjouan Island","Shisiwani National Park","Habwanajibou",NA,"","",15,"Other","OT",0,0,1,"OT",NA,"-12.22028","44.25693","Photo quadrat","CORDIO-Univ_Comoros","RPoc_Ocean5","Fore reef",0
"Comoros",1999,"Grand Comore","Itsandra","Bandamadji","","Open access","Open access",NA,"Coral","HC",38.5,16.5,1,"HC",NA,"-11.67013333","43.26388333","","AIDE","GCRMN 2015",NA,NA
"Comoros",1999,"Grand Comore","Mitsamiuli Ndroude National Park","Mitsamiuli","","Open access","Open access",NA,"Coral","HC",44.5,1.5,1,"HC",NA,"-11.3758","43.3097","","AIDE","GCRMN 2015",NA,NA
"Comoros",1999,"Moheli island","Moheli National Park","Nkandzoni","","Partially Restricted","National Park",NA,"Coral","HC",40,7,1,"HC",NA,"-12.2443","43.3972","","AIDE","GCRMN 2015",NA,NA
"Comoros",1999,"Grand Comore","Coelecanth National Park","Shindini","","Open access","Open access",NA,"Coral","HC",68,NA,1,"HC",NA,"-11.9293","43.49171667","","AIDE","GCRMN 2015",NA,NA
"Comoros",2002,"Moheli island","Moheli National Park","Mea","","Partially Restricted","National Park",NA,"Coral","HC",33,NA,1,"HC",NA,"-12.38165","43.73766667","","AIDE","GCRMN 2015",NA,NA
"Comoros",2002,"Moheli island","Moheli National Park","Mirereni","","Partially Restricted","National Park",NA,"Coral","HC",33,7,1,"HC",NA,"-12.2041","43.3912","","AIDE","GCRMN 2015",NA,NA
"Comoros",2002,"Moheli island","Moheli National Park","Sambia_W","","Partially Restricted","National Park",NA,"Coral","HC",48,6,1,"HC",NA,"-12.38331667","43.78685","","AIDE","GCRMN 2015",NA,NA
"Comoros",2003,"Anjouan Island","Shisiwani National Park","Anlamadjou","","Partially Restricted","National Park",NA,"Coral","HC",25,NA,1,"HC",NA,"-12.19683333","44.22866667","","AIDE","GCRMN 2015",NA,NA
"Comoros",2003,"Grand Comore","Itsandra","Bandamadji","","Open access","Open access",NA,"Coral","HC",41,5,1,"HC",NA,"-11.67013333","43.26388333","","AIDE","GCRMN 2015",NA,NA
"Comoros",2003,"Moheli island","Fomboni","Fomboni","","Open access","National Park",NA,"Coral","HC",31,NA,1,"HC",NA,"-12.27001667","43.73908333","","AIDE","GCRMN 2015",NA,NA
"Comoros",2003,"Moheli island","Moheli National Park","Mea","","Partially Restricted","National Park",NA,"Coral","HC",38,16,1,"HC",NA,"-12.38165","43.73766667","","AIDE","GCRMN 2015",NA,NA
"Comoros",2003,"Grand Comore","Mitsamiuli Ndroude National Park","Mitsamiuli","","Open access","Open access",NA,"Coral","HC",43,NA,1,"HC",NA,"-11.3758","43.3097","","AIDE","GCRMN 2015",NA,NA
"Comoros",2003,"Anjouan Island","Pomoni","Moya","","Partially Restricted","Community Reserve",NA,"Coral","HC",36,NA,1,"HC",NA,"-12.1044","44.2586","","AIDE","GCRMN 2015",NA,NA
"Comoros",2003,"Moheli island","Moheli National Park","Nkandzoni","","Partially Restricted","National Park",NA,"Coral","HC",40,8,1,"HC",NA,"-12.2443","43.3972","","AIDE","GCRMN 2015",NA,NA
"Comoros",2003,"Anjouan Island","Ouani","Ouani_01","","Open access","Open access",NA,"Coral","HC",49.5,12.5,1,"HC",NA,"-12.0647","44.2557","","AIDE","GCRMN 2015",NA,NA
"Comoros",2003,"Grand Comore","Moroni","Retaj","","Open access","Open access",NA,"Coral","HC",64,NA,1,"HC",NA,"-11.43","43.1712","","AIDE","GCRMN 2015",NA,NA
"Comoros",2003,"Moheli island","Moheli National Park","Sambia_W","","Partially Restricted","National Park",NA,"Coral","HC",49,6,1,"HC",NA,"-12.38331667","43.78685","","AIDE","GCRMN 2015",NA,NA
"Comoros",2004,"Anjouan Island","Shisiwani National Park","Anlamadjou","","Partially Restricted","National Park",NA,"Coral","HC",18,NA,1,"HC",NA,"-12.19683333","44.22866667","","AIDE","GCRMN 2015",NA,NA
"Comoros",2004,"Grand Comore","Itsandra","Bandamadji","","Open access","Open access",NA,"Coral","HC",43,NA,1,"HC",NA,"-11.67013333","43.26388333","","AIDE","GCRMN 2015",NA,NA
"Comoros",2004,"Moheli island","Moheli National Park","Hatsimedou","","Partially Restricted","National Park",NA,"Coral","HC",58,NA,1,"HC",NA,"-12.2008","43.3857","","AIDE","GCRMN 2015",NA,NA
"Comoros",2004,"Moheli island","Moheli National Park","Mchaco","","Partially Restricted","National Park",NA,"Coral","HC",28,NA,1,"HC",NA,"-12.36921667","43.87231667","","AIDE","GCRMN 2015",NA,NA
"Comoros",2004,"Moheli island","Moheli National Park","Mea","","Partially Restricted","National Park",NA,"Coral","HC",40,16,1,"HC",NA,"-12.38165","43.73766667","","AIDE","GCRMN 2015",NA,NA
"Comoros",2004,"Grand Comore","Mitsamiuli Ndroude National Park","Mitsamiuli","","Open access","Open access",NA,"Coral","HC",26.5,6.5,1,"HC",NA,"-11.3758","43.3097","","AIDE","GCRMN 2015",NA,NA
"Comoros",2004,"Anjouan Island","Pomoni","Moya","","Partially Restricted","Community Reserve",NA,"Coral","HC",52,NA,1,"HC",NA,"-12.1044","44.2586","","AIDE","GCRMN 2015",NA,NA
"Comoros",2004,"Moheli island","Moheli National Park","Nkandzoni","","Partially Restricted","National Park",NA,"Coral","HC",41,10,1,"HC",NA,"-12.2443","43.3972","","AIDE","GCRMN 2015",NA,NA
"Comoros",2004,"Anjouan Island","Ouani","Ouani_01","","Open access","Open access",NA,"Coral","HC",38,NA,1,"HC",NA,"-12.0647","44.2557","","AIDE","GCRMN 2015",NA,NA
"Comoros",2004,"Grand Comore","Moroni","Retaj","","Open access","Open access",NA,"Coral","HC",54,NA,1,"HC",NA,"-11.43","43.1712","","AIDE","GCRMN 2015",NA,NA
"Comoros",2004,"Grand Comore","Coelecanth National Park","Shindini","","Open access","Open access",NA,"Coral","HC",22,NA,1,"HC",NA,"-11.9293","43.49171667","","AIDE","GCRMN 2015",NA,NA
"Comoros",2005,"Anjouan Island","Shisiwani National Park","Anlamadjou","","Partially Restricted","National Park",NA,"Coral","HC",19,NA,1,"HC",NA,"-12.19683333","44.22866667","","AIDE","GCRMN 2015",NA,NA
"Comoros",2005,"Anjouan Island","Domoni","Bambao_mtsanga","","Open access","Open access",NA,"Coral","HC",26,NA,1,"HC",NA,"-12.20883333","44.5225","","AIDE","GCRMN 2015",NA,NA
"Comoros",2005,"Grand Comore","Itsandra","Bandamadji","","Open access","Open access",NA,"Coral","HC",46,3,1,"HC",NA,"-11.67013333","43.26388333","","AIDE","GCRMN 2015",NA,NA
"Comoros",2005,"Moheli island","Moheli National Park","Mchaco","","Partially Restricted","National Park",NA,"Coral","HC",48.5,14.5,1,"HC",NA,"-12.36921667","43.87231667","","AIDE","GCRMN 2015",NA,NA
"Comoros",2005,"Moheli island","Moheli National Park","Mea","","Partially Restricted","National Park",NA,"Coral","HC",52,1,1,"HC",NA,"-12.38165","43.73766667","","AIDE","GCRMN 2015",NA,NA
"Comoros",2005,"Moheli island","Moheli National Park","Mirereni","","Partially Restricted","National Park",NA,"Coral","HC",65,NA,1,"HC",NA,"-12.2041","43.3912","","AIDE","GCRMN 2015",NA,NA
"Comoros",2005,"Grand Comore","Mitsamiuli Ndroude National Park","Mitsamiuli","","Open access","Open access",NA,"Coral","HC",42.5,0.5,1,"HC",NA,"-11.3758","43.3097","","AIDE","GCRMN 2015",NA,NA
"Comoros",2005,"Anjouan Island","Pomoni","Moya","","Partially Restricted","Community Reserve",NA,"Coral","HC",57,NA,1,"HC",NA,"-12.1044","44.2586","","AIDE","GCRMN 2015",NA,NA
"Comoros",2005,"Moheli island","Moheli National Park","Nkandzoni","","Partially Restricted","National Park",NA,"Coral","HC",50.5,14.5,1,"HC",NA,"-12.2443","43.3972","","AIDE","GCRMN 2015",NA,NA
"Comoros",2005,"Grand Comore","Moroni","Retaj","","Open access","Open access",NA,"Coral","HC",67,NA,1,"HC",NA,"-11.43","43.1712","","AIDE","GCRMN 2015",NA,NA
"Comoros",2007,"Anjouan Island","Shisiwani National Park","Anlamadjou","","Partially Restricted","National Park",NA,"Coral","HC",24,NA,1,"HC",NA,"-12.19683333","44.22866667","","AIDE","GCRMN 2015",NA,NA
"Comoros",2007,"Grand Comore","Itsandra","Bandamadji","","Open access","Open access",NA,"Coral","HC",48,0,1,"HC",NA,"-11.67013333","43.26388333","","AIDE","GCRMN 2015",NA,NA
"Comoros",2007,"Moheli island","Moheli National Park","Dziayalagnouma","","Partially Restricted","National Park",NA,"Coral","HC",65,NA,1,"HC",NA,"-12.22056",NA,"","AIDE","GCRMN 2015",NA,NA
"Comoros",2007,"Moheli island","Moheli National Park","Mea","","Partially Restricted","National Park",NA,"Coral","HC",59,NA,1,"HC",NA,"-12.38165","43.73766667","","AIDE","GCRMN 2015",NA,NA
"Comoros",2007,"Moheli island","Moheli National Park","Mirereni","","Partially Restricted","National Park",NA,"Coral","HC",71,NA,1,"HC",NA,"-12.2041","43.3912","","AIDE","GCRMN 2015",NA,NA
"Comoros",2007,"Grand Comore","Mitsamiuli Ndroude National Park","Mitsamiuli","","Open access","Open access",NA,"Coral","HC",57.5,14.5,1,"HC",NA,"-11.3758","43.3097","","AIDE","GCRMN 2015",NA,NA
"Comoros",2007,"Moheli island","Moheli National Park","Nkandzoni","","Partially Restricted","National Park",NA,"Coral","HC",63,NA,1,"HC",NA,"-12.2443","43.3972","","AIDE","GCRMN 2015",NA,NA
"Comoros",2007,"Anjouan Island","Ouani","Ouani_01","","Open access","Open access",NA,"Coral","HC",78,NA,1,"HC",NA,"-12.0647","44.2557","","AIDE","GCRMN 2015",NA,NA
"Comoros",2007,"Grand Comore","Moroni","Retaj","","Open access","Open access",NA,"Coral","HC",71,NA,1,"HC",NA,"-11.43","43.1712","","AIDE","GCRMN 2015",NA,NA
"Comoros",2007,"Grand Comore","Coelecanth National Park","Shindini","","Open access","Open access",NA,"Coral","HC",21,NA,1,"HC",NA,"-11.9293","43.49171667","","AIDE","GCRMN 2015",NA,NA
"Comoros",2009,"Grand Comore","Itsandra","Bandamadji","","Open access","Open access",NA,"Coral","HC",54,NA,1,"HC",NA,"-11.67013333","43.26388333","","Sarah_Freed_and_AIDE","GCRMN 2015",NA,NA
"Comoros",2009,"Grand Comore","Coelecanth National Park","Male","","Open access","Open access",NA,"Coral","HC",31,NA,1,"HC",NA,"-11.89966667","43.52521667","","Sarah_Freed_and_AIDE","GCRMN 2015",NA,NA
"Comoros",2009,"Grand Comore","Mitsamiuli Ndroude National Park","Memboimboini","","Open access","Open access",NA,"Coral","HC",35,NA,1,"HC",NA,"-11.22517",NA,"","Sarah_Freed_and_AIDE","GCRMN 2015",NA,NA
"Comoros",2009,"Grand Comore","Bambao","Moindzaza","","Open access","Open access",NA,"Coral","HC",34,NA,1,"HC",NA,"-11.77471667","43.23868333","","Sarah_Freed_and_AIDE","GCRMN 2015",NA,NA
"Comoros",2009,"Grand Comore","Coelecanth National Park","Shindini","","Open access","Open access",NA,"Coral","HC",14,NA,1,"HC",NA,"-11.9293","43.49171667","","Sarah_Freed_and_AIDE","GCRMN 2015",NA,NA
"Comoros",2011,"Grand Comore","Itsandra","Bandamadji","","Open access","Open access",NA,"Coral","HC",33,NA,1,"HC",NA,"-11.67013333","43.26388333","","Sarah_Freed_and_AIDE","GCRMN 2015",NA,NA
"Comoros",2011,"Grand Comore","Coelecanth National Park","Male","","Open access","Open access",NA,"Coral","HC",7,NA,1,"HC",NA,"-11.89966667","43.52521667","","Sarah_Freed_and_AIDE","GCRMN 2015",NA,NA
"Comoros",2011,"Grand Comore","Mitsamiuli Ndroude National Park","Memboimboini","","Open access","Open access",NA,"Coral","HC",29,NA,1,"HC",NA,"-11.22517",NA,"","Sarah_Freed_and_AIDE","GCRMN 2015",NA,NA
"Comoros",2011,"Grand Comore","Bambao","Moindzaza","","Open access","Open access",NA,"Coral","HC",22,NA,1,"HC",NA,"-11.77471667","43.23868333","","Sarah_Freed_and_AIDE","GCRMN 2015",NA,NA
"Comoros",2011,"Grand Comore","Coelecanth National Park","Shindini","","Open access","Open access",NA,"Coral","HC",3,NA,1,"HC",NA,"-11.9293","43.49171667","","Sarah_Freed_and_AIDE","GCRMN 2015",NA,NA
"Comoros",2015,"Anjouan Island","Shisiwani National Park","Anlamadjou","","Partially Restricted","National Park",NA,"Coral","HC",65,NA,1,"HC",NA,"-12.19683333","44.22866667","","AIDE","GCRMN 2015",NA,NA
"Comoros",2015,"Moheli island","Moheli National Park","Hatsimedou","","Partially Restricted","National Park",NA,"Coral","HC",55,NA,1,"HC",NA,"-12.2008","43.3857","","AIDE","GCRMN 2015",NA,NA
"Comoros",2015,"Moheli island","Moheli National Park","Mchaco","","Partially Restricted","National Park",NA,"Coral","HC",76,NA,1,"HC",NA,"-12.2215","43.5331","","AIDE","GCRMN 2015",NA,NA
"Comoros",2015,"Moheli island","Moheli National Park","Mea","","Partially Restricted","National Park",NA,"Coral","HC",59,NA,1,"HC",NA,"-12.38165","43.73766667","","AIDE","GCRMN 2015",NA,NA
"Comoros",2015,"Grand Comore","Mitsamiuli Ndroude National Park","Mitsamiuli","","Open access","Open access",NA,"Coral","HC",43,NA,1,"HC",NA,"-11.3758","43.3097","","AIDE","GCRMN 2015",NA,NA
"Comoros",2015,"Moheli island","Moheli National Park","Nkandzoni","","Partially Restricted","National Park",NA,"Coral","HC",40,21,1,"HC",NA,"-12.2443","43.3972","","AIDE","GCRMN 2015",NA,NA
"Comoros",2015,"Anjouan Island","Ouani","Ouani_01","","Open access","Open access",NA,"Coral","HC",61,NA,1,"HC",NA,"-12.0647","44.2557","","AIDE","GCRMN 2015",NA,NA
"Comoros",2015,"Grand Comore","Moroni","Retaj","","Open access","Open access",NA,"Coral","HC",70,NA,1,"HC",NA,"-11.43","43.1712","","AIDE","GCRMN 2015",NA,NA
"Comoros",2022,"Grand Comore","Itsandra","Bandamadji",NA,"Open access","Open access",NA,"Acropora branching","acb",0,0,2,"HC","acb","-11.67013333","43.26388333","PIT","AIDE","AIDE","",0
"Comoros",2022,"Grand Comore","Itsandra","Bandamadji",NA,"Open access","Open access",NA,"Acropora digitate","acd",0,0,2,"HC","acd","-11.67013333","43.26388333","PIT","AIDE","AIDE","",0
"Comoros",2022,"Grand Comore","Itsandra","Bandamadji",NA,"Open access","Open access",NA,"Acropora encrusting","ace",0,0,2,"HC","ace","-11.67013333","43.26388333","PIT","AIDE","AIDE","",0
"Comoros",2022,"Grand Comore","Itsandra","Bandamadji",NA,"Open access","Open access",NA,"Algae-coralline","ACOR",0,0,1,"ACOR",NA,"-11.67013333","43.26388333","PIT","AIDE","AIDE","",0
"Comoros",2022,"Grand Comore","Itsandra","Bandamadji",NA,"Open access","Open access",NA,"Acropora","acr",0,0,3,"HC","","-11.67013333","43.26388333","PIT","AIDE","AIDE","",0
"Comoros",2022,"Grand Comore","Itsandra","Bandamadji",NA,"Open access","Open access",NA,"Acropora tabulate","act",0,0,2,"HC","act","-11.67013333","43.26388333","PIT","AIDE","AIDE","",0
"Comoros",2022,"Grand Comore","Itsandra","Bandamadji",NA,"Open access","Open access",NA,"Algae-Halimeda","AHAL",0,0,1,"AHAL",NA,"-11.67013333","43.26388333","PIT","AIDE","AIDE","",0
"Comoros",2022,"Grand Comore","Itsandra","Bandamadji",NA,"Open access","Open access",NA,"Algae","ALG",0,0,1,"ALG",NA,"-11.67013333","43.26388333","PIT","AIDE","AIDE","",0
"Comoros",2022,"Grand Comore","Itsandra","Bandamadji",NA,"Open access","Open access",NA,"Algae-macro/fleshy","AMAC",0,0,1,"AMAC",NA,"-11.67013333","43.26388333","PIT","AIDE","AIDE","",0
"Comoros",2022,"Grand Comore","Itsandra","Bandamadji",NA,"Open access","Open access",NA,"Bare substrate","BS",5.94,3.1,1,"BS",NA,"-11.67013333","43.26388333","PIT","AIDE","AIDE","",5.36
"Comoros",2022,"Grand Comore","Itsandra","Bandamadji",NA,"Open access","Open access",NA,"branching","cb",0,0,2,"HC","cb","-11.67013333","43.26388333","PIT","AIDE","AIDE","",0
"Comoros",2022,"Grand Comore","Itsandra","Bandamadji",NA,"Open access","Open access",NA,"encrusting","ce",4.94,4.94,2,"HC","ce","-11.67013333","43.26388333","PIT","AIDE","AIDE","",8.55
"Comoros",2022,"Grand Comore","Itsandra","Bandamadji",NA,"Open access","Open access",NA,"foliaceous","cf",0,0,2,"HC","cf","-11.67013333","43.26388333","PIT","AIDE","AIDE","",0
"Comoros",2022,"Grand Comore","Itsandra","Bandamadji",NA,"Open access","Open access",NA,"massive","cm",13.43,5.31,2,"HC","cm","-11.67013333","43.26388333","PIT","AIDE","AIDE","",9.2
"Comoros",2022,"Grand Comore","Itsandra","Bandamadji",NA,"Open access","Open access",NA,"submassive","cs",6.1,4.38,2,"HC","cs","-11.67013333","43.26388333","PIT","AIDE","AIDE","",7.58
"Comoros",2022,"Grand Comore","Itsandra","Bandamadji",NA,"Open access","Open access",NA,"Dead Standing coral","DC",9.61,6.07,1,"DC",NA,"-11.67013333","43.26388333","PIT","AIDE","AIDE","",10.51
"Comoros",2022,"Grand Comore","Itsandra","Bandamadji",NA,"Open access","Open access",NA,"Diploastrea","dip",0,0,3,"HC","cm","-11.67013333","43.26388333","PIT","AIDE","AIDE","",0
"Comoros",2022,"Grand Comore","Itsandra","Bandamadji",NA,"Open access","Open access",NA,"Echinopora","epo",0,0,3,"HC","cf/cs","-11.67013333","43.26388333","PIT","AIDE","AIDE","",0
"Comoros",2022,"Grand Comore","Itsandra","Bandamadji",NA,"Open access","Open access",NA,"Favia","fav",0,0,3,"HC","cm","-11.67013333","43.26388333","PIT","AIDE","AIDE","",0
"Comoros",2022,"Grand Comore","Itsandra","Bandamadji",NA,"Open access","Open access",NA,"Favites","fts",0,0,3,"HC","cm","-11.67013333","43.26388333","PIT","AIDE","AIDE","",0
"Comoros",2022,"Grand Comore","Itsandra","Bandamadji",NA,"Open access","Open access",NA,"Fungia","fun",0,0,3,"HC","mush","-11.67013333","43.26388333","PIT","AIDE","AIDE","",0
"Comoros",2022,"Grand Comore","Itsandra","Bandamadji",NA,"Open access","Open access",NA,"Galaxea","gal",0,0,3,"HC","cm","-11.67013333","43.26388333","PIT","AIDE","AIDE","",0
"Comoros",2022,"Grand Comore","Itsandra","Bandamadji",NA,"Open access","Open access",NA,"Goniastrea","gon",0,0,3,"HC","cm","-11.67013333","43.26388333","PIT","AIDE","AIDE","",0
"Comoros",2022,"Grand Comore","Itsandra","Bandamadji",NA,"Open access","Open access",NA,"Herpolitha","her",0,0,3,"HC","mush","-11.67013333","43.26388333","PIT","AIDE","AIDE","",0
"Comoros",2022,"Grand Comore","Itsandra","Bandamadji",NA,"Open access","Open access",NA,"Montastrea","mon",0,0,3,"HC","cm","-11.67013333","43.26388333","PIT","AIDE","AIDE","",0
"Comoros",2022,"Grand Comore","Itsandra","Bandamadji",NA,"Open access","Open access",NA,"Montipora","mtp",0,0,3,"HC","ce/cf/cb","-11.67013333","43.26388333","PIT","AIDE","AIDE","",0
"Comoros",2022,"Grand Comore","Itsandra","Bandamadji",NA,"Open access","Open access",NA,"Pavona","pav",0,0,3,"HC","cf/cb/ce/cs","-11.67013333","43.26388333","PIT","AIDE","AIDE","",0
"Comoros",2022,"Grand Comore","Itsandra","Bandamadji",NA,"Open access","Open access",NA,"Platygyra","pla",0,0,3,"HC","cm","-11.67013333","43.26388333","PIT","AIDE","AIDE","",0
"Comoros",2022,"Grand Comore","Itsandra","Bandamadji",NA,"Open access","Open access",NA,"Plerogyra","plg",0,0,3,"HC","cm","-11.67013333","43.26388333","PIT","AIDE","AIDE","",0
"Comoros",2022,"Grand Comore","Itsandra","Bandamadji",NA,"Open access","Open access",NA,"Pocillopora","poc",0,0,3,"HC","cb","-11.67013333","43.26388333","PIT","AIDE","AIDE","",0
"Comoros",2022,"Grand Comore","Itsandra","Bandamadji",NA,"Open access","Open access",NA,"Porites","por",0,0,3,"HC","cb/cm","-11.67013333","43.26388333","PIT","AIDE","AIDE","",0
"Comoros",2022,"Grand Comore","Itsandra","Bandamadji",NA,"Open access","Open access",NA,"Porites branching","porB",0,0,3,"HC","cb","-11.67013333","43.26388333","PIT","AIDE","AIDE","",0
"Comoros",2022,"Grand Comore","Itsandra","Bandamadji",NA,"Open access","Open access",NA,"Porites massive","porM",0,0,3,"HC","cm","-11.67013333","43.26388333","PIT","AIDE","AIDE","",0
"Comoros",2022,"Grand Comore","Itsandra","Bandamadji",NA,"Open access","Open access",NA,"Rubble","RUB",30.6,5.93,1,"RUB",NA,"-11.67013333","43.26388333","PIT","AIDE","AIDE","",10.27
"Comoros",2022,"Grand Comore","Itsandra","Bandamadji",NA,"Open access","Open access",NA,"Sand","SND",12.44,1.39,1,"SND",NA,"-11.67013333","43.26388333","PIT","AIDE","AIDE","",2.41
"Comoros",2022,"Grand Comore","Itsandra","Bandamadji",NA,"Open access","Open access",NA,"Soft coral","SC",16.95,4.59,1,"SC",NA,"-11.67013333","43.26388333","PIT","AIDE","AIDE","",7.95
"Comoros",2022,"Grand Comore","Itsandra","Bandamadji",NA,"Open access","Open access",NA,"Seriatopora","ser",0,0,3,"HC","cb","-11.67013333","43.26388333","PIT","AIDE","AIDE","",0
"Comoros",2022,"Grand Comore","Itsandra","Bandamadji",NA,"Open access","Open access",NA,"Seagrass","SGR",0,0,1,"SGR",NA,"-11.67013333","43.26388333","PIT","AIDE","AIDE","",0
"Comoros",2022,"Grand Comore","Coelecanth National Park","Male",NA,"Partially Restricted","National Park",NA,"Acropora branching","acb",6.04,2.73,2,"HC","acb","-11.90733","43.52169","PIT","AIDE","AIDE","Forereef",9.47
"Comoros",2022,"Grand Comore","Coelecanth National Park","Male",NA,"Partially Restricted","National Park",NA,"Acropora digitate","acd",0.17,0.17,2,"HC","acd","-11.90733","43.52169","PIT","AIDE","AIDE","Forereef",0.58
"Comoros",2022,"Grand Comore","Coelecanth National Park","Male",NA,"Partially Restricted","National Park",NA,"Acropora encrusting","ace",0.17,0.17,2,"HC","ace","-11.90733","43.52169","PIT","AIDE","AIDE","Forereef",0.58
"Comoros",2022,"Grand Comore","Coelecanth National Park","Male",NA,"Partially Restricted","National Park",NA,"Algae-coralline","ACOR",2.67,1.11,1,"ACOR",NA,"-11.90733","43.52169","PIT","AIDE","AIDE","Forereef",3.85
"Comoros",2022,"Grand Comore","Coelecanth National Park","Male",NA,"Partially Restricted","National Park",NA,"Acropora","acr",1.67,0.81,3,"HC","","-11.90733","43.52169","PIT","AIDE","AIDE","Forereef",2.81
"Comoros",2022,"Grand Comore","Coelecanth National Park","Male",NA,"Partially Restricted","National Park",NA,"Acropora tabulate","act",1.84,1.22,2,"HC","act","-11.90733","43.52169","PIT","AIDE","AIDE","Forereef",4.23
"Comoros",2022,"Grand Comore","Coelecanth National Park","Male",NA,"Partially Restricted","National Park",NA,"Algae-Halimeda","AHAL",2.67,2.15,1,"AHAL",NA,"-11.90733","43.52169","PIT","AIDE","AIDE","Forereef",7.45
"Comoros",2022,"Grand Comore","Coelecanth National Park","Male",NA,"Partially Restricted","National Park",NA,"Algae","ALG",1.5,1.5,1,"ALG",NA,"-11.90733","43.52169","PIT","AIDE","AIDE","Forereef",5.2
"Comoros",2022,"Grand Comore","Coelecanth National Park","Male",NA,"Partially Restricted","National Park",NA,"Algae-macro/fleshy","AMAC",5.83,3.2,1,"AMAC",NA,"-11.90733","43.52169","PIT","AIDE","AIDE","Forereef",11.07
"Comoros",2022,"Grand Comore","Coelecanth National Park","Male",NA,"Partially Restricted","National Park",NA,"Bare substrate","BS",4.5,1.18,1,"BS",NA,"-11.90733","43.52169","PIT","AIDE","AIDE","Forereef",4.1
"Comoros",2022,"Grand Comore","Coelecanth National Park","Male",NA,"Partially Restricted","National Park",NA,"branching","cb",0.17,0.17,2,"HC","cb","-11.90733","43.52169","PIT","AIDE","AIDE","Forereef",0.58
"Comoros",2022,"Grand Comore","Coelecanth National Park","Male",NA,"Partially Restricted","National Park",NA,"encrusting","ce",5.67,1.28,2,"HC","ce","-11.90733","43.52169","PIT","AIDE","AIDE","Forereef",4.42
"Comoros",2022,"Grand Comore","Coelecanth National Park","Male",NA,"Partially Restricted","National Park",NA,"foliaceous","cf",0,0,2,"HC","cf","-11.90733","43.52169","PIT","AIDE","AIDE","Forereef",0
"Comoros",2022,"Grand Comore","Coelecanth National Park","Male",NA,"Partially Restricted","National Park",NA,"massive","cm",16.53,3.92,2,"HC","cm","-11.90733","43.52169","PIT","AIDE","AIDE","Forereef",13.58
"Comoros",2022,"Grand Comore","Coelecanth National Park","Male",NA,"Partially Restricted","National Park",NA,"submassive","cs",1.17,0.46,2,"HC","cs","-11.90733","43.52169","PIT","AIDE","AIDE","Forereef",1.59
"Comoros",2022,"Grand Comore","Coelecanth National Park","Male",NA,"Partially Restricted","National Park",NA,"Dead Standing coral","DC",1.33,1.33,1,"DC",NA,"-11.90733","43.52169","PIT","AIDE","AIDE","Forereef",4.62
"Comoros",2022,"Grand Comore","Coelecanth National Park","Male",NA,"Partially Restricted","National Park",NA,"Diploastrea","dip",0.17,0.17,3,"HC","cm","-11.90733","43.52169","PIT","AIDE","AIDE","Forereef",0.58
"Comoros",2022,"Grand Comore","Coelecanth National Park","Male",NA,"Partially Restricted","National Park",NA,"Echinopora","epo",0.17,0.17,3,"HC","cf/cs","-11.90733","43.52169","PIT","AIDE","AIDE","Forereef",0.58
"Comoros",2022,"Grand Comore","Coelecanth National Park","Male",NA,"Partially Restricted","National Park",NA,"Favia","fav",2.17,0.76,3,"HC","cm","-11.90733","43.52169","PIT","AIDE","AIDE","Forereef",2.62
"Comoros",2022,"Grand Comore","Coelecanth National Park","Male",NA,"Partially Restricted","National Park",NA,"Favites","fts",0.67,0.28,3,"HC","cm","-11.90733","43.52169","PIT","AIDE","AIDE","Forereef",0.98
"Comoros",2022,"Grand Comore","Coelecanth National Park","Male",NA,"Partially Restricted","National Park",NA,"Fungia","fun",0.34,0.23,3,"HC","mush","-11.90733","43.52169","PIT","AIDE","AIDE","Forereef",0.79
"Comoros",2022,"Grand Comore","Coelecanth National Park","Male",NA,"Partially Restricted","National Park",NA,"Galaxea","gal",0.17,0.17,3,"HC","cm","-11.90733","43.52169","PIT","AIDE","AIDE","Forereef",0.58
"Comoros",2022,"Grand Comore","Coelecanth National Park","Male",NA,"Partially Restricted","National Park",NA,"Goniastrea","gon",0.83,0.58,3,"HC","cm","-11.90733","43.52169","PIT","AIDE","AIDE","Forereef",1.99
"Comoros",2022,"Grand Comore","Coelecanth National Park","Male",NA,"Partially Restricted","National Park",NA,"Herpolitha","her",0,0,3,"HC","mush","-11.90733","43.52169","PIT","AIDE","AIDE","Forereef",0
"Comoros",2022,"Grand Comore","Coelecanth National Park","Male",NA,"Partially Restricted","National Park",NA,"Montastrea","mon",0.17,0.17,3,"HC","cm","-11.90733","43.52169","PIT","AIDE","AIDE","Forereef",0.58
"Comoros",2022,"Grand Comore","Coelecanth National Park","Male",NA,"Partially Restricted","National Park",NA,"Montipora","mtp",1.17,0.63,3,"HC","ce/cf/cb","-11.90733","43.52169","PIT","AIDE","AIDE","Forereef",2.17
"Comoros",2022,"Grand Comore","Coelecanth National Park","Male",NA,"Partially Restricted","National Park",NA,"Pavona","pav",1.17,0.46,3,"HC","cf/cb/ce/cs","-11.90733","43.52169","PIT","AIDE","AIDE","Forereef",1.59
"Comoros",2022,"Grand Comore","Coelecanth National Park","Male",NA,"Partially Restricted","National Park",NA,"Platygyra","pla",0.33,0.22,3,"HC","cm","-11.90733","43.52169","PIT","AIDE","AIDE","Forereef",0.78
"Comoros",2022,"Grand Comore","Coelecanth National Park","Male",NA,"Partially Restricted","National Park",NA,"Plerogyra","plg",0.17,0.17,3,"HC","cm","-11.90733","43.52169","PIT","AIDE","AIDE","Forereef",0.58
"Comoros",2022,"Grand Comore","Coelecanth National Park","Male",NA,"Partially Restricted","National Park",NA,"Pocillopora","poc",5.18,2.63,3,"HC","cb","-11.90733","43.52169","PIT","AIDE","AIDE","Forereef",9.12
"Comoros",2022,"Grand Comore","Coelecanth National Park","Male",NA,"Partially Restricted","National Park",NA,"Porites","por",2,1.28,3,"HC","cb/cm","-11.90733","43.52169","PIT","AIDE","AIDE","Forereef",4.43
"Comoros",2022,"Grand Comore","Coelecanth National Park","Male",NA,"Partially Restricted","National Park",NA,"Porites branching","porB",0.17,0.17,3,"HC","cb","-11.90733","43.52169","PIT","AIDE","AIDE","Forereef",0.58
"Comoros",2022,"Grand Comore","Coelecanth National Park","Male",NA,"Partially Restricted","National Park",NA,"Porites massive","porM",0.17,0.17,3,"HC","cm","-11.90733","43.52169","PIT","AIDE","AIDE","Forereef",0.58
"Comoros",2022,"Grand Comore","Coelecanth National Park","Male",NA,"Partially Restricted","National Park",NA,"Rubble","RUB",19.54,2.81,1,"RUB",NA,"-11.90733","43.52169","PIT","AIDE","AIDE","Forereef",9.75
"Comoros",2022,"Grand Comore","Coelecanth National Park","Male",NA,"Partially Restricted","National Park",NA,"Sand","SND",10.02,2.61,1,"SND",NA,"-11.90733","43.52169","PIT","AIDE","AIDE","Forereef",9.04
"Comoros",2022,"Grand Comore","Coelecanth National Park","Male",NA,"Partially Restricted","National Park",NA,"Soft coral","SC",1.33,0.86,1,"SC",NA,"-11.90733","43.52169","PIT","AIDE","AIDE","Forereef",2.99
"Comoros",2022,"Grand Comore","Coelecanth National Park","Male",NA,"Partially Restricted","National Park",NA,"Seriatopora","ser",0,0,3,"HC","cb","-11.90733","43.52169","PIT","AIDE","AIDE","Forereef",0
"Comoros",2022,"Grand Comore","Coelecanth National Park","Male",NA,"Partially Restricted","National Park",NA,"Seagrass","SGR",2.17,2.17,1,"SGR",NA,"-11.90733","43.52169","PIT","AIDE","AIDE","Forereef",7.51
"Comoros",2022,"Grand Comore","Mitsamiuli Ndroude National Park","Memboimboini",NA,"Partially Restricted","National Park",NA,"Acropora branching","acb",0,0,2,"HC","acb","-11.37374","43.31699","PIT","AIDE","AIDE","Forereef",0
"Comoros",2022,"Grand Comore","Mitsamiuli Ndroude National Park","Memboimboini",NA,"Partially Restricted","National Park",NA,"Acropora digitate","acd",0,0,2,"HC","acd","-11.37374","43.31699","PIT","AIDE","AIDE","Forereef",0
"Comoros",2022,"Grand Comore","Mitsamiuli Ndroude National Park","Memboimboini",NA,"Partially Restricted","National Park",NA,"Acropora encrusting","ace",0,0,2,"HC","ace","-11.37374","43.31699","PIT","AIDE","AIDE","Forereef",0
"Comoros",2022,"Grand Comore","Mitsamiuli Ndroude National Park","Memboimboini",NA,"Partially Restricted","National Park",NA,"Algae-coralline","ACOR",3,3,1,"ACOR",NA,"-11.37374","43.31699","PIT","AIDE","AIDE","Forereef",4.24
"Comoros",2022,"Grand Comore","Mitsamiuli Ndroude National Park","Memboimboini",NA,"Partially Restricted","National Park",NA,"Acropora","acr",0,0,3,"HC","","-11.37374","43.31699","PIT","AIDE","AIDE","Forereef",0
"Comoros",2022,"Grand Comore","Mitsamiuli Ndroude National Park","Memboimboini",NA,"Partially Restricted","National Park",NA,"Acropora tabulate","act",0,0,2,"HC","act","-11.37374","43.31699","PIT","AIDE","AIDE","Forereef",0
"Comoros",2022,"Grand Comore","Mitsamiuli Ndroude National Park","Memboimboini",NA,"Partially Restricted","National Park",NA,"Algae-Halimeda","AHAL",0,0,1,"AHAL",NA,"-11.37374","43.31699","PIT","AIDE","AIDE","Forereef",0
"Comoros",2022,"Grand Comore","Mitsamiuli Ndroude National Park","Memboimboini",NA,"Partially Restricted","National Park",NA,"Algae","ALG",0,0,1,"ALG",NA,"-11.37374","43.31699","PIT","AIDE","AIDE","Forereef",0
"Comoros",2022,"Grand Comore","Mitsamiuli Ndroude National Park","Memboimboini",NA,"Partially Restricted","National Park",NA,"Algae-macro/fleshy","AMAC",0,0,1,"AMAC",NA,"-11.37374","43.31699","PIT","AIDE","AIDE","Forereef",0
"Comoros",2022,"Grand Comore","Mitsamiuli Ndroude National Park","Memboimboini",NA,"Partially Restricted","National Park",NA,"Bare substrate","BS",2,2,1,"BS",NA,"-11.37374","43.31699","PIT","AIDE","AIDE","Forereef",2.83
"Comoros",2022,"Grand Comore","Mitsamiuli Ndroude National Park","Memboimboini",NA,"Partially Restricted","National Park",NA,"branching","cb",0,0,2,"HC","cb","-11.37374","43.31699","PIT","AIDE","AIDE","Forereef",0
"Comoros",2022,"Grand Comore","Mitsamiuli Ndroude National Park","Memboimboini",NA,"Partially Restricted","National Park",NA,"encrusting","ce",1,1,2,"HC","ce","-11.37374","43.31699","PIT","AIDE","AIDE","Forereef",1.41
"Comoros",2022,"Grand Comore","Mitsamiuli Ndroude National Park","Memboimboini",NA,"Partially Restricted","National Park",NA,"foliaceous","cf",0,0,2,"HC","cf","-11.37374","43.31699","PIT","AIDE","AIDE","Forereef",0
"Comoros",2022,"Grand Comore","Mitsamiuli Ndroude National Park","Memboimboini",NA,"Partially Restricted","National Park",NA,"massive","cm",0,0,2,"HC","cm","-11.37374","43.31699","PIT","AIDE","AIDE","Forereef",0
"Comoros",2022,"Grand Comore","Mitsamiuli Ndroude National Park","Memboimboini",NA,"Partially Restricted","National Park",NA,"submassive","cs",22,2,2,"HC","cs","-11.37374","43.31699","PIT","AIDE","AIDE","Forereef",2.83
"Comoros",2022,"Grand Comore","Mitsamiuli Ndroude National Park","Memboimboini",NA,"Partially Restricted","National Park",NA,"Dead Standing coral","DC",13,1,1,"DC",NA,"-11.37374","43.31699","PIT","AIDE","AIDE","Forereef",1.41
"Comoros",2022,"Grand Comore","Mitsamiuli Ndroude National Park","Memboimboini",NA,"Partially Restricted","National Park",NA,"Diploastrea","dip",0,0,3,"HC","cm","-11.37374","43.31699","PIT","AIDE","AIDE","Forereef",0
"Comoros",2022,"Grand Comore","Mitsamiuli Ndroude National Park","Memboimboini",NA,"Partially Restricted","National Park",NA,"Echinopora","epo",0,0,3,"HC","cf/cs","-11.37374","43.31699","PIT","AIDE","AIDE","Forereef",0
"Comoros",2022,"Grand Comore","Mitsamiuli Ndroude National Park","Memboimboini",NA,"Partially Restricted","National Park",NA,"Favia","fav",1,1,3,"HC","cm","-11.37374","43.31699","PIT","AIDE","AIDE","Forereef",1.41
"Comoros",2022,"Grand Comore","Mitsamiuli Ndroude National Park","Memboimboini",NA,"Partially Restricted","National Park",NA,"Favites","fts",0,0,3,"HC","cm","-11.37374","43.31699","PIT","AIDE","AIDE","Forereef",0
"Comoros",2022,"Grand Comore","Mitsamiuli Ndroude National Park","Memboimboini",NA,"Partially Restricted","National Park",NA,"Fungia","fun",0,0,3,"HC","mush","-11.37374","43.31699","PIT","AIDE","AIDE","Forereef",0
"Comoros",2022,"Grand Comore","Mitsamiuli Ndroude National Park","Memboimboini",NA,"Partially Restricted","National Park",NA,"Galaxea","gal",0,0,3,"HC","cm","-11.37374","43.31699","PIT","AIDE","AIDE","Forereef",0
"Comoros",2022,"Grand Comore","Mitsamiuli Ndroude National Park","Memboimboini",NA,"Partially Restricted","National Park",NA,"Goniastrea","gon",0,0,3,"HC","cm","-11.37374","43.31699","PIT","AIDE","AIDE","Forereef",0
"Comoros",2022,"Grand Comore","Mitsamiuli Ndroude National Park","Memboimboini",NA,"Partially Restricted","National Park",NA,"Herpolitha","her",0,0,3,"HC","mush","-11.37374","43.31699","PIT","AIDE","AIDE","Forereef",0
"Comoros",2022,"Grand Comore","Mitsamiuli Ndroude National Park","Memboimboini",NA,"Partially Restricted","National Park",NA,"Montastrea","mon",0,0,3,"HC","cm","-11.37374","43.31699","PIT","AIDE","AIDE","Forereef",0
"Comoros",2022,"Grand Comore","Mitsamiuli Ndroude National Park","Memboimboini",NA,"Partially Restricted","National Park",NA,"Montipora","mtp",1,1,3,"HC","ce/cf/cb","-11.37374","43.31699","PIT","AIDE","AIDE","Forereef",1.41
"Comoros",2022,"Grand Comore","Mitsamiuli Ndroude National Park","Memboimboini",NA,"Partially Restricted","National Park",NA,"Pavona","pav",0,0,3,"HC","cf/cb/ce/cs","-11.37374","43.31699","PIT","AIDE","AIDE","Forereef",0
"Comoros",2022,"Grand Comore","Mitsamiuli Ndroude National Park","Memboimboini",NA,"Partially Restricted","National Park",NA,"Platygyra","pla",1,1,3,"HC","cm","-11.37374","43.31699","PIT","AIDE","AIDE","Forereef",1.41
"Comoros",2022,"Grand Comore","Mitsamiuli Ndroude National Park","Memboimboini",NA,"Partially Restricted","National Park",NA,"Plerogyra","plg",0,0,3,"HC","cm","-11.37374","43.31699","PIT","AIDE","AIDE","Forereef",0
"Comoros",2022,"Grand Comore","Mitsamiuli Ndroude National Park","Memboimboini",NA,"Partially Restricted","National Park",NA,"Pocillopora","poc",0,0,3,"HC","cb","-11.37374","43.31699","PIT","AIDE","AIDE","Forereef",0
"Comoros",2022,"Grand Comore","Mitsamiuli Ndroude National Park","Memboimboini",NA,"Partially Restricted","National Park",NA,"Porites","por",13,7,3,"HC","cb/cm","-11.37374","43.31699","PIT","AIDE","AIDE","Forereef",9.9
"Comoros",2022,"Grand Comore","Mitsamiuli Ndroude National Park","Memboimboini",NA,"Partially Restricted","National Park",NA,"Porites branching","porB",12,4,3,"HC","cb","-11.37374","43.31699","PIT","AIDE","AIDE","Forereef",5.66
"Comoros",2022,"Grand Comore","Mitsamiuli Ndroude National Park","Memboimboini",NA,"Partially Restricted","National Park",NA,"Porites massive","porM",3,1,3,"HC","cm","-11.37374","43.31699","PIT","AIDE","AIDE","Forereef",1.41
"Comoros",2022,"Grand Comore","Mitsamiuli Ndroude National Park","Memboimboini",NA,"Partially Restricted","National Park",NA,"Rubble","RUB",2,2,1,"RUB",NA,"-11.37374","43.31699","PIT","AIDE","AIDE","Forereef",2.83
"Comoros",2022,"Grand Comore","Mitsamiuli Ndroude National Park","Memboimboini",NA,"Partially Restricted","National Park",NA,"Sand","SND",13,1,1,"SND",NA,"-11.37374","43.31699","PIT","AIDE","AIDE","Forereef",1.41
"Comoros",2022,"Grand Comore","Mitsamiuli Ndroude National Park","Memboimboini",NA,"Partially Restricted","National Park",NA,"Soft coral","SC",13,1,1,"SC",NA,"-11.37374","43.31699","PIT","AIDE","AIDE","Forereef",1.41
"Comoros",2022,"Grand Comore","Mitsamiuli Ndroude National Park","Memboimboini",NA,"Partially Restricted","National Park",NA,"Seriatopora","ser",0,0,3,"HC","cb","-11.37374","43.31699","PIT","AIDE","AIDE","Forereef",0
"Comoros",2022,"Grand Comore","Mitsamiuli Ndroude National Park","Memboimboini",NA,"Partially Restricted","National Park",NA,"Seagrass","SGR",0,0,1,"SGR",NA,"-11.37374","43.31699","PIT","AIDE","AIDE","Forereef",0
"Comoros",2022,"Moheli island","Moimbao","Barakani",NA,"Partially Restricted","Community Reserve",NA,"Acropora branching","acb",0,0,2,"HC","acb","-12.29296667","43.62386667","PIT","AIDE","AIDE","",0
"Comoros",2022,"Moheli island","Moimbao","Barakani",NA,"Partially Restricted","Community Reserve",NA,"Acropora digitate","acd",0,0,2,"HC","acd","-12.29296667","43.62386667","PIT","AIDE","AIDE","",0
"Comoros",2022,"Moheli island","Moimbao","Barakani",NA,"Partially Restricted","Community Reserve",NA,"Acropora encrusting","ace",0,0,2,"HC","ace","-12.29296667","43.62386667","PIT","AIDE","AIDE","",0
"Comoros",2022,"Moheli island","Moimbao","Barakani",NA,"Partially Restricted","Community Reserve",NA,"Algae-coralline","ACOR",3.2,2.06,1,"ACOR",NA,"-12.29296667","43.62386667","PIT","AIDE","AIDE","",4.6
"Comoros",2022,"Moheli island","Moimbao","Barakani",NA,"Partially Restricted","Community Reserve",NA,"Acropora","acr",10,2.45,3,"HC","","-12.29296667","43.62386667","PIT","AIDE","AIDE","",5.48
"Comoros",2022,"Moheli island","Moimbao","Barakani",NA,"Partially Restricted","Community Reserve",NA,"Acropora tabulate","act",2.4,2.4,2,"HC","act","-12.29296667","43.62386667","PIT","AIDE","AIDE","",5.37
"Comoros",2022,"Moheli island","Moimbao","Barakani",NA,"Partially Restricted","Community Reserve",NA,"Algae-Halimeda","AHAL",0.4,0.4,1,"AHAL",NA,"-12.29296667","43.62386667","PIT","AIDE","AIDE","",0.89
"Comoros",2022,"Moheli island","Moimbao","Barakani",NA,"Partially Restricted","Community Reserve",NA,"Algae","ALG",0,0,1,"ALG",NA,"-12.29296667","43.62386667","PIT","AIDE","AIDE","",0
"Comoros",2022,"Moheli island","Moimbao","Barakani",NA,"Partially Restricted","Community Reserve",NA,"Algae-macro/fleshy","AMAC",0.4,0.4,1,"AMAC",NA,"-12.29296667","43.62386667","PIT","AIDE","AIDE","",0.89
"Comoros",2022,"Moheli island","Moimbao","Barakani",NA,"Partially Restricted","Community Reserve",NA,"Bare substrate","BS",12.4,5.42,1,"BS",NA,"-12.29296667","43.62386667","PIT","AIDE","AIDE","",12.12
"Comoros",2022,"Moheli island","Moimbao","Barakani",NA,"Partially Restricted","Community Reserve",NA,"branching","cb",0,0,2,"HC","cb","-12.29296667","43.62386667","PIT","AIDE","AIDE","",0
"Comoros",2022,"Moheli island","Moimbao","Barakani",NA,"Partially Restricted","Community Reserve",NA,"encrusting","ce",8.8,2.58,2,"HC","ce","-12.29296667","43.62386667","PIT","AIDE","AIDE","",5.76
"Comoros",2022,"Moheli island","Moimbao","Barakani",NA,"Partially Restricted","Community Reserve",NA,"foliaceous","cf",2,1.55,2,"HC","cf","-12.29296667","43.62386667","PIT","AIDE","AIDE","",3.46
"Comoros",2022,"Moheli island","Moimbao","Barakani",NA,"Partially Restricted","Community Reserve",NA,"massive","cm",16.4,9.54,2,"HC","cm","-12.29296667","43.62386667","PIT","AIDE","AIDE","",21.33
"Comoros",2022,"Moheli island","Moimbao","Barakani",NA,"Partially Restricted","Community Reserve",NA,"submassive","cs",13.6,3.76,2,"HC","cs","-12.29296667","43.62386667","PIT","AIDE","AIDE","",8.41
"Comoros",2022,"Moheli island","Moimbao","Barakani",NA,"Partially Restricted","Community Reserve",NA,"Dead Standing coral","DC",0.8,0.49,1,"DC",NA,"-12.29296667","43.62386667","PIT","AIDE","AIDE","",1.1
"Comoros",2022,"Moheli island","Moimbao","Barakani",NA,"Partially Restricted","Community Reserve",NA,"Diploastrea","dip",0,0,3,"HC","cm","-12.29296667","43.62386667","PIT","AIDE","AIDE","",0
"Comoros",2022,"Moheli island","Moimbao","Barakani",NA,"Partially Restricted","Community Reserve",NA,"Echinopora","epo",0,0,3,"HC","cf/cs","-12.29296667","43.62386667","PIT","AIDE","AIDE","",0
"Comoros",2022,"Moheli island","Moimbao","Barakani",NA,"Partially Restricted","Community Reserve",NA,"Favia","fav",0,0,3,"HC","cm","-12.29296667","43.62386667","PIT","AIDE","AIDE","",0
"Comoros",2022,"Moheli island","Moimbao","Barakani",NA,"Partially Restricted","Community Reserve",NA,"Favites","fts",0,0,3,"HC","cm","-12.29296667","43.62386667","PIT","AIDE","AIDE","",0
"Comoros",2022,"Moheli island","Moimbao","Barakani",NA,"Partially Restricted","Community Reserve",NA,"Fungia","fun",0,0,3,"HC","mush","-12.29296667","43.62386667","PIT","AIDE","AIDE","",0
"Comoros",2022,"Moheli island","Moimbao","Barakani",NA,"Partially Restricted","Community Reserve",NA,"Galaxea","gal",0,0,3,"HC","cm","-12.29296667","43.62386667","PIT","AIDE","AIDE","",0
"Comoros",2022,"Moheli island","Moimbao","Barakani",NA,"Partially Restricted","Community Reserve",NA,"Goniastrea","gon",0,0,3,"HC","cm","-12.29296667","43.62386667","PIT","AIDE","AIDE","",0
"Comoros",2022,"Moheli island","Moimbao","Barakani",NA,"Partially Restricted","Community Reserve",NA,"Herpolitha","her",2,2,3,"HC","mush","-12.29296667","43.62386667","PIT","AIDE","AIDE","",4.47
"Comoros",2022,"Moheli island","Moimbao","Barakani",NA,"Partially Restricted","Community Reserve",NA,"Montastrea","mon",0,0,3,"HC","cm","-12.29296667","43.62386667","PIT","AIDE","AIDE","",0
"Comoros",2022,"Moheli island","Moimbao","Barakani",NA,"Partially Restricted","Community Reserve",NA,"Montipora","mtp",0,0,3,"HC","ce/cf/cb","-12.29296667","43.62386667","PIT","AIDE","AIDE","",0
"Comoros",2022,"Moheli island","Moimbao","Barakani",NA,"Partially Restricted","Community Reserve",NA,"Pavona","pav",0,0,3,"HC","cf/cb/ce/cs","-12.29296667","43.62386667","PIT","AIDE","AIDE","",0
"Comoros",2022,"Moheli island","Moimbao","Barakani",NA,"Partially Restricted","Community Reserve",NA,"Platygyra","pla",0,0,3,"HC","cm","-12.29296667","43.62386667","PIT","AIDE","AIDE","",0
"Comoros",2022,"Moheli island","Moimbao","Barakani",NA,"Partially Restricted","Community Reserve",NA,"Plerogyra","plg",0,0,3,"HC","cm","-12.29296667","43.62386667","PIT","AIDE","AIDE","",0
"Comoros",2022,"Moheli island","Moimbao","Barakani",NA,"Partially Restricted","Community Reserve",NA,"Pocillopora","poc",0.4,0.4,3,"HC","cb","-12.29296667","43.62386667","PIT","AIDE","AIDE","",0.89
"Comoros",2022,"Moheli island","Moimbao","Barakani",NA,"Partially Restricted","Community Reserve",NA,"Porites","por",0,0,3,"HC","cb/cm","-12.29296667","43.62386667","PIT","AIDE","AIDE","",0
"Comoros",2022,"Moheli island","Moimbao","Barakani",NA,"Partially Restricted","Community Reserve",NA,"Porites branching","porB",0,0,3,"HC","cb","-12.29296667","43.62386667","PIT","AIDE","AIDE","",0
"Comoros",2022,"Moheli island","Moimbao","Barakani",NA,"Partially Restricted","Community Reserve",NA,"Porites massive","porM",0,0,3,"HC","cm","-12.29296667","43.62386667","PIT","AIDE","AIDE","",0
"Comoros",2022,"Moheli island","Moimbao","Barakani",NA,"Partially Restricted","Community Reserve",NA,"Rubble","RUB",4.4,2.71,1,"RUB",NA,"-12.29296667","43.62386667","PIT","AIDE","AIDE","",6.07
"Comoros",2022,"Moheli island","Moimbao","Barakani",NA,"Partially Restricted","Community Reserve",NA,"Sand","SND",10,9.01,1,"SND",NA,"-12.29296667","43.62386667","PIT","AIDE","AIDE","",20.15
"Comoros",2022,"Moheli island","Moimbao","Barakani",NA,"Partially Restricted","Community Reserve",NA,"Soft coral","SC",12.4,5.27,1,"SC",NA,"-12.29296667","43.62386667","PIT","AIDE","AIDE","",11.78
"Comoros",2022,"Moheli island","Moimbao","Barakani",NA,"Partially Restricted","Community Reserve",NA,"Seriatopora","ser",0.4,0.4,3,"HC","cb","-12.29296667","43.62386667","PIT","AIDE","AIDE","",0.89
"Comoros",2022,"Moheli island","Moimbao","Barakani",NA,"Partially Restricted","Community Reserve",NA,"Seagrass","SGR",0,0,1,"SGR",NA,"-12.29296667","43.62386667","PIT","AIDE","AIDE","",0
"Comoros",2017,"Anjouan Island","Pomoni","Dzindri Yantsini",NA,"Partially Restricted","Community Reserve",NA,"massive","cm",10.78,2.62,2,"HC","cm","-12.249128","44.350077","PIT","Dahari","Dahari","Forereef",6.41
"Comoros",2017,"Anjouan Island","Pomoni","Dzindri Yantsini",NA,"Partially Restricted","Community Reserve",NA,"branching","cb",13.73,3.32,2,"HC","cb","-12.249128","44.350077","PIT","Dahari","Dahari","Forereef",8.13
"Comoros",2017,"Anjouan Island","Pomoni","Dzindri Yantsini",NA,"Partially Restricted","Community Reserve",NA,"digitate","cd",0,0,2,"HC","cd","-12.249128","44.350077","PIT","Dahari","Dahari","Forereef",0
"Comoros",2017,"Anjouan Island","Pomoni","Dzindri Yantsini",NA,"Partially Restricted","Community Reserve",NA,"tabular","ct",2.61,1.21,2,"HC","ct","-12.249128","44.350077","PIT","Dahari","Dahari","Forereef",2.95
"Comoros",2017,"Anjouan Island","Pomoni","Dzindri Yantsini",NA,"Partially Restricted","Community Reserve",NA,"encrusting","ce",18.3,3.31,2,"HC","ce","-12.249128","44.350077","PIT","Dahari","Dahari","Forereef",8.1
"Comoros",2017,"Anjouan Island","Pomoni","Dzindri Yantsini",NA,"Partially Restricted","Community Reserve",NA,"submassive","cs",0,0,2,"HC","cs","-12.249128","44.350077","PIT","Dahari","Dahari","Forereef",0
"Comoros",2017,"Anjouan Island","Pomoni","Dzindri Yantsini",NA,"Partially Restricted","Community Reserve",NA,"foliaceous","cf",0,0,2,"HC","cf","-12.249128","44.350077","PIT","Dahari","Dahari","Forereef",0
"Comoros",2017,"Anjouan Island","Pomoni","Dzindri Yantsini",NA,"Partially Restricted","Community Reserve",NA,"mushroom","mush",0,0,2,"HC","mush","-12.249128","44.350077","PIT","Dahari","Dahari","Forereef",0
"Comoros",2017,"Anjouan Island","Pomoni","Dzindri Yantsini",NA,"Partially Restricted","Community Reserve",NA,"Hydroids","Hydr",0,0,2,"INV","Hydr","-12.249128","44.350077","PIT","Dahari","Dahari","Forereef",0
"Comoros",2017,"Anjouan Island","Pomoni","Dzindri Yantsini",NA,"Partially Restricted","Community Reserve",NA,"Inverts-other","INV",2.61,1.21,1,"INV",NA,"-12.249128","44.350077","PIT","Dahari","Dahari","Forereef",2.95
"Comoros",2017,"Anjouan Island","Pomoni","Dzindri Yantsini",NA,"Partially Restricted","Community Reserve",NA,"Sponge","Spog",0,0,2,"INV","Spog","-12.249128","44.350077","PIT","Dahari","Dahari","Forereef",0
"Comoros",2017,"Anjouan Island","Pomoni","Dzindri Yantsini",NA,"Partially Restricted","Community Reserve",NA,"Algae-macro/fleshy","AMAC",2.29,1.28,1,"AMAC",NA,"-12.249128","44.350077","PIT","Dahari","Dahari","Forereef",3.14
"Comoros",2017,"Anjouan Island","Pomoni","Dzindri Yantsini",NA,"Partially Restricted","Community Reserve",NA,"Algae-turf","ATRF",25.16,3.52,1,"ATRF",NA,"-12.249128","44.350077","PIT","Dahari","Dahari","Forereef",8.63
"Comoros",2017,"Anjouan Island","Pomoni","Dzindri Yantsini",NA,"Partially Restricted","Community Reserve",NA,"Algae-Halimeda","AHAL",0,0,1,"AHAL",NA,"-12.249128","44.350077","PIT","Dahari","Dahari","Forereef",0
"Comoros",2017,"Anjouan Island","Pomoni","Dzindri Yantsini",NA,"Partially Restricted","Community Reserve",NA,"Algae-coralline","ACOR",23.2,2.23,1,"ACOR",NA,"-12.249128","44.350077","PIT","Dahari","Dahari","Forereef",5.46
"Comoros",2017,"Anjouan Island","Pomoni","Dzindri Yantsini",NA,"Partially Restricted","Community Reserve",NA,"Rubble","RUB",1.31,0.65,1,"RUB",NA,"-12.249128","44.350077","PIT","Dahari","Dahari","Forereef",1.6
"Comoros",2017,"Anjouan Island","Pomoni","Dzindri Yantsini",NA,"Partially Restricted","Community Reserve",NA,"Rock","RCK",0,0,1,"RCK",NA,"-12.249128","44.350077","PIT","Dahari","Dahari","Forereef",0
"Comoros",2017,"Anjouan Island","Pomoni","Dzindri Yantsini",NA,"Partially Restricted","Community Reserve",NA,"Sand","SND",0,0,1,"SND",NA,"-12.249128","44.350077","PIT","Dahari","Dahari","Forereef",0
"Comoros",2017,"Anjouan Island","Pomoni","Dzindri Yantsini",NA,"Partially Restricted","Community Reserve",NA,"Seagrass","SGR",0,0,1,"SGR",NA,"-12.249128","44.350077","PIT","Dahari","Dahari","Forereef",0
"Comoros",2017,"Anjouan Island","Pomoni","Dzindri Yantsini",NA,"Partially Restricted","Community Reserve",NA,"Recent Dead Coral","RDC",0,0,1,"RDC",NA,"-12.249128","44.350077","PIT","Dahari","Dahari","Forereef",0
"Comoros",2017,"Anjouan Island","Pomoni","Mabamboni",NA,"Partially Restricted","Community Reserve",NA,"massive","cm",10.78,1.5,2,"HC","cm","-12.244921","44.329091","PIT","Dahari","Dahari","Forereef",3.67
"Comoros",2017,"Anjouan Island","Pomoni","Mabamboni",NA,"Partially Restricted","Community Reserve",NA,"branching","cb",10.13,2.11,2,"HC","cb","-12.244921","44.329091","PIT","Dahari","Dahari","Forereef",5.18
"Comoros",2017,"Anjouan Island","Pomoni","Mabamboni",NA,"Partially Restricted","Community Reserve",NA,"digitate","cd",0,0,2,"HC","cd","-12.244921","44.329091","PIT","Dahari","Dahari","Forereef",0
"Comoros",2017,"Anjouan Island","Pomoni","Mabamboni",NA,"Partially Restricted","Community Reserve",NA,"tabular","ct",0.98,0.67,2,"HC","ct","-12.244921","44.329091","PIT","Dahari","Dahari","Forereef",1.64
"Comoros",2017,"Anjouan Island","Pomoni","Mabamboni",NA,"Partially Restricted","Community Reserve",NA,"encrusting","ce",13.07,2.61,2,"HC","ce","-12.244921","44.329091","PIT","Dahari","Dahari","Forereef",6.4
"Comoros",2017,"Anjouan Island","Pomoni","Mabamboni",NA,"Partially Restricted","Community Reserve",NA,"submassive","cs",0,0,2,"HC","cs","-12.244921","44.329091","PIT","Dahari","Dahari","Forereef",0
"Comoros",2017,"Anjouan Island","Pomoni","Mabamboni",NA,"Partially Restricted","Community Reserve",NA,"foliaceous","cf",0,0,2,"HC","cf","-12.244921","44.329091","PIT","Dahari","Dahari","Forereef",0
"Comoros",2017,"Anjouan Island","Pomoni","Mabamboni",NA,"Partially Restricted","Community Reserve",NA,"mushroom","mush",0,0,2,"HC","mush","-12.244921","44.329091","PIT","Dahari","Dahari","Forereef",0
"Comoros",2017,"Anjouan Island","Pomoni","Mabamboni",NA,"Partially Restricted","Community Reserve",NA,"Hydroids","Hydr",0,0,2,"INV","Hydr","-12.244921","44.329091","PIT","Dahari","Dahari","Forereef",0
"Comoros",2017,"Anjouan Island","Pomoni","Mabamboni",NA,"Partially Restricted","Community Reserve",NA,"Inverts-other","INV",1.63,0.6,1,"INV",NA,"-12.244921","44.329091","PIT","Dahari","Dahari","Forereef",1.48
"Comoros",2017,"Anjouan Island","Pomoni","Mabamboni",NA,"Partially Restricted","Community Reserve",NA,"Sponge","Spog",0,0,2,"INV","Spog","-12.244921","44.329091","PIT","Dahari","Dahari","Forereef",0
"Comoros",2017,"Anjouan Island","Pomoni","Mabamboni",NA,"Partially Restricted","Community Reserve",NA,"Algae-macro/fleshy","AMAC",4.9,1.66,1,"AMAC",NA,"-12.244921","44.329091","PIT","Dahari","Dahari","Forereef",4.07
"Comoros",2017,"Anjouan Island","Pomoni","Mabamboni",NA,"Partially Restricted","Community Reserve",NA,"Algae-turf","ATRF",33.01,3.18,1,"ATRF",NA,"-12.244921","44.329091","PIT","Dahari","Dahari","Forereef",7.79
"Comoros",2017,"Anjouan Island","Pomoni","Mabamboni",NA,"Partially Restricted","Community Reserve",NA,"Algae-Halimeda","AHAL",0,0,1,"AHAL",NA,"-12.244921","44.329091","PIT","Dahari","Dahari","Forereef",0
"Comoros",2017,"Anjouan Island","Pomoni","Mabamboni",NA,"Partially Restricted","Community Reserve",NA,"Algae-coralline","ACOR",13.4,1.38,1,"ACOR",NA,"-12.244921","44.329091","PIT","Dahari","Dahari","Forereef",3.38
"Comoros",2017,"Anjouan Island","Pomoni","Mabamboni",NA,"Partially Restricted","Community Reserve",NA,"Rubble","RUB",6.21,2.75,1,"RUB",NA,"-12.244921","44.329091","PIT","Dahari","Dahari","Forereef",6.73
"Comoros",2017,"Anjouan Island","Pomoni","Mabamboni",NA,"Partially Restricted","Community Reserve",NA,"Rock","RCK",4.25,0.6,1,"RCK",NA,"-12.244921","44.329091","PIT","Dahari","Dahari","Forereef",1.48
"Comoros",2017,"Anjouan Island","Pomoni","Mabamboni",NA,"Partially Restricted","Community Reserve",NA,"Sand","SND",1.31,1.31,1,"SND",NA,"-12.244921","44.329091","PIT","Dahari","Dahari","Forereef",3.2
"Comoros",2017,"Anjouan Island","Pomoni","Mabamboni",NA,"Partially Restricted","Community Reserve",NA,"Seagrass","SGR",0,0,1,"SGR",NA,"-12.244921","44.329091","PIT","Dahari","Dahari","Forereef",0
"Comoros",2017,"Anjouan Island","Pomoni","Mabamboni",NA,"Partially Restricted","Community Reserve",NA,"Recent Dead Coral","RDC",0.33,0.33,1,"RDC",NA,"-12.244921","44.329091","PIT","Dahari","Dahari","Forereef",0.8
"Comoros",2017,"Anjouan Island","Pomoni","Hamare_02",NA,"Partially Restricted","Community Reserve",NA,"massive","cm",12.42,1.73,2,"HC","cm","-12.241253","44.333174","PIT","Dahari","Dahari","Forereef",4.24
"Comoros",2017,"Anjouan Island","Pomoni","Hamare_02",NA,"Partially Restricted","Community Reserve",NA,"branching","cb",11.11,1.73,2,"HC","cb","-12.241253","44.333174","PIT","Dahari","Dahari","Forereef",4.24
"Comoros",2017,"Anjouan Island","Pomoni","Hamare_02",NA,"Partially Restricted","Community Reserve",NA,"digitate","cd",0,0,2,"HC","cd","-12.241253","44.333174","PIT","Dahari","Dahari","Forereef",0
"Comoros",2017,"Anjouan Island","Pomoni","Hamare_02",NA,"Partially Restricted","Community Reserve",NA,"tabular","ct",9.8,1.43,2,"HC","ct","-12.241253","44.333174","PIT","Dahari","Dahari","Forereef",3.51
"Comoros",2017,"Anjouan Island","Pomoni","Hamare_02",NA,"Partially Restricted","Community Reserve",NA,"encrusting","ce",18.63,2.25,2,"HC","ce","-12.241253","44.333174","PIT","Dahari","Dahari","Forereef",5.51
"Comoros",2017,"Anjouan Island","Pomoni","Hamare_02",NA,"Partially Restricted","Community Reserve",NA,"submassive","cs",0,0,2,"HC","cs","-12.241253","44.333174","PIT","Dahari","Dahari","Forereef",0
"Comoros",2017,"Anjouan Island","Pomoni","Hamare_02",NA,"Partially Restricted","Community Reserve",NA,"foliaceous","cf",0,0,2,"HC","cf","-12.241253","44.333174","PIT","Dahari","Dahari","Forereef",0
"Comoros",2017,"Anjouan Island","Pomoni","Hamare_02",NA,"Partially Restricted","Community Reserve",NA,"mushroom","mush",0,0,2,"HC","mush","-12.241253","44.333174","PIT","Dahari","Dahari","Forereef",0
"Comoros",2017,"Anjouan Island","Pomoni","Hamare_02",NA,"Partially Restricted","Community Reserve",NA,"Hydroids","Hydr",0,0,2,"INV","Hydr","-12.241253","44.333174","PIT","Dahari","Dahari","Forereef",0
"Comoros",2017,"Anjouan Island","Pomoni","Hamare_02",NA,"Partially Restricted","Community Reserve",NA,"Inverts-other","INV",1.96,0.72,1,"INV",NA,"-12.241253","44.333174","PIT","Dahari","Dahari","Forereef",1.75
"Comoros",2017,"Anjouan Island","Pomoni","Hamare_02",NA,"Partially Restricted","Community Reserve",NA,"Sponge","Spog",0,0,2,"INV","Spog","-12.241253","44.333174","PIT","Dahari","Dahari","Forereef",0
"Comoros",2017,"Anjouan Island","Pomoni","Hamare_02",NA,"Partially Restricted","Community Reserve",NA,"Algae-macro/fleshy","AMAC",0.33,0.33,1,"AMAC",NA,"-12.241253","44.333174","PIT","Dahari","Dahari","Forereef",0.8
"Comoros",2017,"Anjouan Island","Pomoni","Hamare_02",NA,"Partially Restricted","Community Reserve",NA,"Algae-turf","ATRF",25.82,4.25,1,"ATRF",NA,"-12.241253","44.333174","PIT","Dahari","Dahari","Forereef",10.41
"Comoros",2017,"Anjouan Island","Pomoni","Hamare_02",NA,"Partially Restricted","Community Reserve",NA,"Algae-Halimeda","AHAL",0,0,1,"AHAL",NA,"-12.241253","44.333174","PIT","Dahari","Dahari","Forereef",0
"Comoros",2017,"Anjouan Island","Pomoni","Hamare_02",NA,"Partially Restricted","Community Reserve",NA,"Algae-coralline","ACOR",16.99,3.94,1,"ACOR",NA,"-12.241253","44.333174","PIT","Dahari","Dahari","Forereef",9.66
"Comoros",2017,"Anjouan Island","Pomoni","Hamare_02",NA,"Partially Restricted","Community Reserve",NA,"Rubble","RUB",0.65,0.65,1,"RUB",NA,"-12.241253","44.333174","PIT","Dahari","Dahari","Forereef",1.6
"Comoros",2017,"Anjouan Island","Pomoni","Hamare_02",NA,"Partially Restricted","Community Reserve",NA,"Rock","RCK",1.96,1.01,1,"RCK",NA,"-12.241253","44.333174","PIT","Dahari","Dahari","Forereef",2.48
"Comoros",2017,"Anjouan Island","Pomoni","Hamare_02",NA,"Partially Restricted","Community Reserve",NA,"Sand","SND",0,0,1,"SND",NA,"-12.241253","44.333174","PIT","Dahari","Dahari","Forereef",0
"Comoros",2017,"Anjouan Island","Pomoni","Hamare_02",NA,"Partially Restricted","Community Reserve",NA,"Seagrass","SGR",0,0,1,"SGR",NA,"-12.241253","44.333174","PIT","Dahari","Dahari","Forereef",0
"Comoros",2017,"Anjouan Island","Pomoni","Hamare_02",NA,"Partially Restricted","Community Reserve",NA,"Recent Dead Coral","RDC",0.33,0.33,1,"RDC",NA,"-12.241253","44.333174","PIT","Dahari","Dahari","Forereef",0.8
"Comoros",2017,"Anjouan Island","Pomoni","Mrojou",NA,"Partially Restricted","Community Reserve",NA,"massive","cm",15.69,1.68,2,"HC","cm","-12.2440278","44.3556667","PIT","Dahari","Dahari","Reef flat",4.11
"Comoros",2017,"Anjouan Island","Pomoni","Mrojou",NA,"Partially Restricted","Community Reserve",NA,"branching","cb",7.52,0.94,2,"HC","cb","-12.2440278","44.3556667","PIT","Dahari","Dahari","Reef flat",2.29
"Comoros",2017,"Anjouan Island","Pomoni","Mrojou",NA,"Partially Restricted","Community Reserve",NA,"digitate","cd",0,0,2,"HC","cd","-12.2440278","44.3556667","PIT","Dahari","Dahari","Reef flat",0
"Comoros",2017,"Anjouan Island","Pomoni","Mrojou",NA,"Partially Restricted","Community Reserve",NA,"tabular","ct",2.61,1.57,2,"HC","ct","-12.2440278","44.3556667","PIT","Dahari","Dahari","Reef flat",3.86
"Comoros",2017,"Anjouan Island","Pomoni","Mrojou",NA,"Partially Restricted","Community Reserve",NA,"encrusting","ce",10.46,1.21,2,"HC","ce","-12.2440278","44.3556667","PIT","Dahari","Dahari","Reef flat",2.95
"Comoros",2017,"Anjouan Island","Pomoni","Mrojou",NA,"Partially Restricted","Community Reserve",NA,"submassive","cs",0,0,2,"HC","cs","-12.2440278","44.3556667","PIT","Dahari","Dahari","Reef flat",0
"Comoros",2017,"Anjouan Island","Pomoni","Mrojou",NA,"Partially Restricted","Community Reserve",NA,"foliaceous","cf",0,0,2,"HC","cf","-12.2440278","44.3556667","PIT","Dahari","Dahari","Reef flat",0
"Comoros",2017,"Anjouan Island","Pomoni","Mrojou",NA,"Partially Restricted","Community Reserve",NA,"mushroom","mush",0,0,2,"HC","mush","-12.2440278","44.3556667","PIT","Dahari","Dahari","Reef flat",0
"Comoros",2017,"Anjouan Island","Pomoni","Mrojou",NA,"Partially Restricted","Community Reserve",NA,"Hydroids","Hydr",0,0,2,"INV","Hydr","-12.2440278","44.3556667","PIT","Dahari","Dahari","Reef flat",0
"Comoros",2017,"Anjouan Island","Pomoni","Mrojou",NA,"Partially Restricted","Community Reserve",NA,"Inverts-other","INV",1.96,0.51,1,"INV",NA,"-12.2440278","44.3556667","PIT","Dahari","Dahari","Reef flat",1.24
"Comoros",2017,"Anjouan Island","Pomoni","Mrojou",NA,"Partially Restricted","Community Reserve",NA,"Sponge","Spog",0,0,2,"INV","Spog","-12.2440278","44.3556667","PIT","Dahari","Dahari","Reef flat",0
"Comoros",2017,"Anjouan Island","Pomoni","Mrojou",NA,"Partially Restricted","Community Reserve",NA,"Algae-macro/fleshy","AMAC",8.5,2.61,1,"AMAC",NA,"-12.2440278","44.3556667","PIT","Dahari","Dahari","Reef flat",6.4
"Comoros",2017,"Anjouan Island","Pomoni","Mrojou",NA,"Partially Restricted","Community Reserve",NA,"Algae-turf","ATRF",33.01,3.3,1,"ATRF",NA,"-12.2440278","44.3556667","PIT","Dahari","Dahari","Reef flat",8.08
"Comoros",2017,"Anjouan Island","Pomoni","Mrojou",NA,"Partially Restricted","Community Reserve",NA,"Algae-Halimeda","AHAL",0,0,1,"AHAL",NA,"-12.2440278","44.3556667","PIT","Dahari","Dahari","Reef flat",0
"Comoros",2017,"Anjouan Island","Pomoni","Mrojou",NA,"Partially Restricted","Community Reserve",NA,"Algae-coralline","ACOR",9.48,1.99,1,"ACOR",NA,"-12.2440278","44.3556667","PIT","Dahari","Dahari","Reef flat",4.87
"Comoros",2017,"Anjouan Island","Pomoni","Mrojou",NA,"Partially Restricted","Community Reserve",NA,"Rubble","RUB",4.9,0.84,1,"RUB",NA,"-12.2440278","44.3556667","PIT","Dahari","Dahari","Reef flat",2.06
"Comoros",2017,"Anjouan Island","Pomoni","Mrojou",NA,"Partially Restricted","Community Reserve",NA,"Rock","RCK",0,0,1,"RCK",NA,"-12.2440278","44.3556667","PIT","Dahari","Dahari","Reef flat",0
"Comoros",2017,"Anjouan Island","Pomoni","Mrojou",NA,"Partially Restricted","Community Reserve",NA,"Sand","SND",5.23,2.56,1,"SND",NA,"-12.2440278","44.3556667","PIT","Dahari","Dahari","Reef flat",6.28
"Comoros",2017,"Anjouan Island","Pomoni","Mrojou",NA,"Partially Restricted","Community Reserve",NA,"Seagrass","SGR",0,0,1,"SGR",NA,"-12.2440278","44.3556667","PIT","Dahari","Dahari","Reef flat",0
"Comoros",2017,"Anjouan Island","Pomoni","Mrojou",NA,"Partially Restricted","Community Reserve",NA,"Recent Dead Coral","RDC",0.65,0.41,1,"RDC",NA,"-12.2440278","44.3556667","PIT","Dahari","Dahari","Reef flat",1.01
"Comoros",2018,"Anjouan Island","Pomoni","Mrojou",NA,"Partially Restricted","Community Reserve",NA,"massive","cm",13.01,1.77,2,"HC","cm","-12.2440278","44.3556667","PIT","Dahari","Dahari","Reef flat",5.32
"Comoros",2018,"Anjouan Island","Pomoni","Mrojou",NA,"Partially Restricted","Community Reserve",NA,"branching","cb",5.85,1.47,2,"HC","cb","-12.2440278","44.3556667","PIT","Dahari","Dahari","Reef flat",4.42
"Comoros",2018,"Anjouan Island","Pomoni","Mrojou",NA,"Partially Restricted","Community Reserve",NA,"digitate","cd",0,0,2,"HC","cd","-12.2440278","44.3556667","PIT","Dahari","Dahari","Reef flat",0
"Comoros",2018,"Anjouan Island","Pomoni","Mrojou",NA,"Partially Restricted","Community Reserve",NA,"tabular","ct",0.44,0.44,2,"HC","ct","-12.2440278","44.3556667","PIT","Dahari","Dahari","Reef flat",1.32
"Comoros",2018,"Anjouan Island","Pomoni","Mrojou",NA,"Partially Restricted","Community Reserve",NA,"encrusting","ce",8.77,0.98,2,"HC","ce","-12.2440278","44.3556667","PIT","Dahari","Dahari","Reef flat",2.94
"Comoros",2018,"Anjouan Island","Pomoni","Mrojou",NA,"Partially Restricted","Community Reserve",NA,"submassive","cs",0,0,2,"HC","cs","-12.2440278","44.3556667","PIT","Dahari","Dahari","Reef flat",0
"Comoros",2018,"Anjouan Island","Pomoni","Mrojou",NA,"Partially Restricted","Community Reserve",NA,"foliaceous","cf",0,0,2,"HC","cf","-12.2440278","44.3556667","PIT","Dahari","Dahari","Reef flat",0
"Comoros",2018,"Anjouan Island","Pomoni","Mrojou",NA,"Partially Restricted","Community Reserve",NA,"mushroom","mush",0,0,2,"HC","mush","-12.2440278","44.3556667","PIT","Dahari","Dahari","Reef flat",0
"Comoros",2018,"Anjouan Island","Pomoni","Mrojou",NA,"Partially Restricted","Community Reserve",NA,"Hydroids","Hydr",0,0,2,"INV","Hydr","-12.2440278","44.3556667","PIT","Dahari","Dahari","Reef flat",0
"Comoros",2018,"Anjouan Island","Pomoni","Mrojou",NA,"Partially Restricted","Community Reserve",NA,"Inverts-other","INV",0.44,0.22,1,"INV",NA,"-12.2440278","44.3556667","PIT","Dahari","Dahari","Reef flat",0.66
"Comoros",2018,"Anjouan Island","Pomoni","Mrojou",NA,"Partially Restricted","Community Reserve",NA,"Sponge","Spog",0,0,2,"INV","Spog","-12.2440278","44.3556667","PIT","Dahari","Dahari","Reef flat",0
"Comoros",2018,"Anjouan Island","Pomoni","Mrojou",NA,"Partially Restricted","Community Reserve",NA,"Algae-macro/fleshy","AMAC",6.73,2.41,1,"AMAC",NA,"-12.2440278","44.3556667","PIT","Dahari","Dahari","Reef flat",7.22
"Comoros",2018,"Anjouan Island","Pomoni","Mrojou",NA,"Partially Restricted","Community Reserve",NA,"Algae-turf","ATRF",35.96,4.2,1,"ATRF",NA,"-12.2440278","44.3556667","PIT","Dahari","Dahari","Reef flat",12.59
"Comoros",2018,"Anjouan Island","Pomoni","Mrojou",NA,"Partially Restricted","Community Reserve",NA,"Algae-Halimeda","AHAL",0,0,1,"AHAL",NA,"-12.2440278","44.3556667","PIT","Dahari","Dahari","Reef flat",0
"Comoros",2018,"Anjouan Island","Pomoni","Mrojou",NA,"Partially Restricted","Community Reserve",NA,"Algae-coralline","ACOR",16.81,3.05,1,"ACOR",NA,"-12.2440278","44.3556667","PIT","Dahari","Dahari","Reef flat",9.16
"Comoros",2018,"Anjouan Island","Pomoni","Mrojou",NA,"Partially Restricted","Community Reserve",NA,"Rubble","RUB",3.36,1.12,1,"RUB",NA,"-12.2440278","44.3556667","PIT","Dahari","Dahari","Reef flat",3.36
"Comoros",2018,"Anjouan Island","Pomoni","Mrojou",NA,"Partially Restricted","Community Reserve",NA,"Rock","RCK",4.09,1.53,1,"RCK",NA,"-12.2440278","44.3556667","PIT","Dahari","Dahari","Reef flat",4.58
"Comoros",2018,"Anjouan Island","Pomoni","Mrojou",NA,"Partially Restricted","Community Reserve",NA,"Sand","SND",4.53,1.58,1,"SND",NA,"-12.2440278","44.3556667","PIT","Dahari","Dahari","Reef flat",4.75
"Comoros",2018,"Anjouan Island","Pomoni","Mrojou",NA,"Partially Restricted","Community Reserve",NA,"Seagrass","SGR",0,0,1,"SGR",NA,"-12.2440278","44.3556667","PIT","Dahari","Dahari","Reef flat",0
"Comoros",2018,"Anjouan Island","Pomoni","Mrojou",NA,"Partially Restricted","Community Reserve",NA,"Recent Dead Coral","RDC",0,0,1,"RDC",NA,"-12.2440278","44.3556667","PIT","Dahari","Dahari","Reef flat",0
"Comoros",2018,"Anjouan Island","Pomoni","Mnadzijou",NA,"Partially Restricted","Community Reserve",NA,"massive","cm",7.02,2.24,2,"HC","cm","-12.242777","44.3497222","PIT","Dahari","Dahari","Reef flat",5.5
"Comoros",2018,"Anjouan Island","Pomoni","Mnadzijou",NA,"Partially Restricted","Community Reserve",NA,"branching","cb",5.48,1.29,2,"HC","cb","-12.242777","44.3497222","PIT","Dahari","Dahari","Reef flat",3.16
"Comoros",2018,"Anjouan Island","Pomoni","Mnadzijou",NA,"Partially Restricted","Community Reserve",NA,"digitate","cd",0,0,2,"HC","cd","-12.242777","44.3497222","PIT","Dahari","Dahari","Reef flat",0
"Comoros",2018,"Anjouan Island","Pomoni","Mnadzijou",NA,"Partially Restricted","Community Reserve",NA,"tabular","ct",3.73,1.33,2,"HC","ct","-12.242777","44.3497222","PIT","Dahari","Dahari","Reef flat",3.27
"Comoros",2018,"Anjouan Island","Pomoni","Mnadzijou",NA,"Partially Restricted","Community Reserve",NA,"encrusting","ce",12.06,1.42,2,"HC","ce","-12.242777","44.3497222","PIT","Dahari","Dahari","Reef flat",3.47
"Comoros",2018,"Anjouan Island","Pomoni","Mnadzijou",NA,"Partially Restricted","Community Reserve",NA,"submassive","cs",0,0,2,"HC","cs","-12.242777","44.3497222","PIT","Dahari","Dahari","Reef flat",0
"Comoros",2018,"Anjouan Island","Pomoni","Mnadzijou",NA,"Partially Restricted","Community Reserve",NA,"foliaceous","cf",0,0,2,"HC","cf","-12.242777","44.3497222","PIT","Dahari","Dahari","Reef flat",0
"Comoros",2018,"Anjouan Island","Pomoni","Mnadzijou",NA,"Partially Restricted","Community Reserve",NA,"mushroom","mush",0,0,2,"HC","mush","-12.242777","44.3497222","PIT","Dahari","Dahari","Reef flat",0
"Comoros",2018,"Anjouan Island","Pomoni","Mnadzijou",NA,"Partially Restricted","Community Reserve",NA,"Hydroids","Hydr",0,0,2,"INV","Hydr","-12.242777","44.3497222","PIT","Dahari","Dahari","Reef flat",0
"Comoros",2018,"Anjouan Island","Pomoni","Mnadzijou",NA,"Partially Restricted","Community Reserve",NA,"Inverts-other","INV",1.32,0.34,1,"INV",NA,"-12.242777","44.3497222","PIT","Dahari","Dahari","Reef flat",0.83
"Comoros",2018,"Anjouan Island","Pomoni","Mnadzijou",NA,"Partially Restricted","Community Reserve",NA,"Sponge","Spog",0,0,2,"INV","Spog","-12.242777","44.3497222","PIT","Dahari","Dahari","Reef flat",0
"Comoros",2018,"Anjouan Island","Pomoni","Mnadzijou",NA,"Partially Restricted","Community Reserve",NA,"Algae-macro/fleshy","AMAC",4.39,1.62,1,"AMAC",NA,"-12.242777","44.3497222","PIT","Dahari","Dahari","Reef flat",3.96
"Comoros",2018,"Anjouan Island","Pomoni","Mnadzijou",NA,"Partially Restricted","Community Reserve",NA,"Algae-turf","ATRF",35.53,2.59,1,"ATRF",NA,"-12.242777","44.3497222","PIT","Dahari","Dahari","Reef flat",6.34
"Comoros",2018,"Anjouan Island","Pomoni","Mnadzijou",NA,"Partially Restricted","Community Reserve",NA,"Algae-Halimeda","AHAL",0,0,1,"AHAL",NA,"-12.242777","44.3497222","PIT","Dahari","Dahari","Reef flat",0
"Comoros",2018,"Anjouan Island","Pomoni","Mnadzijou",NA,"Partially Restricted","Community Reserve",NA,"Algae-coralline","ACOR",12.94,1.24,1,"ACOR",NA,"-12.242777","44.3497222","PIT","Dahari","Dahari","Reef flat",3.05
"Comoros",2018,"Anjouan Island","Pomoni","Mnadzijou",NA,"Partially Restricted","Community Reserve",NA,"Rubble","RUB",9.43,1.04,1,"RUB",NA,"-12.242777","44.3497222","PIT","Dahari","Dahari","Reef flat",2.55
"Comoros",2018,"Anjouan Island","Pomoni","Mnadzijou",NA,"Partially Restricted","Community Reserve",NA,"Rock","RCK",2.41,0.53,1,"RCK",NA,"-12.242777","44.3497222","PIT","Dahari","Dahari","Reef flat",1.29
"Comoros",2018,"Anjouan Island","Pomoni","Mnadzijou",NA,"Partially Restricted","Community Reserve",NA,"Sand","SND",5.7,1.34,1,"SND",NA,"-12.242777","44.3497222","PIT","Dahari","Dahari","Reef flat",3.29
"Comoros",2018,"Anjouan Island","Pomoni","Mnadzijou",NA,"Partially Restricted","Community Reserve",NA,"Seagrass","SGR",0,0,1,"SGR",NA,"-12.242777","44.3497222","PIT","Dahari","Dahari","Reef flat",0
"Comoros",2018,"Anjouan Island","Pomoni","Mnadzijou",NA,"Partially Restricted","Community Reserve",NA,"Recent Dead Coral","RDC",0,0,1,"RDC",NA,"-12.242777","44.3497222","PIT","Dahari","Dahari","Reef flat",0
"Comoros",2018,"Anjouan Island","Pomoni","Madjibaridi",NA,"Partially Restricted","Community Reserve",NA,"massive","cm",7.02,1.58,2,"HC","cm","-12.2433333","44.34805556","PIT","Dahari","Dahari","Reef flat",3.87
"Comoros",2018,"Anjouan Island","Pomoni","Madjibaridi",NA,"Partially Restricted","Community Reserve",NA,"branching","cb",11.18,5.14,2,"HC","cb","-12.2433333","44.34805556","PIT","Dahari","Dahari","Reef flat",12.59
"Comoros",2018,"Anjouan Island","Pomoni","Madjibaridi",NA,"Partially Restricted","Community Reserve",NA,"digitate","cd",0,0,2,"HC","cd","-12.2433333","44.34805556","PIT","Dahari","Dahari","Reef flat",0
"Comoros",2018,"Anjouan Island","Pomoni","Madjibaridi",NA,"Partially Restricted","Community Reserve",NA,"tabular","ct",0.22,0.22,2,"HC","ct","-12.2433333","44.34805556","PIT","Dahari","Dahari","Reef flat",0.54
"Comoros",2018,"Anjouan Island","Pomoni","Madjibaridi",NA,"Partially Restricted","Community Reserve",NA,"encrusting","ce",4.17,0.93,2,"HC","ce","-12.2433333","44.34805556","PIT","Dahari","Dahari","Reef flat",2.27
"Comoros",2018,"Anjouan Island","Pomoni","Madjibaridi",NA,"Partially Restricted","Community Reserve",NA,"submassive","cs",0,0,2,"HC","cs","-12.2433333","44.34805556","PIT","Dahari","Dahari","Reef flat",0
"Comoros",2018,"Anjouan Island","Pomoni","Madjibaridi",NA,"Partially Restricted","Community Reserve",NA,"foliaceous","cf",0,0,2,"HC","cf","-12.2433333","44.34805556","PIT","Dahari","Dahari","Reef flat",0
"Comoros",2018,"Anjouan Island","Pomoni","Madjibaridi",NA,"Partially Restricted","Community Reserve",NA,"mushroom","mush",0,0,2,"HC","mush","-12.2433333","44.34805556","PIT","Dahari","Dahari","Reef flat",0
"Comoros",2018,"Anjouan Island","Pomoni","Madjibaridi",NA,"Partially Restricted","Community Reserve",NA,"Hydroids","Hydr",0,0,2,"INV","Hydr","-12.2433333","44.34805556","PIT","Dahari","Dahari","Reef flat",0
"Comoros",2018,"Anjouan Island","Pomoni","Madjibaridi",NA,"Partially Restricted","Community Reserve",NA,"Inverts-other","INV",1.75,0.55,1,"INV",NA,"-12.2433333","44.34805556","PIT","Dahari","Dahari","Reef flat",1.36
"Comoros",2018,"Anjouan Island","Pomoni","Madjibaridi",NA,"Partially Restricted","Community Reserve",NA,"Sponge","Spog",0.44,0.28,2,"INV","Spog","-12.2433333","44.34805556","PIT","Dahari","Dahari","Reef flat",0.68
"Comoros",2018,"Anjouan Island","Pomoni","Madjibaridi",NA,"Partially Restricted","Community Reserve",NA,"Algae-macro/fleshy","AMAC",3.95,0.68,1,"AMAC",NA,"-12.2433333","44.34805556","PIT","Dahari","Dahari","Reef flat",1.66
"Comoros",2018,"Anjouan Island","Pomoni","Madjibaridi",NA,"Partially Restricted","Community Reserve",NA,"Algae-turf","ATRF",23.68,4.57,1,"ATRF",NA,"-12.2433333","44.34805556","PIT","Dahari","Dahari","Reef flat",11.2
"Comoros",2018,"Anjouan Island","Pomoni","Madjibaridi",NA,"Partially Restricted","Community Reserve",NA,"Algae-Halimeda","AHAL",0,0,1,"AHAL",NA,"-12.2433333","44.34805556","PIT","Dahari","Dahari","Reef flat",0
"Comoros",2018,"Anjouan Island","Pomoni","Madjibaridi",NA,"Partially Restricted","Community Reserve",NA,"Algae-coralline","ACOR",9.87,1.55,1,"ACOR",NA,"-12.2433333","44.34805556","PIT","Dahari","Dahari","Reef flat",3.79
"Comoros",2018,"Anjouan Island","Pomoni","Madjibaridi",NA,"Partially Restricted","Community Reserve",NA,"Rubble","RUB",24.78,4.6,1,"RUB",NA,"-12.2433333","44.34805556","PIT","Dahari","Dahari","Reef flat",11.27
"Comoros",2018,"Anjouan Island","Pomoni","Madjibaridi",NA,"Partially Restricted","Community Reserve",NA,"Rock","RCK",3.07,1.06,1,"RCK",NA,"-12.2433333","44.34805556","PIT","Dahari","Dahari","Reef flat",2.59
"Comoros",2018,"Anjouan Island","Pomoni","Madjibaridi",NA,"Partially Restricted","Community Reserve",NA,"Sand","SND",9.87,1.88,1,"SND",NA,"-12.2433333","44.34805556","PIT","Dahari","Dahari","Reef flat",4.61
"Comoros",2018,"Anjouan Island","Pomoni","Madjibaridi",NA,"Partially Restricted","Community Reserve",NA,"Seagrass","SGR",0,0,1,"SGR",NA,"-12.2433333","44.34805556","PIT","Dahari","Dahari","Reef flat",0
"Comoros",2018,"Anjouan Island","Pomoni","Madjibaridi",NA,"Partially Restricted","Community Reserve",NA,"Recent Dead Coral","RDC",0,0,1,"RDC",NA,"-12.2433333","44.34805556","PIT","Dahari","Dahari","Reef flat",0
"Comoros",2018,"Anjouan Island","Pomoni","Hamare_01",NA,"Partially Restricted","Community Reserve",NA,"massive","cm",5.92,1.51,2,"HC","cm","-12.240493","44.334006","PIT","Dahari","Dahari","Reef flat",3.7
"Comoros",2018,"Anjouan Island","Pomoni","Hamare_01",NA,"Partially Restricted","Community Reserve",NA,"branching","cb",14.25,4.28,2,"HC","cb","-12.240493","44.334006","PIT","Dahari","Dahari","Reef flat",10.47
"Comoros",2018,"Anjouan Island","Pomoni","Hamare_01",NA,"Partially Restricted","Community Reserve",NA,"digitate","cd",0,0,2,"HC","cd","-12.240493","44.334006","PIT","Dahari","Dahari","Reef flat",0
"Comoros",2018,"Anjouan Island","Pomoni","Hamare_01",NA,"Partially Restricted","Community Reserve",NA,"tabular","ct",0.66,0.29,2,"HC","ct","-12.240493","44.334006","PIT","Dahari","Dahari","Reef flat",0.72
"Comoros",2018,"Anjouan Island","Pomoni","Hamare_01",NA,"Partially Restricted","Community Reserve",NA,"encrusting","ce",3.51,2,2,"HC","ce","-12.240493","44.334006","PIT","Dahari","Dahari","Reef flat",4.9
"Comoros",2018,"Anjouan Island","Pomoni","Hamare_01",NA,"Partially Restricted","Community Reserve",NA,"submassive","cs",0,0,2,"HC","cs","-12.240493","44.334006","PIT","Dahari","Dahari","Reef flat",0
"Comoros",2018,"Anjouan Island","Pomoni","Hamare_01",NA,"Partially Restricted","Community Reserve",NA,"foliaceous","cf",0,0,2,"HC","cf","-12.240493","44.334006","PIT","Dahari","Dahari","Reef flat",0
"Comoros",2018,"Anjouan Island","Pomoni","Hamare_01",NA,"Partially Restricted","Community Reserve",NA,"mushroom","mush",0,0,2,"HC","mush","-12.240493","44.334006","PIT","Dahari","Dahari","Reef flat",0
"Comoros",2018,"Anjouan Island","Pomoni","Hamare_01",NA,"Partially Restricted","Community Reserve",NA,"Hydroids","Hydr",0,0,2,"INV","Hydr","-12.240493","44.334006","PIT","Dahari","Dahari","Reef flat",0
"Comoros",2018,"Anjouan Island","Pomoni","Hamare_01",NA,"Partially Restricted","Community Reserve",NA,"Inverts-other","INV",0.66,0.29,1,"INV",NA,"-12.240493","44.334006","PIT","Dahari","Dahari","Reef flat",0.72
"Comoros",2018,"Anjouan Island","Pomoni","Hamare_01",NA,"Partially Restricted","Community Reserve",NA,"Sponge","Spog",0,0,2,"INV","Spog","-12.240493","44.334006","PIT","Dahari","Dahari","Reef flat",0
"Comoros",2018,"Anjouan Island","Pomoni","Hamare_01",NA,"Partially Restricted","Community Reserve",NA,"Algae-macro/fleshy","AMAC",10.75,2.87,1,"AMAC",NA,"-12.240493","44.334006","PIT","Dahari","Dahari","Reef flat",7.03
"Comoros",2018,"Anjouan Island","Pomoni","Hamare_01",NA,"Partially Restricted","Community Reserve",NA,"Algae-turf","ATRF",30.92,4.68,1,"ATRF",NA,"-12.240493","44.334006","PIT","Dahari","Dahari","Reef flat",11.46
"Comoros",2018,"Anjouan Island","Pomoni","Hamare_01",NA,"Partially Restricted","Community Reserve",NA,"Algae-Halimeda","AHAL",0,0,1,"AHAL",NA,"-12.240493","44.334006","PIT","Dahari","Dahari","Reef flat",0
"Comoros",2018,"Anjouan Island","Pomoni","Hamare_01",NA,"Partially Restricted","Community Reserve",NA,"Algae-coralline","ACOR",11.84,1.98,1,"ACOR",NA,"-12.240493","44.334006","PIT","Dahari","Dahari","Reef flat",4.85
"Comoros",2018,"Anjouan Island","Pomoni","Hamare_01",NA,"Partially Restricted","Community Reserve",NA,"Rubble","RUB",16.01,4.97,1,"RUB",NA,"-12.240493","44.334006","PIT","Dahari","Dahari","Reef flat",12.19
"Comoros",2018,"Anjouan Island","Pomoni","Hamare_01",NA,"Partially Restricted","Community Reserve",NA,"Rock","RCK",2.19,0.65,1,"RCK",NA,"-12.240493","44.334006","PIT","Dahari","Dahari","Reef flat",1.59
"Comoros",2018,"Anjouan Island","Pomoni","Hamare_01",NA,"Partially Restricted","Community Reserve",NA,"Sand","SND",1.75,0.65,1,"SND",NA,"-12.240493","44.334006","PIT","Dahari","Dahari","Reef flat",1.59
"Comoros",2018,"Anjouan Island","Pomoni","Hamare_01",NA,"Partially Restricted","Community Reserve",NA,"Seagrass","SGR",0,0,1,"SGR",NA,"-12.240493","44.334006","PIT","Dahari","Dahari","Reef flat",0
"Comoros",2018,"Anjouan Island","Pomoni","Hamare_01",NA,"Partially Restricted","Community Reserve",NA,"Recent Dead Coral","RDC",1.54,0.86,1,"RDC",NA,"-12.240493","44.334006","PIT","Dahari","Dahari","Reef flat",2.11
"Comoros",2018,"Anjouan Island","Pomoni","Hamare_02",NA,"Partially Restricted","Community Reserve",NA,"massive","cm",10.53,3.48,2,"HC","cm","-12.241253","44.333174","PIT","Dahari","Dahari","Forereef",6.03
"Comoros",2018,"Anjouan Island","Pomoni","Hamare_02",NA,"Partially Restricted","Community Reserve",NA,"branching","cb",8.77,2.44,2,"HC","cb","-12.241253","44.333174","PIT","Dahari","Dahari","Forereef",4.23
"Comoros",2018,"Anjouan Island","Pomoni","Hamare_02",NA,"Partially Restricted","Community Reserve",NA,"digitate","cd",0,0,2,"HC","cd","-12.241253","44.333174","PIT","Dahari","Dahari","Forereef",0
"Comoros",2018,"Anjouan Island","Pomoni","Hamare_02",NA,"Partially Restricted","Community Reserve",NA,"tabular","ct",8.77,3.07,2,"HC","ct","-12.241253","44.333174","PIT","Dahari","Dahari","Forereef",5.32
"Comoros",2018,"Anjouan Island","Pomoni","Hamare_02",NA,"Partially Restricted","Community Reserve",NA,"encrusting","ce",19.74,6.62,2,"HC","ce","-12.241253","44.333174","PIT","Dahari","Dahari","Forereef",11.47
"Comoros",2018,"Anjouan Island","Pomoni","Hamare_02",NA,"Partially Restricted","Community Reserve",NA,"submassive","cs",0,0,2,"HC","cs","-12.241253","44.333174","PIT","Dahari","Dahari","Forereef",0
"Comoros",2018,"Anjouan Island","Pomoni","Hamare_02",NA,"Partially Restricted","Community Reserve",NA,"foliaceous","cf",0,0,2,"HC","cf","-12.241253","44.333174","PIT","Dahari","Dahari","Forereef",0
"Comoros",2018,"Anjouan Island","Pomoni","Hamare_02",NA,"Partially Restricted","Community Reserve",NA,"mushroom","mush",0,0,2,"HC","mush","-12.241253","44.333174","PIT","Dahari","Dahari","Forereef",0
"Comoros",2018,"Anjouan Island","Pomoni","Hamare_02",NA,"Partially Restricted","Community Reserve",NA,"Hydroids","Hydr",0,0,2,"INV","Hydr","-12.241253","44.333174","PIT","Dahari","Dahari","Forereef",0
"Comoros",2018,"Anjouan Island","Pomoni","Hamare_02",NA,"Partially Restricted","Community Reserve",NA,"Inverts-other","INV",1.75,0.44,1,"INV",NA,"-12.241253","44.333174","PIT","Dahari","Dahari","Forereef",0.76
"Comoros",2018,"Anjouan Island","Pomoni","Hamare_02",NA,"Partially Restricted","Community Reserve",NA,"Sponge","Spog",0,0,2,"INV","Spog","-12.241253","44.333174","PIT","Dahari","Dahari","Forereef",0
"Comoros",2018,"Anjouan Island","Pomoni","Hamare_02",NA,"Partially Restricted","Community Reserve",NA,"Algae-macro/fleshy","AMAC",0.44,0.44,1,"AMAC",NA,"-12.241253","44.333174","PIT","Dahari","Dahari","Forereef",0.76
"Comoros",2018,"Anjouan Island","Pomoni","Hamare_02",NA,"Partially Restricted","Community Reserve",NA,"Algae-turf","ATRF",23.25,4.94,1,"ATRF",NA,"-12.241253","44.333174","PIT","Dahari","Dahari","Forereef",8.56
"Comoros",2018,"Anjouan Island","Pomoni","Hamare_02",NA,"Partially Restricted","Community Reserve",NA,"Algae-Halimeda","AHAL",0,0,1,"AHAL",NA,"-12.241253","44.333174","PIT","Dahari","Dahari","Forereef",0
"Comoros",2018,"Anjouan Island","Pomoni","Hamare_02",NA,"Partially Restricted","Community Reserve",NA,"Algae-coralline","ACOR",25,3.8,1,"ACOR",NA,"-12.241253","44.333174","PIT","Dahari","Dahari","Forereef",6.58
"Comoros",2018,"Anjouan Island","Pomoni","Hamare_02",NA,"Partially Restricted","Community Reserve",NA,"Rubble","RUB",0.88,0.44,1,"RUB",NA,"-12.241253","44.333174","PIT","Dahari","Dahari","Forereef",0.76
"Comoros",2018,"Anjouan Island","Pomoni","Hamare_02",NA,"Partially Restricted","Community Reserve",NA,"Rock","RCK",0,0,1,"RCK",NA,"-12.241253","44.333174","PIT","Dahari","Dahari","Forereef",0
"Comoros",2018,"Anjouan Island","Pomoni","Hamare_02",NA,"Partially Restricted","Community Reserve",NA,"Sand","SND",0,0,1,"SND",NA,"-12.241253","44.333174","PIT","Dahari","Dahari","Forereef",0
"Comoros",2018,"Anjouan Island","Pomoni","Hamare_02",NA,"Partially Restricted","Community Reserve",NA,"Seagrass","SGR",0,0,1,"SGR",NA,"-12.241253","44.333174","PIT","Dahari","Dahari","Forereef",0
"Comoros",2018,"Anjouan Island","Pomoni","Hamare_02",NA,"Partially Restricted","Community Reserve",NA,"Recent Dead Coral","RDC",0.88,0.44,1,"RDC",NA,"-12.241253","44.333174","PIT","Dahari","Dahari","Forereef",0.76
"Comoros",2018,"Anjouan Island","Pomoni","Mabamboni",NA,"Partially Restricted","Community Reserve",NA,"massive","cm",9.21,1.52,2,"HC","cm","-12.244921","44.329091","PIT","Dahari","Dahari","Forereef",2.63
"Comoros",2018,"Anjouan Island","Pomoni","Mabamboni",NA,"Partially Restricted","Community Reserve",NA,"branching","cb",10.53,2.63,2,"HC","cb","-12.244921","44.329091","PIT","Dahari","Dahari","Forereef",4.56
"Comoros",2018,"Anjouan Island","Pomoni","Mabamboni",NA,"Partially Restricted","Community Reserve",NA,"digitate","cd",0,0,2,"HC","cd","-12.244921","44.329091","PIT","Dahari","Dahari","Forereef",0
"Comoros",2018,"Anjouan Island","Pomoni","Mabamboni",NA,"Partially Restricted","Community Reserve",NA,"tabular","ct",6.58,3.04,2,"HC","ct","-12.244921","44.329091","PIT","Dahari","Dahari","Forereef",5.26
"Comoros",2018,"Anjouan Island","Pomoni","Mabamboni",NA,"Partially Restricted","Community Reserve",NA,"encrusting","ce",9.65,1.91,2,"HC","ce","-12.244921","44.329091","PIT","Dahari","Dahari","Forereef",3.31
"Comoros",2018,"Anjouan Island","Pomoni","Mabamboni",NA,"Partially Restricted","Community Reserve",NA,"submassive","cs",0,0,2,"HC","cs","-12.244921","44.329091","PIT","Dahari","Dahari","Forereef",0
"Comoros",2018,"Anjouan Island","Pomoni","Mabamboni",NA,"Partially Restricted","Community Reserve",NA,"foliaceous","cf",0,0,2,"HC","cf","-12.244921","44.329091","PIT","Dahari","Dahari","Forereef",0
"Comoros",2018,"Anjouan Island","Pomoni","Mabamboni",NA,"Partially Restricted","Community Reserve",NA,"mushroom","mush",0,0,2,"HC","mush","-12.244921","44.329091","PIT","Dahari","Dahari","Forereef",0
"Comoros",2018,"Anjouan Island","Pomoni","Mabamboni",NA,"Partially Restricted","Community Reserve",NA,"Hydroids","Hydr",0,0,2,"INV","Hydr","-12.244921","44.329091","PIT","Dahari","Dahari","Forereef",0
"Comoros",2018,"Anjouan Island","Pomoni","Mabamboni",NA,"Partially Restricted","Community Reserve",NA,"Inverts-other","INV",1.75,0.44,1,"INV",NA,"-12.244921","44.329091","PIT","Dahari","Dahari","Forereef",0.76
"Comoros",2018,"Anjouan Island","Pomoni","Mabamboni",NA,"Partially Restricted","Community Reserve",NA,"Sponge","Spog",0,0,2,"INV","Spog","-12.244921","44.329091","PIT","Dahari","Dahari","Forereef",0
"Comoros",2018,"Anjouan Island","Pomoni","Mabamboni",NA,"Partially Restricted","Community Reserve",NA,"Algae-macro/fleshy","AMAC",2.19,0.44,1,"AMAC",NA,"-12.244921","44.329091","PIT","Dahari","Dahari","Forereef",0.76
"Comoros",2018,"Anjouan Island","Pomoni","Mabamboni",NA,"Partially Restricted","Community Reserve",NA,"Algae-turf","ATRF",39.91,0.44,1,"ATRF",NA,"-12.244921","44.329091","PIT","Dahari","Dahari","Forereef",0.76
"Comoros",2018,"Anjouan Island","Pomoni","Mabamboni",NA,"Partially Restricted","Community Reserve",NA,"Algae-Halimeda","AHAL",0,0,1,"AHAL",NA,"-12.244921","44.329091","PIT","Dahari","Dahari","Forereef",0
"Comoros",2018,"Anjouan Island","Pomoni","Mabamboni",NA,"Partially Restricted","Community Reserve",NA,"Algae-coralline","ACOR",12.72,3.82,1,"ACOR",NA,"-12.244921","44.329091","PIT","Dahari","Dahari","Forereef",6.62
"Comoros",2018,"Anjouan Island","Pomoni","Mabamboni",NA,"Partially Restricted","Community Reserve",NA,"Rubble","RUB",3.07,1.91,1,"RUB",NA,"-12.244921","44.329091","PIT","Dahari","Dahari","Forereef",3.31
"Comoros",2018,"Anjouan Island","Pomoni","Mabamboni",NA,"Partially Restricted","Community Reserve",NA,"Rock","RCK",4.39,1.16,1,"RCK",NA,"-12.244921","44.329091","PIT","Dahari","Dahari","Forereef",2.01
"Comoros",2018,"Anjouan Island","Pomoni","Mabamboni",NA,"Partially Restricted","Community Reserve",NA,"Sand","SND",0,0,1,"SND",NA,"-12.244921","44.329091","PIT","Dahari","Dahari","Forereef",0
"Comoros",2018,"Anjouan Island","Pomoni","Mabamboni",NA,"Partially Restricted","Community Reserve",NA,"Seagrass","SGR",0,0,1,"SGR",NA,"-12.244921","44.329091","PIT","Dahari","Dahari","Forereef",0
"Comoros",2018,"Anjouan Island","Pomoni","Mabamboni",NA,"Partially Restricted","Community Reserve",NA,"Recent Dead Coral","RDC",0,0,1,"RDC",NA,"-12.244921","44.329091","PIT","Dahari","Dahari","Forereef",0
"Comoros",2018,"Anjouan Island","Pomoni","Dzindri Yantsini",NA,"Partially Restricted","Community Reserve",NA,"massive","cm",10.09,0.88,2,"HC","cm","-12.249128","44.350077","PIT","Dahari","Dahari","Forereef",1.52
"Comoros",2018,"Anjouan Island","Pomoni","Dzindri Yantsini",NA,"Partially Restricted","Community Reserve",NA,"branching","cb",21.93,5.5,2,"HC","cb","-12.249128","44.350077","PIT","Dahari","Dahari","Forereef",9.52
"Comoros",2018,"Anjouan Island","Pomoni","Dzindri Yantsini",NA,"Partially Restricted","Community Reserve",NA,"digitate","cd",0,0,2,"HC","cd","-12.249128","44.350077","PIT","Dahari","Dahari","Forereef",0
"Comoros",2018,"Anjouan Island","Pomoni","Dzindri Yantsini",NA,"Partially Restricted","Community Reserve",NA,"tabular","ct",3.07,1.91,2,"HC","ct","-12.249128","44.350077","PIT","Dahari","Dahari","Forereef",3.31
"Comoros",2018,"Anjouan Island","Pomoni","Dzindri Yantsini",NA,"Partially Restricted","Community Reserve",NA,"encrusting","ce",7.02,1.91,2,"HC","ce","-12.249128","44.350077","PIT","Dahari","Dahari","Forereef",3.31
"Comoros",2018,"Anjouan Island","Pomoni","Dzindri Yantsini",NA,"Partially Restricted","Community Reserve",NA,"submassive","cs",0,0,2,"HC","cs","-12.249128","44.350077","PIT","Dahari","Dahari","Forereef",0
"Comoros",2018,"Anjouan Island","Pomoni","Dzindri Yantsini",NA,"Partially Restricted","Community Reserve",NA,"foliaceous","cf",0,0,2,"HC","cf","-12.249128","44.350077","PIT","Dahari","Dahari","Forereef",0
"Comoros",2018,"Anjouan Island","Pomoni","Dzindri Yantsini",NA,"Partially Restricted","Community Reserve",NA,"mushroom","mush",0,0,2,"HC","mush","-12.249128","44.350077","PIT","Dahari","Dahari","Forereef",0
"Comoros",2018,"Anjouan Island","Pomoni","Dzindri Yantsini",NA,"Partially Restricted","Community Reserve",NA,"Hydroids","Hydr",0,0,2,"INV","Hydr","-12.249128","44.350077","PIT","Dahari","Dahari","Forereef",0
"Comoros",2018,"Anjouan Island","Pomoni","Dzindri Yantsini",NA,"Partially Restricted","Community Reserve",NA,"Inverts-other","INV",0.44,0.44,1,"INV",NA,"-12.249128","44.350077","PIT","Dahari","Dahari","Forereef",0.76
"Comoros",2018,"Anjouan Island","Pomoni","Dzindri Yantsini",NA,"Partially Restricted","Community Reserve",NA,"Sponge","Spog",0.88,0.44,2,"INV","Spog","-12.249128","44.350077","PIT","Dahari","Dahari","Forereef",0.76
"Comoros",2018,"Anjouan Island","Pomoni","Dzindri Yantsini",NA,"Partially Restricted","Community Reserve",NA,"Algae-macro/fleshy","AMAC",3.07,1.16,1,"AMAC",NA,"-12.249128","44.350077","PIT","Dahari","Dahari","Forereef",2.01
"Comoros",2018,"Anjouan Island","Pomoni","Dzindri Yantsini",NA,"Partially Restricted","Community Reserve",NA,"Algae-turf","ATRF",29.82,7.3,1,"ATRF",NA,"-12.249128","44.350077","PIT","Dahari","Dahari","Forereef",12.64
"Comoros",2018,"Anjouan Island","Pomoni","Dzindri Yantsini",NA,"Partially Restricted","Community Reserve",NA,"Algae-Halimeda","AHAL",0,0,1,"AHAL",NA,"-12.249128","44.350077","PIT","Dahari","Dahari","Forereef",0
"Comoros",2018,"Anjouan Island","Pomoni","Dzindri Yantsini",NA,"Partially Restricted","Community Reserve",NA,"Algae-coralline","ACOR",19.3,0.44,1,"ACOR",NA,"-12.249128","44.350077","PIT","Dahari","Dahari","Forereef",0.76
"Comoros",2018,"Anjouan Island","Pomoni","Dzindri Yantsini",NA,"Partially Restricted","Community Reserve",NA,"Rubble","RUB",2.19,0.88,1,"RUB",NA,"-12.249128","44.350077","PIT","Dahari","Dahari","Forereef",1.52
"Comoros",2018,"Anjouan Island","Pomoni","Dzindri Yantsini",NA,"Partially Restricted","Community Reserve",NA,"Rock","RCK",1.32,0.76,1,"RCK",NA,"-12.249128","44.350077","PIT","Dahari","Dahari","Forereef",1.32
"Comoros",2018,"Anjouan Island","Pomoni","Dzindri Yantsini",NA,"Partially Restricted","Community Reserve",NA,"Sand","SND",0,0,1,"SND",NA,"-12.249128","44.350077","PIT","Dahari","Dahari","Forereef",0
"Comoros",2018,"Anjouan Island","Pomoni","Dzindri Yantsini",NA,"Partially Restricted","Community Reserve",NA,"Seagrass","SGR",0,0,1,"SGR",NA,"-12.249128","44.350077","PIT","Dahari","Dahari","Forereef",0
"Comoros",2018,"Anjouan Island","Pomoni","Dzindri Yantsini",NA,"Partially Restricted","Community Reserve",NA,"Recent Dead Coral","RDC",0.88,0.88,1,"RDC",NA,"-12.249128","44.350077","PIT","Dahari","Dahari","Forereef",1.52
"Comoros",2019,"Anjouan Island","Pomoni","Hamare_02",NA,"Partially Restricted","Community Reserve",NA,"massive","cm",9.65,3.59,2,"HC","cm","-12.241253","44.333174","PIT","Dahari","Dahari","Forereef",6.22
"Comoros",2019,"Anjouan Island","Pomoni","Hamare_02",NA,"Partially Restricted","Community Reserve",NA,"branching","cb",17.98,5.39,2,"HC","cb","-12.241253","44.333174","PIT","Dahari","Dahari","Forereef",9.33
"Comoros",2019,"Anjouan Island","Pomoni","Hamare_02",NA,"Partially Restricted","Community Reserve",NA,"digitate","cd",0,0,2,"HC","cd","-12.241253","44.333174","PIT","Dahari","Dahari","Forereef",0
"Comoros",2019,"Anjouan Island","Pomoni","Hamare_02",NA,"Partially Restricted","Community Reserve",NA,"tabular","ct",4.39,1.58,2,"HC","ct","-12.241253","44.333174","PIT","Dahari","Dahari","Forereef",2.74
"Comoros",2019,"Anjouan Island","Pomoni","Hamare_02",NA,"Partially Restricted","Community Reserve",NA,"encrusting","ce",21.49,3.16,2,"HC","ce","-12.241253","44.333174","PIT","Dahari","Dahari","Forereef",5.48
"Comoros",2019,"Anjouan Island","Pomoni","Hamare_02",NA,"Partially Restricted","Community Reserve",NA,"submassive","cs",0,0,2,"HC","cs","-12.241253","44.333174","PIT","Dahari","Dahari","Forereef",0
"Comoros",2019,"Anjouan Island","Pomoni","Hamare_02",NA,"Partially Restricted","Community Reserve",NA,"foliaceous","cf",0,0,2,"HC","cf","-12.241253","44.333174","PIT","Dahari","Dahari","Forereef",0
"Comoros",2019,"Anjouan Island","Pomoni","Hamare_02",NA,"Partially Restricted","Community Reserve",NA,"mushroom","mush",0,0,2,"HC","mush","-12.241253","44.333174","PIT","Dahari","Dahari","Forereef",0
"Comoros",2019,"Anjouan Island","Pomoni","Hamare_02",NA,"Partially Restricted","Community Reserve",NA,"Hydroids","Hydr",0,0,2,"INV","Hydr","-12.241253","44.333174","PIT","Dahari","Dahari","Forereef",0
"Comoros",2019,"Anjouan Island","Pomoni","Hamare_02",NA,"Partially Restricted","Community Reserve",NA,"Inverts-other","INV",5.26,2.74,1,"INV",NA,"-12.241253","44.333174","PIT","Dahari","Dahari","Forereef",4.74
"Comoros",2019,"Anjouan Island","Pomoni","Hamare_02",NA,"Partially Restricted","Community Reserve",NA,"Sponge","Spog",0.44,0.44,2,"INV","Spog","-12.241253","44.333174","PIT","Dahari","Dahari","Forereef",0.76
"Comoros",2019,"Anjouan Island","Pomoni","Hamare_02",NA,"Partially Restricted","Community Reserve",NA,"Algae-macro/fleshy","AMAC",0.88,0.88,1,"AMAC",NA,"-12.241253","44.333174","PIT","Dahari","Dahari","Forereef",1.52
"Comoros",2019,"Anjouan Island","Pomoni","Hamare_02",NA,"Partially Restricted","Community Reserve",NA,"Algae-turf","ATRF",16.67,1.91,1,"ATRF",NA,"-12.241253","44.333174","PIT","Dahari","Dahari","Forereef",3.31
"Comoros",2019,"Anjouan Island","Pomoni","Hamare_02",NA,"Partially Restricted","Community Reserve",NA,"Algae-Halimeda","AHAL",0,0,1,"AHAL",NA,"-12.241253","44.333174","PIT","Dahari","Dahari","Forereef",0
"Comoros",2019,"Anjouan Island","Pomoni","Hamare_02",NA,"Partially Restricted","Community Reserve",NA,"Algae-coralline","ACOR",21.49,5.06,1,"ACOR",NA,"-12.241253","44.333174","PIT","Dahari","Dahari","Forereef",8.76
"Comoros",2019,"Anjouan Island","Pomoni","Hamare_02",NA,"Partially Restricted","Community Reserve",NA,"Rubble","RUB",0.88,0.88,1,"RUB",NA,"-12.241253","44.333174","PIT","Dahari","Dahari","Forereef",1.52
"Comoros",2019,"Anjouan Island","Pomoni","Hamare_02",NA,"Partially Restricted","Community Reserve",NA,"Rock","RCK",0.88,0.44,1,"RCK",NA,"-12.241253","44.333174","PIT","Dahari","Dahari","Forereef",0.76
"Comoros",2019,"Anjouan Island","Pomoni","Hamare_02",NA,"Partially Restricted","Community Reserve",NA,"Sand","SND",0,0,1,"SND",NA,"-12.241253","44.333174","PIT","Dahari","Dahari","Forereef",0
"Comoros",2019,"Anjouan Island","Pomoni","Hamare_02",NA,"Partially Restricted","Community Reserve",NA,"Seagrass","SGR",0,0,1,"SGR",NA,"-12.241253","44.333174","PIT","Dahari","Dahari","Forereef",0
"Comoros",2019,"Anjouan Island","Pomoni","Hamare_02",NA,"Partially Restricted","Community Reserve",NA,"Recent Dead Coral","RDC",0,0,1,"RDC",NA,"-12.241253","44.333174","PIT","Dahari","Dahari","Forereef",0
"Comoros",2019,"Anjouan Island","Pomoni","Mrojou",NA,"Partially Restricted","Community Reserve",NA,"massive","cm",15.79,4.02,2,"HC","cm","-12.2440278","44.3556667","PIT","Dahari","Dahari","Reef flat",6.96
"Comoros",2019,"Anjouan Island","Pomoni","Mrojou",NA,"Partially Restricted","Community Reserve",NA,"branching","cb",5.7,2.19,2,"HC","cb","-12.2440278","44.3556667","PIT","Dahari","Dahari","Reef flat",3.8
"Comoros",2019,"Anjouan Island","Pomoni","Mrojou",NA,"Partially Restricted","Community Reserve",NA,"digitate","cd",0,0,2,"HC","cd","-12.2440278","44.3556667","PIT","Dahari","Dahari","Reef flat",0
"Comoros",2019,"Anjouan Island","Pomoni","Mrojou",NA,"Partially Restricted","Community Reserve",NA,"tabular","ct",0,0,2,"HC","ct","-12.2440278","44.3556667","PIT","Dahari","Dahari","Reef flat",0
"Comoros",2019,"Anjouan Island","Pomoni","Mrojou",NA,"Partially Restricted","Community Reserve",NA,"encrusting","ce",9.21,4.56,2,"HC","ce","-12.2440278","44.3556667","PIT","Dahari","Dahari","Reef flat",7.89
"Comoros",2019,"Anjouan Island","Pomoni","Mrojou",NA,"Partially Restricted","Community Reserve",NA,"submassive","cs",0,0,2,"HC","cs","-12.2440278","44.3556667","PIT","Dahari","Dahari","Reef flat",0
"Comoros",2019,"Anjouan Island","Pomoni","Mrojou",NA,"Partially Restricted","Community Reserve",NA,"foliaceous","cf",0,0,2,"HC","cf","-12.2440278","44.3556667","PIT","Dahari","Dahari","Reef flat",0
"Comoros",2019,"Anjouan Island","Pomoni","Mrojou",NA,"Partially Restricted","Community Reserve",NA,"mushroom","mush",0,0,2,"HC","mush","-12.2440278","44.3556667","PIT","Dahari","Dahari","Reef flat",0
"Comoros",2019,"Anjouan Island","Pomoni","Mrojou",NA,"Partially Restricted","Community Reserve",NA,"Hydroids","Hydr",0,0,2,"INV","Hydr","-12.2440278","44.3556667","PIT","Dahari","Dahari","Reef flat",0
"Comoros",2019,"Anjouan Island","Pomoni","Mrojou",NA,"Partially Restricted","Community Reserve",NA,"Inverts-other","INV",0,0,1,"INV",NA,"-12.2440278","44.3556667","PIT","Dahari","Dahari","Reef flat",0
"Comoros",2019,"Anjouan Island","Pomoni","Mrojou",NA,"Partially Restricted","Community Reserve",NA,"Sponge","Spog",0.44,0.44,2,"INV","Spog","-12.2440278","44.3556667","PIT","Dahari","Dahari","Reef flat",0.76
"Comoros",2019,"Anjouan Island","Pomoni","Mrojou",NA,"Partially Restricted","Community Reserve",NA,"Algae-macro/fleshy","AMAC",3.95,1.52,1,"AMAC",NA,"-12.2440278","44.3556667","PIT","Dahari","Dahari","Reef flat",2.63
"Comoros",2019,"Anjouan Island","Pomoni","Mrojou",NA,"Partially Restricted","Community Reserve",NA,"Algae-turf","ATRF",45.18,11.07,1,"ATRF",NA,"-12.2440278","44.3556667","PIT","Dahari","Dahari","Reef flat",19.17
"Comoros",2019,"Anjouan Island","Pomoni","Mrojou",NA,"Partially Restricted","Community Reserve",NA,"Algae-Halimeda","AHAL",0,0,1,"AHAL",NA,"-12.2440278","44.3556667","PIT","Dahari","Dahari","Reef flat",0
"Comoros",2019,"Anjouan Island","Pomoni","Mrojou",NA,"Partially Restricted","Community Reserve",NA,"Algae-coralline","ACOR",10.53,3.04,1,"ACOR",NA,"-12.2440278","44.3556667","PIT","Dahari","Dahari","Reef flat",5.26
"Comoros",2019,"Anjouan Island","Pomoni","Mrojou",NA,"Partially Restricted","Community Reserve",NA,"Rubble","RUB",5.26,2.74,1,"RUB",NA,"-12.2440278","44.3556667","PIT","Dahari","Dahari","Reef flat",4.74
"Comoros",2019,"Anjouan Island","Pomoni","Mrojou",NA,"Partially Restricted","Community Reserve",NA,"Rock","RCK",0.44,0.44,1,"RCK",NA,"-12.2440278","44.3556667","PIT","Dahari","Dahari","Reef flat",0.76
"Comoros",2019,"Anjouan Island","Pomoni","Mrojou",NA,"Partially Restricted","Community Reserve",NA,"Sand","SND",3.51,0.88,1,"SND",NA,"-12.2440278","44.3556667","PIT","Dahari","Dahari","Reef flat",1.52
"Comoros",2019,"Anjouan Island","Pomoni","Mrojou",NA,"Partially Restricted","Community Reserve",NA,"Seagrass","SGR",0,0,1,"SGR",NA,"-12.2440278","44.3556667","PIT","Dahari","Dahari","Reef flat",0
"Comoros",2019,"Anjouan Island","Pomoni","Mrojou",NA,"Partially Restricted","Community Reserve",NA,"Recent Dead Coral","RDC",0,0,1,"RDC",NA,"-12.2440278","44.3556667","PIT","Dahari","Dahari","Reef flat",0
"Comoros",2019,"Anjouan Island","Pomoni","Mnadzijou",NA,"Partially Restricted","Community Reserve",NA,"massive","cm",6.58,0.76,2,"HC","cm","-12.242777","44.3497222","PIT","Dahari","Dahari","Reef flat",1.32
"Comoros",2019,"Anjouan Island","Pomoni","Mnadzijou",NA,"Partially Restricted","Community Reserve",NA,"branching","cb",4.82,1.16,2,"HC","cb","-12.242777","44.3497222","PIT","Dahari","Dahari","Reef flat",2.01
"Comoros",2019,"Anjouan Island","Pomoni","Mnadzijou",NA,"Partially Restricted","Community Reserve",NA,"digitate","cd",0,0,2,"HC","cd","-12.242777","44.3497222","PIT","Dahari","Dahari","Reef flat",0
"Comoros",2019,"Anjouan Island","Pomoni","Mnadzijou",NA,"Partially Restricted","Community Reserve",NA,"tabular","ct",2.63,0.76,2,"HC","ct","-12.242777","44.3497222","PIT","Dahari","Dahari","Reef flat",1.32
"Comoros",2019,"Anjouan Island","Pomoni","Mnadzijou",NA,"Partially Restricted","Community Reserve",NA,"encrusting","ce",10.96,2.88,2,"HC","ce","-12.242777","44.3497222","PIT","Dahari","Dahari","Reef flat",4.98
"Comoros",2019,"Anjouan Island","Pomoni","Mnadzijou",NA,"Partially Restricted","Community Reserve",NA,"submassive","cs",0,0,2,"HC","cs","-12.242777","44.3497222","PIT","Dahari","Dahari","Reef flat",0
"Comoros",2019,"Anjouan Island","Pomoni","Mnadzijou",NA,"Partially Restricted","Community Reserve",NA,"foliaceous","cf",0,0,2,"HC","cf","-12.242777","44.3497222","PIT","Dahari","Dahari","Reef flat",0
"Comoros",2019,"Anjouan Island","Pomoni","Mnadzijou",NA,"Partially Restricted","Community Reserve",NA,"mushroom","mush",0,0,2,"HC","mush","-12.242777","44.3497222","PIT","Dahari","Dahari","Reef flat",0
"Comoros",2019,"Anjouan Island","Pomoni","Mnadzijou",NA,"Partially Restricted","Community Reserve",NA,"Hydroids","Hydr",0,0,2,"INV","Hydr","-12.242777","44.3497222","PIT","Dahari","Dahari","Reef flat",0
"Comoros",2019,"Anjouan Island","Pomoni","Mnadzijou",NA,"Partially Restricted","Community Reserve",NA,"Inverts-other","INV",0.44,0.44,1,"INV",NA,"-12.242777","44.3497222","PIT","Dahari","Dahari","Reef flat",0.76
"Comoros",2019,"Anjouan Island","Pomoni","Mnadzijou",NA,"Partially Restricted","Community Reserve",NA,"Sponge","Spog",0,0,2,"INV","Spog","-12.242777","44.3497222","PIT","Dahari","Dahari","Reef flat",0
"Comoros",2019,"Anjouan Island","Pomoni","Mnadzijou",NA,"Partially Restricted","Community Reserve",NA,"Algae-macro/fleshy","AMAC",1.75,1.16,1,"AMAC",NA,"-12.242777","44.3497222","PIT","Dahari","Dahari","Reef flat",2.01
"Comoros",2019,"Anjouan Island","Pomoni","Mnadzijou",NA,"Partially Restricted","Community Reserve",NA,"Algae-turf","ATRF",28.95,2.63,1,"ATRF",NA,"-12.242777","44.3497222","PIT","Dahari","Dahari","Reef flat",4.56
"Comoros",2019,"Anjouan Island","Pomoni","Mnadzijou",NA,"Partially Restricted","Community Reserve",NA,"Algae-Halimeda","AHAL",0,0,1,"AHAL",NA,"-12.242777","44.3497222","PIT","Dahari","Dahari","Reef flat",0
"Comoros",2019,"Anjouan Island","Pomoni","Mnadzijou",NA,"Partially Restricted","Community Reserve",NA,"Algae-coralline","ACOR",17.98,1.75,1,"ACOR",NA,"-12.242777","44.3497222","PIT","Dahari","Dahari","Reef flat",3.04
"Comoros",2019,"Anjouan Island","Pomoni","Mnadzijou",NA,"Partially Restricted","Community Reserve",NA,"Rubble","RUB",19.3,2.32,1,"RUB",NA,"-12.242777","44.3497222","PIT","Dahari","Dahari","Reef flat",4.02
"Comoros",2019,"Anjouan Island","Pomoni","Mnadzijou",NA,"Partially Restricted","Community Reserve",NA,"Rock","RCK",3.95,0.76,1,"RCK",NA,"-12.242777","44.3497222","PIT","Dahari","Dahari","Reef flat",1.32
"Comoros",2019,"Anjouan Island","Pomoni","Mnadzijou",NA,"Partially Restricted","Community Reserve",NA,"Sand","SND",2.19,1.58,1,"SND",NA,"-12.242777","44.3497222","PIT","Dahari","Dahari","Reef flat",2.74
"Comoros",2019,"Anjouan Island","Pomoni","Mnadzijou",NA,"Partially Restricted","Community Reserve",NA,"Seagrass","SGR",0,0,1,"SGR",NA,"-12.242777","44.3497222","PIT","Dahari","Dahari","Reef flat",0
"Comoros",2019,"Anjouan Island","Pomoni","Mnadzijou",NA,"Partially Restricted","Community Reserve",NA,"Recent Dead Coral","RDC",0.44,0.44,1,"RDC",NA,"-12.242777","44.3497222","PIT","Dahari","Dahari","Reef flat",0.76
"Comoros",2019,"Anjouan Island","Pomoni","Madjibaridi",NA,"Partially Restricted","Community Reserve",NA,"massive","cm",6.58,2.01,2,"HC","cm","-12.2433333","44.34805556","PIT","Dahari","Dahari","Reef flat",3.48
"Comoros",2019,"Anjouan Island","Pomoni","Madjibaridi",NA,"Partially Restricted","Community Reserve",NA,"branching","cb",12.28,3.9,2,"HC","cb","-12.2433333","44.34805556","PIT","Dahari","Dahari","Reef flat",6.75
"Comoros",2019,"Anjouan Island","Pomoni","Madjibaridi",NA,"Partially Restricted","Community Reserve",NA,"digitate","cd",0,0,2,"HC","cd","-12.2433333","44.34805556","PIT","Dahari","Dahari","Reef flat",0
"Comoros",2019,"Anjouan Island","Pomoni","Madjibaridi",NA,"Partially Restricted","Community Reserve",NA,"tabular","ct",0.44,0.44,2,"HC","ct","-12.2433333","44.34805556","PIT","Dahari","Dahari","Reef flat",0.76
"Comoros",2019,"Anjouan Island","Pomoni","Madjibaridi",NA,"Partially Restricted","Community Reserve",NA,"encrusting","ce",6.58,1.52,2,"HC","ce","-12.2433333","44.34805556","PIT","Dahari","Dahari","Reef flat",2.63
"Comoros",2019,"Anjouan Island","Pomoni","Madjibaridi",NA,"Partially Restricted","Community Reserve",NA,"submassive","cs",0,0,2,"HC","cs","-12.2433333","44.34805556","PIT","Dahari","Dahari","Reef flat",0
"Comoros",2019,"Anjouan Island","Pomoni","Madjibaridi",NA,"Partially Restricted","Community Reserve",NA,"foliaceous","cf",0,0,2,"HC","cf","-12.2433333","44.34805556","PIT","Dahari","Dahari","Reef flat",0
"Comoros",2019,"Anjouan Island","Pomoni","Madjibaridi",NA,"Partially Restricted","Community Reserve",NA,"mushroom","mush",0,0,2,"HC","mush","-12.2433333","44.34805556","PIT","Dahari","Dahari","Reef flat",0
"Comoros",2019,"Anjouan Island","Pomoni","Madjibaridi",NA,"Partially Restricted","Community Reserve",NA,"Hydroids","Hydr",0,0,2,"INV","Hydr","-12.2433333","44.34805556","PIT","Dahari","Dahari","Reef flat",0
"Comoros",2019,"Anjouan Island","Pomoni","Madjibaridi",NA,"Partially Restricted","Community Reserve",NA,"Inverts-other","INV",0.44,0.44,1,"INV",NA,"-12.2433333","44.34805556","PIT","Dahari","Dahari","Reef flat",0.76
"Comoros",2019,"Anjouan Island","Pomoni","Madjibaridi",NA,"Partially Restricted","Community Reserve",NA,"Sponge","Spog",0,0,2,"INV","Spog","-12.2433333","44.34805556","PIT","Dahari","Dahari","Reef flat",0
"Comoros",2019,"Anjouan Island","Pomoni","Madjibaridi",NA,"Partially Restricted","Community Reserve",NA,"Algae-macro/fleshy","AMAC",2.19,1.16,1,"AMAC",NA,"-12.2433333","44.34805556","PIT","Dahari","Dahari","Reef flat",2.01
"Comoros",2019,"Anjouan Island","Pomoni","Madjibaridi",NA,"Partially Restricted","Community Reserve",NA,"Algae-turf","ATRF",20.18,6.33,1,"ATRF",NA,"-12.2433333","44.34805556","PIT","Dahari","Dahari","Reef flat",10.96
"Comoros",2019,"Anjouan Island","Pomoni","Madjibaridi",NA,"Partially Restricted","Community Reserve",NA,"Algae-Halimeda","AHAL",0,0,1,"AHAL",NA,"-12.2433333","44.34805556","PIT","Dahari","Dahari","Reef flat",0
"Comoros",2019,"Anjouan Island","Pomoni","Madjibaridi",NA,"Partially Restricted","Community Reserve",NA,"Algae-coralline","ACOR",9.65,1.58,1,"ACOR",NA,"-12.2433333","44.34805556","PIT","Dahari","Dahari","Reef flat",2.74
"Comoros",2019,"Anjouan Island","Pomoni","Madjibaridi",NA,"Partially Restricted","Community Reserve",NA,"Rubble","RUB",37.28,4.64,1,"RUB",NA,"-12.2433333","44.34805556","PIT","Dahari","Dahari","Reef flat",8.04
"Comoros",2019,"Anjouan Island","Pomoni","Madjibaridi",NA,"Partially Restricted","Community Reserve",NA,"Rock","RCK",1.75,0.44,1,"RCK",NA,"-12.2433333","44.34805556","PIT","Dahari","Dahari","Reef flat",0.76
"Comoros",2019,"Anjouan Island","Pomoni","Madjibaridi",NA,"Partially Restricted","Community Reserve",NA,"Sand","SND",1.75,0.44,1,"SND",NA,"-12.2433333","44.34805556","PIT","Dahari","Dahari","Reef flat",0.76
"Comoros",2019,"Anjouan Island","Pomoni","Madjibaridi",NA,"Partially Restricted","Community Reserve",NA,"Seagrass","SGR",0,0,1,"SGR",NA,"-12.2433333","44.34805556","PIT","Dahari","Dahari","Reef flat",0
"Comoros",2019,"Anjouan Island","Pomoni","Madjibaridi",NA,"Partially Restricted","Community Reserve",NA,"Recent Dead Coral","RDC",0.88,0.44,1,"RDC",NA,"-12.2433333","44.34805556","PIT","Dahari","Dahari","Reef flat",0.76
"Comoros",2019,"Anjouan Island","Pomoni","Dzindri Yantsini",NA,"Partially Restricted","Community Reserve",NA,"massive","cm",7.89,3.48,2,"HC","cm","-12.249128","44.350077","PIT","Dahari","Dahari","Forereef",6.03
"Comoros",2019,"Anjouan Island","Pomoni","Dzindri Yantsini",NA,"Partially Restricted","Community Reserve",NA,"branching","cb",28.07,7.46,2,"HC","cb","-12.249128","44.350077","PIT","Dahari","Dahari","Forereef",12.91
"Comoros",2019,"Anjouan Island","Pomoni","Dzindri Yantsini",NA,"Partially Restricted","Community Reserve",NA,"digitate","cd",0,0,2,"HC","cd","-12.249128","44.350077","PIT","Dahari","Dahari","Forereef",0
"Comoros",2019,"Anjouan Island","Pomoni","Dzindri Yantsini",NA,"Partially Restricted","Community Reserve",NA,"tabular","ct",3.95,1.32,2,"HC","ct","-12.249128","44.350077","PIT","Dahari","Dahari","Forereef",2.28
"Comoros",2019,"Anjouan Island","Pomoni","Dzindri Yantsini",NA,"Partially Restricted","Community Reserve",NA,"encrusting","ce",3.07,1.16,2,"HC","ce","-12.249128","44.350077","PIT","Dahari","Dahari","Forereef",2.01
"Comoros",2019,"Anjouan Island","Pomoni","Dzindri Yantsini",NA,"Partially Restricted","Community Reserve",NA,"submassive","cs",0,0,2,"HC","cs","-12.249128","44.350077","PIT","Dahari","Dahari","Forereef",0
"Comoros",2019,"Anjouan Island","Pomoni","Dzindri Yantsini",NA,"Partially Restricted","Community Reserve",NA,"foliaceous","cf",0,0,2,"HC","cf","-12.249128","44.350077","PIT","Dahari","Dahari","Forereef",0
"Comoros",2019,"Anjouan Island","Pomoni","Dzindri Yantsini",NA,"Partially Restricted","Community Reserve",NA,"mushroom","mush",0.44,0.44,2,"HC","mush","-12.249128","44.350077","PIT","Dahari","Dahari","Forereef",0.76
"Comoros",2019,"Anjouan Island","Pomoni","Dzindri Yantsini",NA,"Partially Restricted","Community Reserve",NA,"Hydroids","Hydr",0,0,2,"INV","Hydr","-12.249128","44.350077","PIT","Dahari","Dahari","Forereef",0
"Comoros",2019,"Anjouan Island","Pomoni","Dzindri Yantsini",NA,"Partially Restricted","Community Reserve",NA,"Inverts-other","INV",0.44,0.44,1,"INV",NA,"-12.249128","44.350077","PIT","Dahari","Dahari","Forereef",0.76
"Comoros",2019,"Anjouan Island","Pomoni","Dzindri Yantsini",NA,"Partially Restricted","Community Reserve",NA,"Sponge","Spog",0,0,2,"INV","Spog","-12.249128","44.350077","PIT","Dahari","Dahari","Forereef",0
"Comoros",2019,"Anjouan Island","Pomoni","Dzindri Yantsini",NA,"Partially Restricted","Community Reserve",NA,"Algae-macro/fleshy","AMAC",0.88,0.44,1,"AMAC",NA,"-12.249128","44.350077","PIT","Dahari","Dahari","Forereef",0.76
"Comoros",2019,"Anjouan Island","Pomoni","Dzindri Yantsini",NA,"Partially Restricted","Community Reserve",NA,"Algae-turf","ATRF",12.28,1.16,1,"ATRF",NA,"-12.249128","44.350077","PIT","Dahari","Dahari","Forereef",2.01
"Comoros",2019,"Anjouan Island","Pomoni","Dzindri Yantsini",NA,"Partially Restricted","Community Reserve",NA,"Algae-Halimeda","AHAL",0,0,1,"AHAL",NA,"-12.249128","44.350077","PIT","Dahari","Dahari","Forereef",0
"Comoros",2019,"Anjouan Island","Pomoni","Dzindri Yantsini",NA,"Partially Restricted","Community Reserve",NA,"Algae-coralline","ACOR",26.32,2.28,1,"ACOR",NA,"-12.249128","44.350077","PIT","Dahari","Dahari","Forereef",3.95
"Comoros",2019,"Anjouan Island","Pomoni","Dzindri Yantsini",NA,"Partially Restricted","Community Reserve",NA,"Rubble","RUB",1.32,1.32,1,"RUB",NA,"-12.249128","44.350077","PIT","Dahari","Dahari","Forereef",2.28
"Comoros",2019,"Anjouan Island","Pomoni","Dzindri Yantsini",NA,"Partially Restricted","Community Reserve",NA,"Rock","RCK",15.35,4.18,1,"RCK",NA,"-12.249128","44.350077","PIT","Dahari","Dahari","Forereef",7.25
"Comoros",2019,"Anjouan Island","Pomoni","Dzindri Yantsini",NA,"Partially Restricted","Community Reserve",NA,"Sand","SND",0,0,1,"SND",NA,"-12.249128","44.350077","PIT","Dahari","Dahari","Forereef",0
"Comoros",2019,"Anjouan Island","Pomoni","Dzindri Yantsini",NA,"Partially Restricted","Community Reserve",NA,"Seagrass","SGR",0,0,1,"SGR",NA,"-12.249128","44.350077","PIT","Dahari","Dahari","Forereef",0
"Comoros",2019,"Anjouan Island","Pomoni","Dzindri Yantsini",NA,"Partially Restricted","Community Reserve",NA,"Recent Dead Coral","RDC",0,0,1,"RDC",NA,"-12.249128","44.350077","PIT","Dahari","Dahari","Forereef",0
"Comoros",2019,"Anjouan Island","Pomoni","Mabamboni",NA,"Partially Restricted","Community Reserve",NA,"massive","cm",15.79,5.26,2,"HC","cm","-12.244921","44.329091","PIT","Dahari","Dahari","Forereef",9.12
"Comoros",2019,"Anjouan Island","Pomoni","Mabamboni",NA,"Partially Restricted","Community Reserve",NA,"branching","cb",10.96,1.16,2,"HC","cb","-12.244921","44.329091","PIT","Dahari","Dahari","Forereef",2.01
"Comoros",2019,"Anjouan Island","Pomoni","Mabamboni",NA,"Partially Restricted","Community Reserve",NA,"digitate","cd",0,0,2,"HC","cd","-12.244921","44.329091","PIT","Dahari","Dahari","Forereef",0
"Comoros",2019,"Anjouan Island","Pomoni","Mabamboni",NA,"Partially Restricted","Community Reserve",NA,"tabular","ct",1.75,0.88,2,"HC","ct","-12.244921","44.329091","PIT","Dahari","Dahari","Forereef",1.52
"Comoros",2019,"Anjouan Island","Pomoni","Mabamboni",NA,"Partially Restricted","Community Reserve",NA,"encrusting","ce",12.28,1.16,2,"HC","ce","-12.244921","44.329091","PIT","Dahari","Dahari","Forereef",2.01
"Comoros",2019,"Anjouan Island","Pomoni","Mabamboni",NA,"Partially Restricted","Community Reserve",NA,"submassive","cs",0,0,2,"HC","cs","-12.244921","44.329091","PIT","Dahari","Dahari","Forereef",0
"Comoros",2019,"Anjouan Island","Pomoni","Mabamboni",NA,"Partially Restricted","Community Reserve",NA,"foliaceous","cf",0,0,2,"HC","cf","-12.244921","44.329091","PIT","Dahari","Dahari","Forereef",0
"Comoros",2019,"Anjouan Island","Pomoni","Mabamboni",NA,"Partially Restricted","Community Reserve",NA,"mushroom","mush",0,0,2,"HC","mush","-12.244921","44.329091","PIT","Dahari","Dahari","Forereef",0
"Comoros",2019,"Anjouan Island","Pomoni","Mabamboni",NA,"Partially Restricted","Community Reserve",NA,"Hydroids","Hydr",0,0,2,"INV","Hydr","-12.244921","44.329091","PIT","Dahari","Dahari","Forereef",0
"Comoros",2019,"Anjouan Island","Pomoni","Mabamboni",NA,"Partially Restricted","Community Reserve",NA,"Inverts-other","INV",1.32,0.76,1,"INV",NA,"-12.244921","44.329091","PIT","Dahari","Dahari","Forereef",1.32
"Comoros",2019,"Anjouan Island","Pomoni","Mabamboni",NA,"Partially Restricted","Community Reserve",NA,"Sponge","Spog",0,0,2,"INV","Spog","-12.244921","44.329091","PIT","Dahari","Dahari","Forereef",0
"Comoros",2019,"Anjouan Island","Pomoni","Mabamboni",NA,"Partially Restricted","Community Reserve",NA,"Algae-macro/fleshy","AMAC",2.19,0.44,1,"AMAC",NA,"-12.244921","44.329091","PIT","Dahari","Dahari","Forereef",0.76
"Comoros",2019,"Anjouan Island","Pomoni","Mabamboni",NA,"Partially Restricted","Community Reserve",NA,"Algae-turf","ATRF",25.88,4.32,1,"ATRF",NA,"-12.244921","44.329091","PIT","Dahari","Dahari","Forereef",7.48
"Comoros",2019,"Anjouan Island","Pomoni","Mabamboni",NA,"Partially Restricted","Community Reserve",NA,"Algae-Halimeda","AHAL",0,0,1,"AHAL",NA,"-12.244921","44.329091","PIT","Dahari","Dahari","Forereef",0
"Comoros",2019,"Anjouan Island","Pomoni","Mabamboni",NA,"Partially Restricted","Community Reserve",NA,"Algae-coralline","ACOR",18.86,4.39,1,"ACOR",NA,"-12.244921","44.329091","PIT","Dahari","Dahari","Forereef",7.6
"Comoros",2019,"Anjouan Island","Pomoni","Mabamboni",NA,"Partially Restricted","Community Reserve",NA,"Rubble","RUB",5.26,3.04,1,"RUB",NA,"-12.244921","44.329091","PIT","Dahari","Dahari","Forereef",5.26
"Comoros",2019,"Anjouan Island","Pomoni","Mabamboni",NA,"Partially Restricted","Community Reserve",NA,"Rock","RCK",4.39,0.44,1,"RCK",NA,"-12.244921","44.329091","PIT","Dahari","Dahari","Forereef",0.76
"Comoros",2019,"Anjouan Island","Pomoni","Mabamboni",NA,"Partially Restricted","Community Reserve",NA,"Sand","SND",0.88,0.44,1,"SND",NA,"-12.244921","44.329091","PIT","Dahari","Dahari","Forereef",0.76
"Comoros",2019,"Anjouan Island","Pomoni","Mabamboni",NA,"Partially Restricted","Community Reserve",NA,"Seagrass","SGR",0,0,1,"SGR",NA,"-12.244921","44.329091","PIT","Dahari","Dahari","Forereef",0
"Comoros",2019,"Anjouan Island","Pomoni","Mabamboni",NA,"Partially Restricted","Community Reserve",NA,"Recent Dead Coral","RDC",0.44,0.44,1,"RDC",NA,"-12.244921","44.329091","PIT","Dahari","Dahari","Forereef",0.76
"Comoros",2019,"Anjouan Island","Pomoni","Hamare_01",NA,"Partially Restricted","Community Reserve",NA,"massive","cm",7.46,0.44,2,"HC","cm","-12.240493","44.334006","PIT","Dahari","Dahari","Reef flat",0.76
"Comoros",2019,"Anjouan Island","Pomoni","Hamare_01",NA,"Partially Restricted","Community Reserve",NA,"branching","cb",10.53,3.04,2,"HC","cb","-12.240493","44.334006","PIT","Dahari","Dahari","Reef flat",5.26
"Comoros",2019,"Anjouan Island","Pomoni","Hamare_01",NA,"Partially Restricted","Community Reserve",NA,"digitate","cd",0,0,2,"HC","cd","-12.240493","44.334006","PIT","Dahari","Dahari","Reef flat",0
"Comoros",2019,"Anjouan Island","Pomoni","Hamare_01",NA,"Partially Restricted","Community Reserve",NA,"tabular","ct",0.44,0.44,2,"HC","ct","-12.240493","44.334006","PIT","Dahari","Dahari","Reef flat",0.76
"Comoros",2019,"Anjouan Island","Pomoni","Hamare_01",NA,"Partially Restricted","Community Reserve",NA,"encrusting","ce",2.63,1.32,2,"HC","ce","-12.240493","44.334006","PIT","Dahari","Dahari","Reef flat",2.28
"Comoros",2019,"Anjouan Island","Pomoni","Hamare_01",NA,"Partially Restricted","Community Reserve",NA,"submassive","cs",0,0,2,"HC","cs","-12.240493","44.334006","PIT","Dahari","Dahari","Reef flat",0
"Comoros",2019,"Anjouan Island","Pomoni","Hamare_01",NA,"Partially Restricted","Community Reserve",NA,"foliaceous","cf",0,0,2,"HC","cf","-12.240493","44.334006","PIT","Dahari","Dahari","Reef flat",0
"Comoros",2019,"Anjouan Island","Pomoni","Hamare_01",NA,"Partially Restricted","Community Reserve",NA,"mushroom","mush",0,0,2,"HC","mush","-12.240493","44.334006","PIT","Dahari","Dahari","Reef flat",0
"Comoros",2019,"Anjouan Island","Pomoni","Hamare_01",NA,"Partially Restricted","Community Reserve",NA,"Hydroids","Hydr",0,0,2,"INV","Hydr","-12.240493","44.334006","PIT","Dahari","Dahari","Reef flat",0
"Comoros",2019,"Anjouan Island","Pomoni","Hamare_01",NA,"Partially Restricted","Community Reserve",NA,"Inverts-other","INV",0.44,0.44,1,"INV",NA,"-12.240493","44.334006","PIT","Dahari","Dahari","Reef flat",0.76
"Comoros",2019,"Anjouan Island","Pomoni","Hamare_01",NA,"Partially Restricted","Community Reserve",NA,"Sponge","Spog",0,0,2,"INV","Spog","-12.240493","44.334006","PIT","Dahari","Dahari","Reef flat",0
"Comoros",2019,"Anjouan Island","Pomoni","Hamare_01",NA,"Partially Restricted","Community Reserve",NA,"Algae-macro/fleshy","AMAC",10.09,0.88,1,"AMAC",NA,"-12.240493","44.334006","PIT","Dahari","Dahari","Reef flat",1.52
"Comoros",2019,"Anjouan Island","Pomoni","Hamare_01",NA,"Partially Restricted","Community Reserve",NA,"Algae-turf","ATRF",31.58,5.93,1,"ATRF",NA,"-12.240493","44.334006","PIT","Dahari","Dahari","Reef flat",10.28
"Comoros",2019,"Anjouan Island","Pomoni","Hamare_01",NA,"Partially Restricted","Community Reserve",NA,"Algae-Halimeda","AHAL",0,0,1,"AHAL",NA,"-12.240493","44.334006","PIT","Dahari","Dahari","Reef flat",0
"Comoros",2019,"Anjouan Island","Pomoni","Hamare_01",NA,"Partially Restricted","Community Reserve",NA,"Algae-coralline","ACOR",16.23,3.82,1,"ACOR",NA,"-12.240493","44.334006","PIT","Dahari","Dahari","Reef flat",6.62
"Comoros",2019,"Anjouan Island","Pomoni","Hamare_01",NA,"Partially Restricted","Community Reserve",NA,"Rubble","RUB",17.11,4.62,1,"RUB",NA,"-12.240493","44.334006","PIT","Dahari","Dahari","Reef flat",8
"Comoros",2019,"Anjouan Island","Pomoni","Hamare_01",NA,"Partially Restricted","Community Reserve",NA,"Rock","RCK",1.32,0,1,"RCK",NA,"-12.240493","44.334006","PIT","Dahari","Dahari","Reef flat",0
"Comoros",2019,"Anjouan Island","Pomoni","Hamare_01",NA,"Partially Restricted","Community Reserve",NA,"Sand","SND",1.75,0.88,1,"SND",NA,"-12.240493","44.334006","PIT","Dahari","Dahari","Reef flat",1.52
"Comoros",2019,"Anjouan Island","Pomoni","Hamare_01",NA,"Partially Restricted","Community Reserve",NA,"Seagrass","SGR",0,0,1,"SGR",NA,"-12.240493","44.334006","PIT","Dahari","Dahari","Reef flat",0
"Comoros",2019,"Anjouan Island","Pomoni","Hamare_01",NA,"Partially Restricted","Community Reserve",NA,"Recent Dead Coral","RDC",0.44,0.44,1,"RDC",NA,"-12.240493","44.334006","PIT","Dahari","Dahari","Reef flat",0.76
"Comoros",2020,"Anjouan Island","Pomoni","Hamare_02",NA,"Partially Restricted","Community Reserve",NA,"massive","cm",18.64,2.64,2,"HC","cm","-12.241253","44.333174","PIT","Dahari","Dahari","Forereef",6.47
"Comoros",2020,"Anjouan Island","Pomoni","Hamare_02",NA,"Partially Restricted","Community Reserve",NA,"branching","cb",20.18,2.53,2,"HC","cb","-12.241253","44.333174","PIT","Dahari","Dahari","Forereef",6.21
"Comoros",2020,"Anjouan Island","Pomoni","Hamare_02",NA,"Partially Restricted","Community Reserve",NA,"digitate","cd",0,0,2,"HC","cd","-12.241253","44.333174","PIT","Dahari","Dahari","Forereef",0
"Comoros",2020,"Anjouan Island","Pomoni","Hamare_02",NA,"Partially Restricted","Community Reserve",NA,"tabular","ct",3.29,1.26,2,"HC","ct","-12.241253","44.333174","PIT","Dahari","Dahari","Forereef",3.09
"Comoros",2020,"Anjouan Island","Pomoni","Hamare_02",NA,"Partially Restricted","Community Reserve",NA,"encrusting","ce",15.79,1.86,2,"HC","ce","-12.241253","44.333174","PIT","Dahari","Dahari","Forereef",4.56
"Comoros",2020,"Anjouan Island","Pomoni","Hamare_02",NA,"Partially Restricted","Community Reserve",NA,"submassive","cs",0,0,2,"HC","cs","-12.241253","44.333174","PIT","Dahari","Dahari","Forereef",0
"Comoros",2020,"Anjouan Island","Pomoni","Hamare_02",NA,"Partially Restricted","Community Reserve",NA,"foliaceous","cf",0,0,2,"HC","cf","-12.241253","44.333174","PIT","Dahari","Dahari","Forereef",0
"Comoros",2020,"Anjouan Island","Pomoni","Hamare_02",NA,"Partially Restricted","Community Reserve",NA,"mushroom","mush",0,0,2,"HC","mush","-12.241253","44.333174","PIT","Dahari","Dahari","Forereef",0
"Comoros",2020,"Anjouan Island","Pomoni","Hamare_02",NA,"Partially Restricted","Community Reserve",NA,"Hydroids","Hydr",0,0,2,"INV","Hydr","-12.241253","44.333174","PIT","Dahari","Dahari","Forereef",0
"Comoros",2020,"Anjouan Island","Pomoni","Hamare_02",NA,"Partially Restricted","Community Reserve",NA,"Inverts-other","INV",1.54,0.86,1,"INV",NA,"-12.241253","44.333174","PIT","Dahari","Dahari","Forereef",2.11
"Comoros",2020,"Anjouan Island","Pomoni","Hamare_02",NA,"Partially Restricted","Community Reserve",NA,"Sponge","Spog",0,0,2,"INV","Spog","-12.241253","44.333174","PIT","Dahari","Dahari","Forereef",0
"Comoros",2020,"Anjouan Island","Pomoni","Hamare_02",NA,"Partially Restricted","Community Reserve",NA,"Algae-macro/fleshy","AMAC",0.44,0.28,1,"AMAC",NA,"-12.241253","44.333174","PIT","Dahari","Dahari","Forereef",0.68
"Comoros",2020,"Anjouan Island","Pomoni","Hamare_02",NA,"Partially Restricted","Community Reserve",NA,"Algae-turf","ATRF",19.96,2.24,1,"ATRF",NA,"-12.241253","44.333174","PIT","Dahari","Dahari","Forereef",5.48
"Comoros",2020,"Anjouan Island","Pomoni","Hamare_02",NA,"Partially Restricted","Community Reserve",NA,"Algae-Halimeda","AHAL",0,0,1,"AHAL",NA,"-12.241253","44.333174","PIT","Dahari","Dahari","Forereef",0
"Comoros",2020,"Anjouan Island","Pomoni","Hamare_02",NA,"Partially Restricted","Community Reserve",NA,"Algae-coralline","ACOR",18.86,2.62,1,"ACOR",NA,"-12.241253","44.333174","PIT","Dahari","Dahari","Forereef",6.43
"Comoros",2020,"Anjouan Island","Pomoni","Hamare_02",NA,"Partially Restricted","Community Reserve",NA,"Rubble","RUB",0,0,1,"RUB",NA,"-12.241253","44.333174","PIT","Dahari","Dahari","Forereef",0
"Comoros",2020,"Anjouan Island","Pomoni","Hamare_02",NA,"Partially Restricted","Community Reserve",NA,"Rock","RCK",0.22,0.22,1,"RCK",NA,"-12.241253","44.333174","PIT","Dahari","Dahari","Forereef",0.54
"Comoros",2020,"Anjouan Island","Pomoni","Hamare_02",NA,"Partially Restricted","Community Reserve",NA,"Sand","SND",0,0,1,"SND",NA,"-12.241253","44.333174","PIT","Dahari","Dahari","Forereef",0
"Comoros",2020,"Anjouan Island","Pomoni","Hamare_02",NA,"Partially Restricted","Community Reserve",NA,"Seagrass","SGR",0,0,1,"SGR",NA,"-12.241253","44.333174","PIT","Dahari","Dahari","Forereef",0
"Comoros",2020,"Anjouan Island","Pomoni","Hamare_02",NA,"Partially Restricted","Community Reserve",NA,"Recent Dead Coral","RDC",1.1,0.4,1,"RDC",NA,"-12.241253","44.333174","PIT","Dahari","Dahari","Forereef",0.99
"Comoros",2020,"Anjouan Island","Pomoni","Mrojou",NA,"Partially Restricted","Community Reserve",NA,"massive","cm",9.65,1.51,2,"HC","cm","-12.2440278","44.3556667","PIT","Dahari","Dahari","Reef flat",3.69
"Comoros",2020,"Anjouan Island","Pomoni","Mrojou",NA,"Partially Restricted","Community Reserve",NA,"branching","cb",12.72,2.73,2,"HC","cb","-12.2440278","44.3556667","PIT","Dahari","Dahari","Reef flat",6.69
"Comoros",2020,"Anjouan Island","Pomoni","Mrojou",NA,"Partially Restricted","Community Reserve",NA,"digitate","cd",0,0,2,"HC","cd","-12.2440278","44.3556667","PIT","Dahari","Dahari","Reef flat",0
"Comoros",2020,"Anjouan Island","Pomoni","Mrojou",NA,"Partially Restricted","Community Reserve",NA,"tabular","ct",0.44,0.28,2,"HC","ct","-12.2440278","44.3556667","PIT","Dahari","Dahari","Reef flat",0.68
"Comoros",2020,"Anjouan Island","Pomoni","Mrojou",NA,"Partially Restricted","Community Reserve",NA,"encrusting","ce",7.46,1.54,2,"HC","ce","-12.2440278","44.3556667","PIT","Dahari","Dahari","Reef flat",3.78
"Comoros",2020,"Anjouan Island","Pomoni","Mrojou",NA,"Partially Restricted","Community Reserve",NA,"submassive","cs",0,0,2,"HC","cs","-12.2440278","44.3556667","PIT","Dahari","Dahari","Reef flat",0
"Comoros",2020,"Anjouan Island","Pomoni","Mrojou",NA,"Partially Restricted","Community Reserve",NA,"foliaceous","cf",0,0,2,"HC","cf","-12.2440278","44.3556667","PIT","Dahari","Dahari","Reef flat",0
"Comoros",2020,"Anjouan Island","Pomoni","Mrojou",NA,"Partially Restricted","Community Reserve",NA,"mushroom","mush",0,0,2,"HC","mush","-12.2440278","44.3556667","PIT","Dahari","Dahari","Reef flat",0
"Comoros",2020,"Anjouan Island","Pomoni","Mrojou",NA,"Partially Restricted","Community Reserve",NA,"Hydroids","Hydr",0,0,2,"INV","Hydr","-12.2440278","44.3556667","PIT","Dahari","Dahari","Reef flat",0
"Comoros",2020,"Anjouan Island","Pomoni","Mrojou",NA,"Partially Restricted","Community Reserve",NA,"Inverts-other","INV",0.66,0.45,1,"INV",NA,"-12.2440278","44.3556667","PIT","Dahari","Dahari","Reef flat",1.1
"Comoros",2020,"Anjouan Island","Pomoni","Mrojou",NA,"Partially Restricted","Community Reserve",NA,"Sponge","Spog",0,0,2,"INV","Spog","-12.2440278","44.3556667","PIT","Dahari","Dahari","Reef flat",0
"Comoros",2020,"Anjouan Island","Pomoni","Mrojou",NA,"Partially Restricted","Community Reserve",NA,"Algae-macro/fleshy","AMAC",9.21,2.33,1,"AMAC",NA,"-12.2440278","44.3556667","PIT","Dahari","Dahari","Reef flat",5.71
"Comoros",2020,"Anjouan Island","Pomoni","Mrojou",NA,"Partially Restricted","Community Reserve",NA,"Algae-turf","ATRF",30.92,2.47,1,"ATRF",NA,"-12.2440278","44.3556667","PIT","Dahari","Dahari","Reef flat",6.04
"Comoros",2020,"Anjouan Island","Pomoni","Mrojou",NA,"Partially Restricted","Community Reserve",NA,"Algae-Halimeda","AHAL",0,0,1,"AHAL",NA,"-12.2440278","44.3556667","PIT","Dahari","Dahari","Reef flat",0
"Comoros",2020,"Anjouan Island","Pomoni","Mrojou",NA,"Partially Restricted","Community Reserve",NA,"Algae-coralline","ACOR",20.83,3.89,1,"ACOR",NA,"-12.2440278","44.3556667","PIT","Dahari","Dahari","Reef flat",9.54
"Comoros",2020,"Anjouan Island","Pomoni","Mrojou",NA,"Partially Restricted","Community Reserve",NA,"Rubble","RUB",3.73,2.68,1,"RUB",NA,"-12.2440278","44.3556667","PIT","Dahari","Dahari","Reef flat",6.57
"Comoros",2020,"Anjouan Island","Pomoni","Mrojou",NA,"Partially Restricted","Community Reserve",NA,"Rock","RCK",0.88,0.44,1,"RCK",NA,"-12.2440278","44.3556667","PIT","Dahari","Dahari","Reef flat",1.07
"Comoros",2020,"Anjouan Island","Pomoni","Mrojou",NA,"Partially Restricted","Community Reserve",NA,"Sand","SND",0.88,0.44,1,"SND",NA,"-12.2440278","44.3556667","PIT","Dahari","Dahari","Reef flat",1.07
"Comoros",2020,"Anjouan Island","Pomoni","Mrojou",NA,"Partially Restricted","Community Reserve",NA,"Seagrass","SGR",0,0,1,"SGR",NA,"-12.2440278","44.3556667","PIT","Dahari","Dahari","Reef flat",0
"Comoros",2020,"Anjouan Island","Pomoni","Mrojou",NA,"Partially Restricted","Community Reserve",NA,"Recent Dead Coral","RDC",2.63,1.7,1,"RDC",NA,"-12.2440278","44.3556667","PIT","Dahari","Dahari","Reef flat",4.16
"Comoros",2020,"Anjouan Island","Pomoni","Mabamboni",NA,"Partially Restricted","Community Reserve",NA,"massive","cm",8.33,0.44,2,"HC","cm","-12.244921","44.329091","PIT","Dahari","Dahari","Forereef",0.76
"Comoros",2020,"Anjouan Island","Pomoni","Mabamboni",NA,"Partially Restricted","Community Reserve",NA,"branching","cb",11.84,3.48,2,"HC","cb","-12.244921","44.329091","PIT","Dahari","Dahari","Forereef",6.03
"Comoros",2020,"Anjouan Island","Pomoni","Mabamboni",NA,"Partially Restricted","Community Reserve",NA,"digitate","cd",0,0,2,"HC","cd","-12.244921","44.329091","PIT","Dahari","Dahari","Forereef",0
"Comoros",2020,"Anjouan Island","Pomoni","Mabamboni",NA,"Partially Restricted","Community Reserve",NA,"tabular","ct",2.19,0.44,2,"HC","ct","-12.244921","44.329091","PIT","Dahari","Dahari","Forereef",0.76
"Comoros",2020,"Anjouan Island","Pomoni","Mabamboni",NA,"Partially Restricted","Community Reserve",NA,"encrusting","ce",5.7,1.91,2,"HC","ce","-12.244921","44.329091","PIT","Dahari","Dahari","Forereef",3.31
"Comoros",2020,"Anjouan Island","Pomoni","Mabamboni",NA,"Partially Restricted","Community Reserve",NA,"submassive","cs",0,0,2,"HC","cs","-12.244921","44.329091","PIT","Dahari","Dahari","Forereef",0
"Comoros",2020,"Anjouan Island","Pomoni","Mabamboni",NA,"Partially Restricted","Community Reserve",NA,"foliaceous","cf",0,0,2,"HC","cf","-12.244921","44.329091","PIT","Dahari","Dahari","Forereef",0
"Comoros",2020,"Anjouan Island","Pomoni","Mabamboni",NA,"Partially Restricted","Community Reserve",NA,"mushroom","mush",0,0,2,"HC","mush","-12.244921","44.329091","PIT","Dahari","Dahari","Forereef",0
"Comoros",2020,"Anjouan Island","Pomoni","Mabamboni",NA,"Partially Restricted","Community Reserve",NA,"Hydroids","Hydr",0,0,2,"INV","Hydr","-12.244921","44.329091","PIT","Dahari","Dahari","Forereef",0
"Comoros",2020,"Anjouan Island","Pomoni","Mabamboni",NA,"Partially Restricted","Community Reserve",NA,"Inverts-other","INV",0.44,0.44,1,"INV",NA,"-12.244921","44.329091","PIT","Dahari","Dahari","Forereef",0.76
"Comoros",2020,"Anjouan Island","Pomoni","Mabamboni",NA,"Partially Restricted","Community Reserve",NA,"Sponge","Spog",0,0,2,"INV","Spog","-12.244921","44.329091","PIT","Dahari","Dahari","Forereef",0
"Comoros",2020,"Anjouan Island","Pomoni","Mabamboni",NA,"Partially Restricted","Community Reserve",NA,"Algae-macro/fleshy","AMAC",1.32,1.32,1,"AMAC",NA,"-12.244921","44.329091","PIT","Dahari","Dahari","Forereef",2.28
"Comoros",2020,"Anjouan Island","Pomoni","Mabamboni",NA,"Partially Restricted","Community Reserve",NA,"Algae-turf","ATRF",32.89,2.01,1,"ATRF",NA,"-12.244921","44.329091","PIT","Dahari","Dahari","Forereef",3.48
"Comoros",2020,"Anjouan Island","Pomoni","Mabamboni",NA,"Partially Restricted","Community Reserve",NA,"Algae-Halimeda","AHAL",0,0,1,"AHAL",NA,"-12.244921","44.329091","PIT","Dahari","Dahari","Forereef",0
"Comoros",2020,"Anjouan Island","Pomoni","Mabamboni",NA,"Partially Restricted","Community Reserve",NA,"Algae-coralline","ACOR",14.47,1.32,1,"ACOR",NA,"-12.244921","44.329091","PIT","Dahari","Dahari","Forereef",2.28
"Comoros",2020,"Anjouan Island","Pomoni","Mabamboni",NA,"Partially Restricted","Community Reserve",NA,"Rubble","RUB",7.02,3.07,1,"RUB",NA,"-12.244921","44.329091","PIT","Dahari","Dahari","Forereef",5.32
"Comoros",2020,"Anjouan Island","Pomoni","Mabamboni",NA,"Partially Restricted","Community Reserve",NA,"Rock","RCK",11.4,1.58,1,"RCK",NA,"-12.244921","44.329091","PIT","Dahari","Dahari","Forereef",2.74
"Comoros",2020,"Anjouan Island","Pomoni","Mabamboni",NA,"Partially Restricted","Community Reserve",NA,"Sand","SND",2.19,2.19,1,"SND",NA,"-12.244921","44.329091","PIT","Dahari","Dahari","Forereef",3.8
"Comoros",2020,"Anjouan Island","Pomoni","Mabamboni",NA,"Partially Restricted","Community Reserve",NA,"Seagrass","SGR",0,0,1,"SGR",NA,"-12.244921","44.329091","PIT","Dahari","Dahari","Forereef",0
"Comoros",2020,"Anjouan Island","Pomoni","Mabamboni",NA,"Partially Restricted","Community Reserve",NA,"Recent Dead Coral","RDC",2.19,1.16,1,"RDC",NA,"-12.244921","44.329091","PIT","Dahari","Dahari","Forereef",2.01
"Comoros",2020,"Anjouan Island","Pomoni","Madjibaridi",NA,"Partially Restricted","Community Reserve",NA,"massive","cm",10.75,2.51,2,"HC","cm","-12.2433333","44.34805556","PIT","Dahari","Dahari","Reef flat",6.14
"Comoros",2020,"Anjouan Island","Pomoni","Madjibaridi",NA,"Partially Restricted","Community Reserve",NA,"branching","cb",12.06,2.79,2,"HC","cb","-12.2433333","44.34805556","PIT","Dahari","Dahari","Reef flat",6.83
"Comoros",2020,"Anjouan Island","Pomoni","Madjibaridi",NA,"Partially Restricted","Community Reserve",NA,"digitate","cd",0,0,2,"HC","cd","-12.2433333","44.34805556","PIT","Dahari","Dahari","Reef flat",0
"Comoros",2020,"Anjouan Island","Pomoni","Madjibaridi",NA,"Partially Restricted","Community Reserve",NA,"tabular","ct",0.22,0.22,2,"HC","ct","-12.2433333","44.34805556","PIT","Dahari","Dahari","Reef flat",0.54
"Comoros",2020,"Anjouan Island","Pomoni","Madjibaridi",NA,"Partially Restricted","Community Reserve",NA,"encrusting","ce",2.19,0.88,2,"HC","ce","-12.2433333","44.34805556","PIT","Dahari","Dahari","Reef flat",2.15
"Comoros",2020,"Anjouan Island","Pomoni","Madjibaridi",NA,"Partially Restricted","Community Reserve",NA,"submassive","cs",0,0,2,"HC","cs","-12.2433333","44.34805556","PIT","Dahari","Dahari","Reef flat",0
"Comoros",2020,"Anjouan Island","Pomoni","Madjibaridi",NA,"Partially Restricted","Community Reserve",NA,"foliaceous","cf",0,0,2,"HC","cf","-12.2433333","44.34805556","PIT","Dahari","Dahari","Reef flat",0
"Comoros",2020,"Anjouan Island","Pomoni","Madjibaridi",NA,"Partially Restricted","Community Reserve",NA,"mushroom","mush",0,0,2,"HC","mush","-12.2433333","44.34805556","PIT","Dahari","Dahari","Reef flat",0
"Comoros",2020,"Anjouan Island","Pomoni","Madjibaridi",NA,"Partially Restricted","Community Reserve",NA,"Hydroids","Hydr",0,0,2,"INV","Hydr","-12.2433333","44.34805556","PIT","Dahari","Dahari","Reef flat",0
"Comoros",2020,"Anjouan Island","Pomoni","Madjibaridi",NA,"Partially Restricted","Community Reserve",NA,"Inverts-other","INV",0.44,0.28,1,"INV",NA,"-12.2433333","44.34805556","PIT","Dahari","Dahari","Reef flat",0.68
"Comoros",2020,"Anjouan Island","Pomoni","Madjibaridi",NA,"Partially Restricted","Community Reserve",NA,"Sponge","Spog",0,0,2,"INV","Spog","-12.2433333","44.34805556","PIT","Dahari","Dahari","Reef flat",0
"Comoros",2020,"Anjouan Island","Pomoni","Madjibaridi",NA,"Partially Restricted","Community Reserve",NA,"Algae-macro/fleshy","AMAC",3.51,1.97,1,"AMAC",NA,"-12.2433333","44.34805556","PIT","Dahari","Dahari","Reef flat",4.83
"Comoros",2020,"Anjouan Island","Pomoni","Madjibaridi",NA,"Partially Restricted","Community Reserve",NA,"Algae-turf","ATRF",24.56,4.54,1,"ATRF",NA,"-12.2433333","44.34805556","PIT","Dahari","Dahari","Reef flat",11.12
"Comoros",2020,"Anjouan Island","Pomoni","Madjibaridi",NA,"Partially Restricted","Community Reserve",NA,"Algae-Halimeda","AHAL",0,0,1,"AHAL",NA,"-12.2433333","44.34805556","PIT","Dahari","Dahari","Reef flat",0
"Comoros",2020,"Anjouan Island","Pomoni","Madjibaridi",NA,"Partially Restricted","Community Reserve",NA,"Algae-coralline","ACOR",8.55,1.21,1,"ACOR",NA,"-12.2433333","44.34805556","PIT","Dahari","Dahari","Reef flat",2.97
"Comoros",2020,"Anjouan Island","Pomoni","Madjibaridi",NA,"Partially Restricted","Community Reserve",NA,"Rubble","RUB",21.27,3.57,1,"RUB",NA,"-12.2433333","44.34805556","PIT","Dahari","Dahari","Reef flat",8.74
"Comoros",2020,"Anjouan Island","Pomoni","Madjibaridi",NA,"Partially Restricted","Community Reserve",NA,"Rock","RCK",4.17,1.38,1,"RCK",NA,"-12.2433333","44.34805556","PIT","Dahari","Dahari","Reef flat",3.37
"Comoros",2020,"Anjouan Island","Pomoni","Madjibaridi",NA,"Partially Restricted","Community Reserve",NA,"Sand","SND",9.87,3.76,1,"SND",NA,"-12.2433333","44.34805556","PIT","Dahari","Dahari","Reef flat",9.22
"Comoros",2020,"Anjouan Island","Pomoni","Madjibaridi",NA,"Partially Restricted","Community Reserve",NA,"Seagrass","SGR",0,0,1,"SGR",NA,"-12.2433333","44.34805556","PIT","Dahari","Dahari","Reef flat",0
"Comoros",2020,"Anjouan Island","Pomoni","Madjibaridi",NA,"Partially Restricted","Community Reserve",NA,"Recent Dead Coral","RDC",2.41,1.04,1,"RDC",NA,"-12.2433333","44.34805556","PIT","Dahari","Dahari","Reef flat",2.55
"Comoros",2020,"Anjouan Island","Pomoni","Hamare_01",NA,"Partially Restricted","Community Reserve",NA,"massive","cm",8.11,1.38,2,"HC","cm","-12.240493","44.334006","PIT","Dahari","Dahari","Reef flat",3.37
"Comoros",2020,"Anjouan Island","Pomoni","Hamare_01",NA,"Partially Restricted","Community Reserve",NA,"branching","cb",6.14,1.65,2,"HC","cb","-12.240493","44.334006","PIT","Dahari","Dahari","Reef flat",4.05
"Comoros",2020,"Anjouan Island","Pomoni","Hamare_01",NA,"Partially Restricted","Community Reserve",NA,"digitate","cd",0,0,2,"HC","cd","-12.240493","44.334006","PIT","Dahari","Dahari","Reef flat",0
"Comoros",2020,"Anjouan Island","Pomoni","Hamare_01",NA,"Partially Restricted","Community Reserve",NA,"tabular","ct",0,0,2,"HC","ct","-12.240493","44.334006","PIT","Dahari","Dahari","Reef flat",0
"Comoros",2020,"Anjouan Island","Pomoni","Hamare_01",NA,"Partially Restricted","Community Reserve",NA,"encrusting","ce",1.54,0.86,2,"HC","ce","-12.240493","44.334006","PIT","Dahari","Dahari","Reef flat",2.11
"Comoros",2020,"Anjouan Island","Pomoni","Hamare_01",NA,"Partially Restricted","Community Reserve",NA,"submassive","cs",0,0,2,"HC","cs","-12.240493","44.334006","PIT","Dahari","Dahari","Reef flat",0
"Comoros",2020,"Anjouan Island","Pomoni","Hamare_01",NA,"Partially Restricted","Community Reserve",NA,"foliaceous","cf",0,0,2,"HC","cf","-12.240493","44.334006","PIT","Dahari","Dahari","Reef flat",0
"Comoros",2020,"Anjouan Island","Pomoni","Hamare_01",NA,"Partially Restricted","Community Reserve",NA,"mushroom","mush",0,0,2,"HC","mush","-12.240493","44.334006","PIT","Dahari","Dahari","Reef flat",0
"Comoros",2020,"Anjouan Island","Pomoni","Hamare_01",NA,"Partially Restricted","Community Reserve",NA,"Hydroids","Hydr",0,0,2,"INV","Hydr","-12.240493","44.334006","PIT","Dahari","Dahari","Reef flat",0
"Comoros",2020,"Anjouan Island","Pomoni","Hamare_01",NA,"Partially Restricted","Community Reserve",NA,"Inverts-other","INV",0,0,1,"INV",NA,"-12.240493","44.334006","PIT","Dahari","Dahari","Reef flat",0
"Comoros",2020,"Anjouan Island","Pomoni","Hamare_01",NA,"Partially Restricted","Community Reserve",NA,"Sponge","Spog",0.22,0.22,2,"INV","Spog","-12.240493","44.334006","PIT","Dahari","Dahari","Reef flat",0.54
"Comoros",2020,"Anjouan Island","Pomoni","Hamare_01",NA,"Partially Restricted","Community Reserve",NA,"Algae-macro/fleshy","AMAC",13.6,2.14,1,"AMAC",NA,"-12.240493","44.334006","PIT","Dahari","Dahari","Reef flat",5.24
"Comoros",2020,"Anjouan Island","Pomoni","Hamare_01",NA,"Partially Restricted","Community Reserve",NA,"Algae-turf","ATRF",34.21,3.31,1,"ATRF",NA,"-12.240493","44.334006","PIT","Dahari","Dahari","Reef flat",8.11
"Comoros",2020,"Anjouan Island","Pomoni","Hamare_01",NA,"Partially Restricted","Community Reserve",NA,"Algae-Halimeda","AHAL",0,0,1,"AHAL",NA,"-12.240493","44.334006","PIT","Dahari","Dahari","Reef flat",0
"Comoros",2020,"Anjouan Island","Pomoni","Hamare_01",NA,"Partially Restricted","Community Reserve",NA,"Algae-coralline","ACOR",7.02,2.58,1,"ACOR",NA,"-12.240493","44.334006","PIT","Dahari","Dahari","Reef flat",6.32
"Comoros",2020,"Anjouan Island","Pomoni","Hamare_01",NA,"Partially Restricted","Community Reserve",NA,"Rubble","RUB",20.18,5.1,1,"RUB",NA,"-12.240493","44.334006","PIT","Dahari","Dahari","Reef flat",12.5
"Comoros",2020,"Anjouan Island","Pomoni","Hamare_01",NA,"Partially Restricted","Community Reserve",NA,"Rock","RCK",2.19,0.55,1,"RCK",NA,"-12.240493","44.334006","PIT","Dahari","Dahari","Reef flat",1.36
"Comoros",2020,"Anjouan Island","Pomoni","Hamare_01",NA,"Partially Restricted","Community Reserve",NA,"Sand","SND",3.29,1.21,1,"SND",NA,"-12.240493","44.334006","PIT","Dahari","Dahari","Reef flat",2.97
"Comoros",2020,"Anjouan Island","Pomoni","Hamare_01",NA,"Partially Restricted","Community Reserve",NA,"Seagrass","SGR",0,0,1,"SGR",NA,"-12.240493","44.334006","PIT","Dahari","Dahari","Reef flat",0
"Comoros",2020,"Anjouan Island","Pomoni","Hamare_01",NA,"Partially Restricted","Community Reserve",NA,"Recent Dead Coral","RDC",3.51,2.03,1,"RDC",NA,"-12.240493","44.334006","PIT","Dahari","Dahari","Reef flat",4.97
"Comoros",2020,"Anjouan Island","Pomoni","Mnadzijou",NA,"Partially Restricted","Community Reserve",NA,"massive","cm",7.89,2.01,2,"HC","cm","-12.242777","44.3497222","PIT","Dahari","Dahari","Reef flat",3.48
"Comoros",2020,"Anjouan Island","Pomoni","Mnadzijou",NA,"Partially Restricted","Community Reserve",NA,"branching","cb",8.33,2.32,2,"HC","cb","-12.242777","44.3497222","PIT","Dahari","Dahari","Reef flat",4.02
"Comoros",2020,"Anjouan Island","Pomoni","Mnadzijou",NA,"Partially Restricted","Community Reserve",NA,"digitate","cd",0,0,2,"HC","cd","-12.242777","44.3497222","PIT","Dahari","Dahari","Reef flat",0
"Comoros",2020,"Anjouan Island","Pomoni","Mnadzijou",NA,"Partially Restricted","Community Reserve",NA,"tabular","ct",0,0,2,"HC","ct","-12.242777","44.3497222","PIT","Dahari","Dahari","Reef flat",0
"Comoros",2020,"Anjouan Island","Pomoni","Mnadzijou",NA,"Partially Restricted","Community Reserve",NA,"encrusting","ce",3.95,0,2,"HC","ce","-12.242777","44.3497222","PIT","Dahari","Dahari","Reef flat",0
"Comoros",2020,"Anjouan Island","Pomoni","Mnadzijou",NA,"Partially Restricted","Community Reserve",NA,"submassive","cs",0,0,2,"HC","cs","-12.242777","44.3497222","PIT","Dahari","Dahari","Reef flat",0
"Comoros",2020,"Anjouan Island","Pomoni","Mnadzijou",NA,"Partially Restricted","Community Reserve",NA,"foliaceous","cf",0,0,2,"HC","cf","-12.242777","44.3497222","PIT","Dahari","Dahari","Reef flat",0
"Comoros",2020,"Anjouan Island","Pomoni","Mnadzijou",NA,"Partially Restricted","Community Reserve",NA,"mushroom","mush",0,0,2,"HC","mush","-12.242777","44.3497222","PIT","Dahari","Dahari","Reef flat",0
"Comoros",2020,"Anjouan Island","Pomoni","Mnadzijou",NA,"Partially Restricted","Community Reserve",NA,"Hydroids","Hydr",0,0,2,"INV","Hydr","-12.242777","44.3497222","PIT","Dahari","Dahari","Reef flat",0
"Comoros",2020,"Anjouan Island","Pomoni","Mnadzijou",NA,"Partially Restricted","Community Reserve",NA,"Inverts-other","INV",3.95,0.76,1,"INV",NA,"-12.242777","44.3497222","PIT","Dahari","Dahari","Reef flat",1.32
"Comoros",2020,"Anjouan Island","Pomoni","Mnadzijou",NA,"Partially Restricted","Community Reserve",NA,"Sponge","Spog",0.88,0.88,2,"INV","Spog","-12.242777","44.3497222","PIT","Dahari","Dahari","Reef flat",1.52
"Comoros",2020,"Anjouan Island","Pomoni","Mnadzijou",NA,"Partially Restricted","Community Reserve",NA,"Algae-macro/fleshy","AMAC",3.95,2.01,1,"AMAC",NA,"-12.242777","44.3497222","PIT","Dahari","Dahari","Reef flat",3.48
"Comoros",2020,"Anjouan Island","Pomoni","Mnadzijou",NA,"Partially Restricted","Community Reserve",NA,"Algae-turf","ATRF",25,1.32,1,"ATRF",NA,"-12.242777","44.3497222","PIT","Dahari","Dahari","Reef flat",2.28
"Comoros",2020,"Anjouan Island","Pomoni","Mnadzijou",NA,"Partially Restricted","Community Reserve",NA,"Algae-Halimeda","AHAL",0,0,1,"AHAL",NA,"-12.242777","44.3497222","PIT","Dahari","Dahari","Reef flat",0
"Comoros",2020,"Anjouan Island","Pomoni","Mnadzijou",NA,"Partially Restricted","Community Reserve",NA,"Algae-coralline","ACOR",9.65,1.16,1,"ACOR",NA,"-12.242777","44.3497222","PIT","Dahari","Dahari","Reef flat",2.01
"Comoros",2020,"Anjouan Island","Pomoni","Mnadzijou",NA,"Partially Restricted","Community Reserve",NA,"Rubble","RUB",29.82,1.58,1,"RUB",NA,"-12.242777","44.3497222","PIT","Dahari","Dahari","Reef flat",2.74
"Comoros",2020,"Anjouan Island","Pomoni","Mnadzijou",NA,"Partially Restricted","Community Reserve",NA,"Rock","RCK",1.75,1.75,1,"RCK",NA,"-12.242777","44.3497222","PIT","Dahari","Dahari","Reef flat",3.04
"Comoros",2020,"Anjouan Island","Pomoni","Mnadzijou",NA,"Partially Restricted","Community Reserve",NA,"Sand","SND",0.44,0.44,1,"SND",NA,"-12.242777","44.3497222","PIT","Dahari","Dahari","Reef flat",0.76
"Comoros",2020,"Anjouan Island","Pomoni","Mnadzijou",NA,"Partially Restricted","Community Reserve",NA,"Seagrass","SGR",0,0,1,"SGR",NA,"-12.242777","44.3497222","PIT","Dahari","Dahari","Reef flat",0
"Comoros",2020,"Anjouan Island","Pomoni","Mnadzijou",NA,"Partially Restricted","Community Reserve",NA,"Recent Dead Coral","RDC",4.39,0.44,1,"RDC",NA,"-12.242777","44.3497222","PIT","Dahari","Dahari","Reef flat",0.76
"Comoros",2020,"Anjouan Island","Pomoni","Dzindri Yantsini",NA,"Partially Restricted","Community Reserve",NA,"massive","cm",14.25,1.5,2,"HC","cm","-12.249128","44.350077","PIT","Dahari","Dahari","Forereef",3.67
"Comoros",2020,"Anjouan Island","Pomoni","Dzindri Yantsini",NA,"Partially Restricted","Community Reserve",NA,"branching","cb",18.42,2.5,2,"HC","cb","-12.249128","44.350077","PIT","Dahari","Dahari","Forereef",6.12
"Comoros",2020,"Anjouan Island","Pomoni","Dzindri Yantsini",NA,"Partially Restricted","Community Reserve",NA,"digitate","cd",0,0,2,"HC","cd","-12.249128","44.350077","PIT","Dahari","Dahari","Forereef",0
"Comoros",2020,"Anjouan Island","Pomoni","Dzindri Yantsini",NA,"Partially Restricted","Community Reserve",NA,"tabular","ct",1.54,0.79,2,"HC","ct","-12.249128","44.350077","PIT","Dahari","Dahari","Forereef",1.94
"Comoros",2020,"Anjouan Island","Pomoni","Dzindri Yantsini",NA,"Partially Restricted","Community Reserve",NA,"encrusting","ce",7.02,0.88,2,"HC","ce","-12.249128","44.350077","PIT","Dahari","Dahari","Forereef",2.15
"Comoros",2020,"Anjouan Island","Pomoni","Dzindri Yantsini",NA,"Partially Restricted","Community Reserve",NA,"submassive","cs",0,0,2,"HC","cs","-12.249128","44.350077","PIT","Dahari","Dahari","Forereef",0
"Comoros",2020,"Anjouan Island","Pomoni","Dzindri Yantsini",NA,"Partially Restricted","Community Reserve",NA,"foliaceous","cf",0,0,2,"HC","cf","-12.249128","44.350077","PIT","Dahari","Dahari","Forereef",0
"Comoros",2020,"Anjouan Island","Pomoni","Dzindri Yantsini",NA,"Partially Restricted","Community Reserve",NA,"mushroom","mush",0,0,2,"HC","mush","-12.249128","44.350077","PIT","Dahari","Dahari","Forereef",0
"Comoros",2020,"Anjouan Island","Pomoni","Dzindri Yantsini",NA,"Partially Restricted","Community Reserve",NA,"Hydroids","Hydr",0,0,2,"INV","Hydr","-12.249128","44.350077","PIT","Dahari","Dahari","Forereef",0
"Comoros",2020,"Anjouan Island","Pomoni","Dzindri Yantsini",NA,"Partially Restricted","Community Reserve",NA,"Inverts-other","INV",0.44,0.28,1,"INV",NA,"-12.249128","44.350077","PIT","Dahari","Dahari","Forereef",0.68
"Comoros",2020,"Anjouan Island","Pomoni","Dzindri Yantsini",NA,"Partially Restricted","Community Reserve",NA,"Sponge","Spog",0,0,2,"INV","Spog","-12.249128","44.350077","PIT","Dahari","Dahari","Forereef",0
"Comoros",2020,"Anjouan Island","Pomoni","Dzindri Yantsini",NA,"Partially Restricted","Community Reserve",NA,"Algae-macro/fleshy","AMAC",0.88,0.44,1,"AMAC",NA,"-12.249128","44.350077","PIT","Dahari","Dahari","Forereef",1.07
"Comoros",2020,"Anjouan Island","Pomoni","Dzindri Yantsini",NA,"Partially Restricted","Community Reserve",NA,"Algae-turf","ATRF",16.89,1.64,1,"ATRF",NA,"-12.249128","44.350077","PIT","Dahari","Dahari","Forereef",4.03
"Comoros",2020,"Anjouan Island","Pomoni","Dzindri Yantsini",NA,"Partially Restricted","Community Reserve",NA,"Algae-Halimeda","AHAL",0,0,1,"AHAL",NA,"-12.249128","44.350077","PIT","Dahari","Dahari","Forereef",0
"Comoros",2020,"Anjouan Island","Pomoni","Dzindri Yantsini",NA,"Partially Restricted","Community Reserve",NA,"Algae-coralline","ACOR",21.49,2.49,1,"ACOR",NA,"-12.249128","44.350077","PIT","Dahari","Dahari","Forereef",6.1
"Comoros",2020,"Anjouan Island","Pomoni","Dzindri Yantsini",NA,"Partially Restricted","Community Reserve",NA,"Rubble","RUB",0.44,0.44,1,"RUB",NA,"-12.249128","44.350077","PIT","Dahari","Dahari","Forereef",1.07
"Comoros",2020,"Anjouan Island","Pomoni","Dzindri Yantsini",NA,"Partially Restricted","Community Reserve",NA,"Rock","RCK",17.76,2.78,1,"RCK",NA,"-12.249128","44.350077","PIT","Dahari","Dahari","Forereef",6.8
"Comoros",2020,"Anjouan Island","Pomoni","Dzindri Yantsini",NA,"Partially Restricted","Community Reserve",NA,"Sand","SND",0,0,1,"SND",NA,"-12.249128","44.350077","PIT","Dahari","Dahari","Forereef",0
"Comoros",2020,"Anjouan Island","Pomoni","Dzindri Yantsini",NA,"Partially Restricted","Community Reserve",NA,"Seagrass","SGR",0,0,1,"SGR",NA,"-12.249128","44.350077","PIT","Dahari","Dahari","Forereef",0
"Comoros",2020,"Anjouan Island","Pomoni","Dzindri Yantsini",NA,"Partially Restricted","Community Reserve",NA,"Recent Dead Coral","RDC",0.88,0.44,1,"RDC",NA,"-12.249128","44.350077","PIT","Dahari","Dahari","Forereef",1.07
"Comoros",2021,"Anjouan Island","Pomoni","Madjibaridi",NA,"Partially Restricted","Community Reserve",NA,"massive","cm",6.14,2.73,2,"HC","cm","-12.2433333","44.34805556","PIT","Dahari","Dahari","Reef flat",6.69
"Comoros",2021,"Anjouan Island","Pomoni","Madjibaridi",NA,"Partially Restricted","Community Reserve",NA,"branching","cb",14.69,6.3,2,"HC","cb","-12.2433333","44.34805556","PIT","Dahari","Dahari","Reef flat",15.42
"Comoros",2021,"Anjouan Island","Pomoni","Madjibaridi",NA,"Partially Restricted","Community Reserve",NA,"digitate","cd",0,0,2,"HC","cd","-12.2433333","44.34805556","PIT","Dahari","Dahari","Reef flat",0
"Comoros",2021,"Anjouan Island","Pomoni","Madjibaridi",NA,"Partially Restricted","Community Reserve",NA,"tabular","ct",0.22,0.22,2,"HC","ct","-12.2433333","44.34805556","PIT","Dahari","Dahari","Reef flat",0.54
"Comoros",2021,"Anjouan Island","Pomoni","Madjibaridi",NA,"Partially Restricted","Community Reserve",NA,"encrusting","ce",3.07,0.65,2,"HC","ce","-12.2433333","44.34805556","PIT","Dahari","Dahari","Reef flat",1.59
"Comoros",2021,"Anjouan Island","Pomoni","Madjibaridi",NA,"Partially Restricted","Community Reserve",NA,"submassive","cs",0,0,2,"HC","cs","-12.2433333","44.34805556","PIT","Dahari","Dahari","Reef flat",0
"Comoros",2021,"Anjouan Island","Pomoni","Madjibaridi",NA,"Partially Restricted","Community Reserve",NA,"foliaceous","cf",0,0,2,"HC","cf","-12.2433333","44.34805556","PIT","Dahari","Dahari","Reef flat",0
"Comoros",2021,"Anjouan Island","Pomoni","Madjibaridi",NA,"Partially Restricted","Community Reserve",NA,"mushroom","mush",0,0,2,"HC","mush","-12.2433333","44.34805556","PIT","Dahari","Dahari","Reef flat",0
"Comoros",2021,"Anjouan Island","Pomoni","Madjibaridi",NA,"Partially Restricted","Community Reserve",NA,"Hydroids","Hydr",0,0,2,"INV","Hydr","-12.2433333","44.34805556","PIT","Dahari","Dahari","Reef flat",0
"Comoros",2021,"Anjouan Island","Pomoni","Madjibaridi",NA,"Partially Restricted","Community Reserve",NA,"Inverts-other","INV",1.75,0.44,1,"INV",NA,"-12.2433333","44.34805556","PIT","Dahari","Dahari","Reef flat",1.07
"Comoros",2021,"Anjouan Island","Pomoni","Madjibaridi",NA,"Partially Restricted","Community Reserve",NA,"Sponge","Spog",0,0,2,"INV","Spog","-12.2433333","44.34805556","PIT","Dahari","Dahari","Reef flat",0
"Comoros",2021,"Anjouan Island","Pomoni","Madjibaridi",NA,"Partially Restricted","Community Reserve",NA,"Algae-macro/fleshy","AMAC",2.85,1.84,1,"AMAC",NA,"-12.2433333","44.34805556","PIT","Dahari","Dahari","Reef flat",4.51
"Comoros",2021,"Anjouan Island","Pomoni","Madjibaridi",NA,"Partially Restricted","Community Reserve",NA,"Algae-turf","ATRF",21.71,2.9,1,"ATRF",NA,"-12.2433333","44.34805556","PIT","Dahari","Dahari","Reef flat",7.1
"Comoros",2021,"Anjouan Island","Pomoni","Madjibaridi",NA,"Partially Restricted","Community Reserve",NA,"Algae-Halimeda","AHAL",0,0,1,"AHAL",NA,"-12.2433333","44.34805556","PIT","Dahari","Dahari","Reef flat",0
"Comoros",2021,"Anjouan Island","Pomoni","Madjibaridi",NA,"Partially Restricted","Community Reserve",NA,"Algae-coralline","ACOR",10.96,3.01,1,"ACOR",NA,"-12.2433333","44.34805556","PIT","Dahari","Dahari","Reef flat",7.38
"Comoros",2021,"Anjouan Island","Pomoni","Madjibaridi",NA,"Partially Restricted","Community Reserve",NA,"Rubble","RUB",28.07,2.42,1,"RUB",NA,"-12.2433333","44.34805556","PIT","Dahari","Dahari","Reef flat",5.92
"Comoros",2021,"Anjouan Island","Pomoni","Madjibaridi",NA,"Partially Restricted","Community Reserve",NA,"Rock","RCK",5.48,1.24,1,"RCK",NA,"-12.2433333","44.34805556","PIT","Dahari","Dahari","Reef flat",3.05
"Comoros",2021,"Anjouan Island","Pomoni","Madjibaridi",NA,"Partially Restricted","Community Reserve",NA,"Sand","SND",3.29,1.21,1,"SND",NA,"-12.2433333","44.34805556","PIT","Dahari","Dahari","Reef flat",2.97
"Comoros",2021,"Anjouan Island","Pomoni","Madjibaridi",NA,"Partially Restricted","Community Reserve",NA,"Seagrass","SGR",1.32,1.32,1,"SGR",NA,"-12.2433333","44.34805556","PIT","Dahari","Dahari","Reef flat",3.22
"Comoros",2021,"Anjouan Island","Pomoni","Madjibaridi",NA,"Partially Restricted","Community Reserve",NA,"Recent Dead Coral","RDC",0.44,0.28,1,"RDC",NA,"-12.2433333","44.34805556","PIT","Dahari","Dahari","Reef flat",0.68
"Comoros",2021,"Anjouan Island","Pomoni","Hamare_01",NA,"Partially Restricted","Community Reserve",NA,"massive","cm",6.8,1.75,2,"HC","cm","-12.240493","44.334006","PIT","Dahari","Dahari","Reef flat",4.28
"Comoros",2021,"Anjouan Island","Pomoni","Hamare_01",NA,"Partially Restricted","Community Reserve",NA,"branching","cb",8.99,4.03,2,"HC","cb","-12.240493","44.334006","PIT","Dahari","Dahari","Reef flat",9.86
"Comoros",2021,"Anjouan Island","Pomoni","Hamare_01",NA,"Partially Restricted","Community Reserve",NA,"digitate","cd",0,0,2,"HC","cd","-12.240493","44.334006","PIT","Dahari","Dahari","Reef flat",0
"Comoros",2021,"Anjouan Island","Pomoni","Hamare_01",NA,"Partially Restricted","Community Reserve",NA,"tabular","ct",0,0,2,"HC","ct","-12.240493","44.334006","PIT","Dahari","Dahari","Reef flat",0
"Comoros",2021,"Anjouan Island","Pomoni","Hamare_01",NA,"Partially Restricted","Community Reserve",NA,"encrusting","ce",2.63,0.96,2,"HC","ce","-12.240493","44.334006","PIT","Dahari","Dahari","Reef flat",2.35
"Comoros",2021,"Anjouan Island","Pomoni","Hamare_01",NA,"Partially Restricted","Community Reserve",NA,"submassive","cs",0,0,2,"HC","cs","-12.240493","44.334006","PIT","Dahari","Dahari","Reef flat",0
"Comoros",2021,"Anjouan Island","Pomoni","Hamare_01",NA,"Partially Restricted","Community Reserve",NA,"foliaceous","cf",0,0,2,"HC","cf","-12.240493","44.334006","PIT","Dahari","Dahari","Reef flat",0
"Comoros",2021,"Anjouan Island","Pomoni","Hamare_01",NA,"Partially Restricted","Community Reserve",NA,"mushroom","mush",0,0,2,"HC","mush","-12.240493","44.334006","PIT","Dahari","Dahari","Reef flat",0
"Comoros",2021,"Anjouan Island","Pomoni","Hamare_01",NA,"Partially Restricted","Community Reserve",NA,"Hydroids","Hydr",0,0,2,"INV","Hydr","-12.240493","44.334006","PIT","Dahari","Dahari","Reef flat",0
"Comoros",2021,"Anjouan Island","Pomoni","Hamare_01",NA,"Partially Restricted","Community Reserve",NA,"Inverts-other","INV",0,0,1,"INV",NA,"-12.240493","44.334006","PIT","Dahari","Dahari","Reef flat",0
"Comoros",2021,"Anjouan Island","Pomoni","Hamare_01",NA,"Partially Restricted","Community Reserve",NA,"Sponge","Spog",0.44,0.28,2,"INV","Spog","-12.240493","44.334006","PIT","Dahari","Dahari","Reef flat",0.68
"Comoros",2021,"Anjouan Island","Pomoni","Hamare_01",NA,"Partially Restricted","Community Reserve",NA,"Algae-macro/fleshy","AMAC",10.31,1.57,1,"AMAC",NA,"-12.240493","44.334006","PIT","Dahari","Dahari","Reef flat",3.85
"Comoros",2021,"Anjouan Island","Pomoni","Hamare_01",NA,"Partially Restricted","Community Reserve",NA,"Algae-turf","ATRF",38.6,1.91,1,"ATRF",NA,"-12.240493","44.334006","PIT","Dahari","Dahari","Reef flat",4.68
"Comoros",2021,"Anjouan Island","Pomoni","Hamare_01",NA,"Partially Restricted","Community Reserve",NA,"Algae-Halimeda","AHAL",0,0,1,"AHAL",NA,"-12.240493","44.334006","PIT","Dahari","Dahari","Reef flat",0
"Comoros",2021,"Anjouan Island","Pomoni","Hamare_01",NA,"Partially Restricted","Community Reserve",NA,"Algae-coralline","ACOR",6.14,1.16,1,"ACOR",NA,"-12.240493","44.334006","PIT","Dahari","Dahari","Reef flat",2.84
"Comoros",2021,"Anjouan Island","Pomoni","Hamare_01",NA,"Partially Restricted","Community Reserve",NA,"Rubble","RUB",20.61,4.97,1,"RUB",NA,"-12.240493","44.334006","PIT","Dahari","Dahari","Reef flat",12.16
"Comoros",2021,"Anjouan Island","Pomoni","Hamare_01",NA,"Partially Restricted","Community Reserve",NA,"Rock","RCK",2.19,1.26,1,"RCK",NA,"-12.240493","44.334006","PIT","Dahari","Dahari","Reef flat",3.08
"Comoros",2021,"Anjouan Island","Pomoni","Hamare_01",NA,"Partially Restricted","Community Reserve",NA,"Sand","SND",3.07,0.94,1,"SND",NA,"-12.240493","44.334006","PIT","Dahari","Dahari","Reef flat",2.3
"Comoros",2021,"Anjouan Island","Pomoni","Hamare_01",NA,"Partially Restricted","Community Reserve",NA,"Seagrass","SGR",0,0,1,"SGR",NA,"-12.240493","44.334006","PIT","Dahari","Dahari","Reef flat",0
"Comoros",2021,"Anjouan Island","Pomoni","Hamare_01",NA,"Partially Restricted","Community Reserve",NA,"Recent Dead Coral","RDC",0.22,0.22,1,"RDC",NA,"-12.240493","44.334006","PIT","Dahari","Dahari","Reef flat",0.54
"Comoros",2021,"Anjouan Island","Pomoni","Mrojou",NA,"Partially Restricted","Community Reserve",NA,"massive","cm",13.6,3.61,2,"HC","cm","-12.2440278","44.3556667","PIT","Dahari","Dahari","Reef flat",8.83
"Comoros",2021,"Anjouan Island","Pomoni","Mrojou",NA,"Partially Restricted","Community Reserve",NA,"branching","cb",10.75,3.76,2,"HC","cb","-12.2440278","44.3556667","PIT","Dahari","Dahari","Reef flat",9.21
"Comoros",2021,"Anjouan Island","Pomoni","Mrojou",NA,"Partially Restricted","Community Reserve",NA,"digitate","cd",0,0,2,"HC","cd","-12.2440278","44.3556667","PIT","Dahari","Dahari","Reef flat",0
"Comoros",2021,"Anjouan Island","Pomoni","Mrojou",NA,"Partially Restricted","Community Reserve",NA,"tabular","ct",0,0,2,"HC","ct","-12.2440278","44.3556667","PIT","Dahari","Dahari","Reef flat",0
"Comoros",2021,"Anjouan Island","Pomoni","Mrojou",NA,"Partially Restricted","Community Reserve",NA,"encrusting","ce",6.58,3.1,2,"HC","ce","-12.2440278","44.3556667","PIT","Dahari","Dahari","Reef flat",7.58
"Comoros",2021,"Anjouan Island","Pomoni","Mrojou",NA,"Partially Restricted","Community Reserve",NA,"submassive","cs",0,0,2,"HC","cs","-12.2440278","44.3556667","PIT","Dahari","Dahari","Reef flat",0
"Comoros",2021,"Anjouan Island","Pomoni","Mrojou",NA,"Partially Restricted","Community Reserve",NA,"foliaceous","cf",0,0,2,"HC","cf","-12.2440278","44.3556667","PIT","Dahari","Dahari","Reef flat",0
"Comoros",2021,"Anjouan Island","Pomoni","Mrojou",NA,"Partially Restricted","Community Reserve",NA,"mushroom","mush",0,0,2,"HC","mush","-12.2440278","44.3556667","PIT","Dahari","Dahari","Reef flat",0
"Comoros",2021,"Anjouan Island","Pomoni","Mrojou",NA,"Partially Restricted","Community Reserve",NA,"Hydroids","Hydr",0,0,2,"INV","Hydr","-12.2440278","44.3556667","PIT","Dahari","Dahari","Reef flat",0
"Comoros",2021,"Anjouan Island","Pomoni","Mrojou",NA,"Partially Restricted","Community Reserve",NA,"Inverts-other","INV",0.44,0.28,1,"INV",NA,"-12.2440278","44.3556667","PIT","Dahari","Dahari","Reef flat",0.68
"Comoros",2021,"Anjouan Island","Pomoni","Mrojou",NA,"Partially Restricted","Community Reserve",NA,"Sponge","Spog",0.88,0.65,2,"INV","Spog","-12.2440278","44.3556667","PIT","Dahari","Dahari","Reef flat",1.59
"Comoros",2021,"Anjouan Island","Pomoni","Mrojou",NA,"Partially Restricted","Community Reserve",NA,"Algae-macro/fleshy","AMAC",12.06,3.49,1,"AMAC",NA,"-12.2440278","44.3556667","PIT","Dahari","Dahari","Reef flat",8.54
"Comoros",2021,"Anjouan Island","Pomoni","Mrojou",NA,"Partially Restricted","Community Reserve",NA,"Algae-turf","ATRF",26.54,7.61,1,"ATRF",NA,"-12.2440278","44.3556667","PIT","Dahari","Dahari","Reef flat",18.63
"Comoros",2021,"Anjouan Island","Pomoni","Mrojou",NA,"Partially Restricted","Community Reserve",NA,"Algae-Halimeda","AHAL",0,0,1,"AHAL",NA,"-12.2440278","44.3556667","PIT","Dahari","Dahari","Reef flat",0
"Comoros",2021,"Anjouan Island","Pomoni","Mrojou",NA,"Partially Restricted","Community Reserve",NA,"Algae-coralline","ACOR",20.83,5.37,1,"ACOR",NA,"-12.2440278","44.3556667","PIT","Dahari","Dahari","Reef flat",13.14
"Comoros",2021,"Anjouan Island","Pomoni","Mrojou",NA,"Partially Restricted","Community Reserve",NA,"Rubble","RUB",4.82,3.54,1,"RUB",NA,"-12.2440278","44.3556667","PIT","Dahari","Dahari","Reef flat",8.67
"Comoros",2021,"Anjouan Island","Pomoni","Mrojou",NA,"Partially Restricted","Community Reserve",NA,"Rock","RCK",0.44,0.28,1,"RCK",NA,"-12.2440278","44.3556667","PIT","Dahari","Dahari","Reef flat",0.68
"Comoros",2021,"Anjouan Island","Pomoni","Mrojou",NA,"Partially Restricted","Community Reserve",NA,"Sand","SND",3.07,1.26,1,"SND",NA,"-12.2440278","44.3556667","PIT","Dahari","Dahari","Reef flat",3.08
"Comoros",2021,"Anjouan Island","Pomoni","Mrojou",NA,"Partially Restricted","Community Reserve",NA,"Seagrass","SGR",0,0,1,"SGR",NA,"-12.2440278","44.3556667","PIT","Dahari","Dahari","Reef flat",0
"Comoros",2021,"Anjouan Island","Pomoni","Mrojou",NA,"Partially Restricted","Community Reserve",NA,"Recent Dead Coral","RDC",0,0,1,"RDC",NA,"-12.2440278","44.3556667","PIT","Dahari","Dahari","Reef flat",0
"Comoros",2021,"Anjouan Island","Pomoni","Mabamboni",NA,"Partially Restricted","Community Reserve",NA,"massive","cm",9.65,1.85,2,"HC","cm","-12.244921","44.329091","PIT","Dahari","Dahari","Forereef",4.53
"Comoros",2021,"Anjouan Island","Pomoni","Mabamboni",NA,"Partially Restricted","Community Reserve",NA,"branching","cb",10.31,2.57,2,"HC","cb","-12.244921","44.329091","PIT","Dahari","Dahari","Forereef",6.31
"Comoros",2021,"Anjouan Island","Pomoni","Mabamboni",NA,"Partially Restricted","Community Reserve",NA,"digitate","cd",0,0,2,"HC","cd","-12.244921","44.329091","PIT","Dahari","Dahari","Forereef",0
"Comoros",2021,"Anjouan Island","Pomoni","Mabamboni",NA,"Partially Restricted","Community Reserve",NA,"tabular","ct",0.44,0.44,2,"HC","ct","-12.244921","44.329091","PIT","Dahari","Dahari","Forereef",1.07
"Comoros",2021,"Anjouan Island","Pomoni","Mabamboni",NA,"Partially Restricted","Community Reserve",NA,"encrusting","ce",9.21,1.66,2,"HC","ce","-12.244921","44.329091","PIT","Dahari","Dahari","Forereef",4.08
"Comoros",2021,"Anjouan Island","Pomoni","Mabamboni",NA,"Partially Restricted","Community Reserve",NA,"submassive","cs",0,0,2,"HC","cs","-12.244921","44.329091","PIT","Dahari","Dahari","Forereef",0
"Comoros",2021,"Anjouan Island","Pomoni","Mabamboni",NA,"Partially Restricted","Community Reserve",NA,"foliaceous","cf",0,0,2,"HC","cf","-12.244921","44.329091","PIT","Dahari","Dahari","Forereef",0
"Comoros",2021,"Anjouan Island","Pomoni","Mabamboni",NA,"Partially Restricted","Community Reserve",NA,"mushroom","mush",0,0,2,"HC","mush","-12.244921","44.329091","PIT","Dahari","Dahari","Forereef",0
"Comoros",2021,"Anjouan Island","Pomoni","Mabamboni",NA,"Partially Restricted","Community Reserve",NA,"Hydroids","Hydr",0,0,2,"INV","Hydr","-12.244921","44.329091","PIT","Dahari","Dahari","Forereef",0
"Comoros",2021,"Anjouan Island","Pomoni","Mabamboni",NA,"Partially Restricted","Community Reserve",NA,"Inverts-other","INV",0.88,0.44,1,"INV",NA,"-12.244921","44.329091","PIT","Dahari","Dahari","Forereef",1.07
"Comoros",2021,"Anjouan Island","Pomoni","Mabamboni",NA,"Partially Restricted","Community Reserve",NA,"Sponge","Spog",0.66,0.29,2,"INV","Spog","-12.244921","44.329091","PIT","Dahari","Dahari","Forereef",0.72
"Comoros",2021,"Anjouan Island","Pomoni","Mabamboni",NA,"Partially Restricted","Community Reserve",NA,"Algae-macro/fleshy","AMAC",4.61,1.21,1,"AMAC",NA,"-12.244921","44.329091","PIT","Dahari","Dahari","Forereef",2.97
"Comoros",2021,"Anjouan Island","Pomoni","Mabamboni",NA,"Partially Restricted","Community Reserve",NA,"Algae-turf","ATRF",29.61,3.22,1,"ATRF",NA,"-12.244921","44.329091","PIT","Dahari","Dahari","Forereef",7.88
"Comoros",2021,"Anjouan Island","Pomoni","Mabamboni",NA,"Partially Restricted","Community Reserve",NA,"Algae-Halimeda","AHAL",0,0,1,"AHAL",NA,"-12.244921","44.329091","PIT","Dahari","Dahari","Forereef",0
"Comoros",2021,"Anjouan Island","Pomoni","Mabamboni",NA,"Partially Restricted","Community Reserve",NA,"Algae-coralline","ACOR",14.91,3.05,1,"ACOR",NA,"-12.244921","44.329091","PIT","Dahari","Dahari","Forereef",7.47
"Comoros",2021,"Anjouan Island","Pomoni","Mabamboni",NA,"Partially Restricted","Community Reserve",NA,"Rubble","RUB",4.17,1.93,1,"RUB",NA,"-12.244921","44.329091","PIT","Dahari","Dahari","Forereef",4.74
"Comoros",2021,"Anjouan Island","Pomoni","Mabamboni",NA,"Partially Restricted","Community Reserve",NA,"Rock","RCK",13.38,4.24,1,"RCK",NA,"-12.244921","44.329091","PIT","Dahari","Dahari","Forereef",10.37
"Comoros",2021,"Anjouan Island","Pomoni","Mabamboni",NA,"Partially Restricted","Community Reserve",NA,"Sand","SND",1.97,1.51,1,"SND",NA,"-12.244921","44.329091","PIT","Dahari","Dahari","Forereef",3.7
"Comoros",2021,"Anjouan Island","Pomoni","Mabamboni",NA,"Partially Restricted","Community Reserve",NA,"Seagrass","SGR",0,0,1,"SGR",NA,"-12.244921","44.329091","PIT","Dahari","Dahari","Forereef",0
"Comoros",2021,"Anjouan Island","Pomoni","Mabamboni",NA,"Partially Restricted","Community Reserve",NA,"Recent Dead Coral","RDC",0.22,0.22,1,"RDC",NA,"-12.244921","44.329091","PIT","Dahari","Dahari","Forereef",0.54
"Comoros",2021,"Anjouan Island","Pomoni","Dzindri Yantsini",NA,"Partially Restricted","Community Reserve",NA,"massive","cm",9.65,1.54,2,"HC","cm","-12.249128","44.350077","PIT","Dahari","Dahari","Forereef",3.78
"Comoros",2021,"Anjouan Island","Pomoni","Dzindri Yantsini",NA,"Partially Restricted","Community Reserve",NA,"branching","cb",27.63,3.48,2,"HC","cb","-12.249128","44.350077","PIT","Dahari","Dahari","Forereef",8.53
"Comoros",2021,"Anjouan Island","Pomoni","Dzindri Yantsini",NA,"Partially Restricted","Community Reserve",NA,"digitate","cd",0,0,2,"HC","cd","-12.249128","44.350077","PIT","Dahari","Dahari","Forereef",0
"Comoros",2021,"Anjouan Island","Pomoni","Dzindri Yantsini",NA,"Partially Restricted","Community Reserve",NA,"tabular","ct",2.19,0.81,2,"HC","ct","-12.249128","44.350077","PIT","Dahari","Dahari","Forereef",1.98
"Comoros",2021,"Anjouan Island","Pomoni","Dzindri Yantsini",NA,"Partially Restricted","Community Reserve",NA,"encrusting","ce",11.62,2.13,2,"HC","ce","-12.249128","44.350077","PIT","Dahari","Dahari","Forereef",5.22
"Comoros",2021,"Anjouan Island","Pomoni","Dzindri Yantsini",NA,"Partially Restricted","Community Reserve",NA,"submassive","cs",0,0,2,"HC","cs","-12.249128","44.350077","PIT","Dahari","Dahari","Forereef",0
"Comoros",2021,"Anjouan Island","Pomoni","Dzindri Yantsini",NA,"Partially Restricted","Community Reserve",NA,"foliaceous","cf",0,0,2,"HC","cf","-12.249128","44.350077","PIT","Dahari","Dahari","Forereef",0
"Comoros",2021,"Anjouan Island","Pomoni","Dzindri Yantsini",NA,"Partially Restricted","Community Reserve",NA,"mushroom","mush",0,0,2,"HC","mush","-12.249128","44.350077","PIT","Dahari","Dahari","Forereef",0
"Comoros",2021,"Anjouan Island","Pomoni","Dzindri Yantsini",NA,"Partially Restricted","Community Reserve",NA,"Hydroids","Hydr",0,0,2,"INV","Hydr","-12.249128","44.350077","PIT","Dahari","Dahari","Forereef",0
"Comoros",2021,"Anjouan Island","Pomoni","Dzindri Yantsini",NA,"Partially Restricted","Community Reserve",NA,"Inverts-other","INV",0.44,0.28,1,"INV",NA,"-12.249128","44.350077","PIT","Dahari","Dahari","Forereef",0.68
"Comoros",2021,"Anjouan Island","Pomoni","Dzindri Yantsini",NA,"Partially Restricted","Community Reserve",NA,"Sponge","Spog",0.44,0.28,2,"INV","Spog","-12.249128","44.350077","PIT","Dahari","Dahari","Forereef",0.68
"Comoros",2021,"Anjouan Island","Pomoni","Dzindri Yantsini",NA,"Partially Restricted","Community Reserve",NA,"Algae-macro/fleshy","AMAC",1.54,1.54,1,"AMAC",NA,"-12.249128","44.350077","PIT","Dahari","Dahari","Forereef",3.76
"Comoros",2021,"Anjouan Island","Pomoni","Dzindri Yantsini",NA,"Partially Restricted","Community Reserve",NA,"Algae-turf","ATRF",13.38,2.79,1,"ATRF",NA,"-12.249128","44.350077","PIT","Dahari","Dahari","Forereef",6.83
"Comoros",2021,"Anjouan Island","Pomoni","Dzindri Yantsini",NA,"Partially Restricted","Community Reserve",NA,"Algae-Halimeda","AHAL",0,0,1,"AHAL",NA,"-12.249128","44.350077","PIT","Dahari","Dahari","Forereef",0
"Comoros",2021,"Anjouan Island","Pomoni","Dzindri Yantsini",NA,"Partially Restricted","Community Reserve",NA,"Algae-coralline","ACOR",23.9,2.44,1,"ACOR",NA,"-12.249128","44.350077","PIT","Dahari","Dahari","Forereef",5.97
"Comoros",2021,"Anjouan Island","Pomoni","Dzindri Yantsini",NA,"Partially Restricted","Community Reserve",NA,"Rubble","RUB",0.44,0.28,1,"RUB",NA,"-12.249128","44.350077","PIT","Dahari","Dahari","Forereef",0.68
"Comoros",2021,"Anjouan Island","Pomoni","Dzindri Yantsini",NA,"Partially Restricted","Community Reserve",NA,"Rock","RCK",8.11,1.71,1,"RCK",NA,"-12.249128","44.350077","PIT","Dahari","Dahari","Forereef",4.2
"Comoros",2021,"Anjouan Island","Pomoni","Dzindri Yantsini",NA,"Partially Restricted","Community Reserve",NA,"Sand","SND",0.66,0.45,1,"SND",NA,"-12.249128","44.350077","PIT","Dahari","Dahari","Forereef",1.1
"Comoros",2021,"Anjouan Island","Pomoni","Dzindri Yantsini",NA,"Partially Restricted","Community Reserve",NA,"Seagrass","SGR",0,0,1,"SGR",NA,"-12.249128","44.350077","PIT","Dahari","Dahari","Forereef",0
"Comoros",2021,"Anjouan Island","Pomoni","Dzindri Yantsini",NA,"Partially Restricted","Community Reserve",NA,"Recent Dead Coral","RDC",0,0,1,"RDC",NA,"-12.249128","44.350077","PIT","Dahari","Dahari","Forereef",0
"Comoros",2021,"Anjouan Island","Pomoni","Hamare_02",NA,"Partially Restricted","Community Reserve",NA,"massive","cm",16.89,1.81,2,"HC","cm","-12.241253","44.333174","PIT","Dahari","Dahari","Forereef",4.44
"Comoros",2021,"Anjouan Island","Pomoni","Hamare_02",NA,"Partially Restricted","Community Reserve",NA,"branching","cb",23.25,3.11,2,"HC","cb","-12.241253","44.333174","PIT","Dahari","Dahari","Forereef",7.61
"Comoros",2021,"Anjouan Island","Pomoni","Hamare_02",NA,"Partially Restricted","Community Reserve",NA,"digitate","cd",0,0,2,"HC","cd","-12.241253","44.333174","PIT","Dahari","Dahari","Forereef",0
"Comoros",2021,"Anjouan Island","Pomoni","Hamare_02",NA,"Partially Restricted","Community Reserve",NA,"tabular","ct",1.54,0.63,2,"HC","ct","-12.241253","44.333174","PIT","Dahari","Dahari","Forereef",1.54
"Comoros",2021,"Anjouan Island","Pomoni","Hamare_02",NA,"Partially Restricted","Community Reserve",NA,"encrusting","ce",18.86,3.23,2,"HC","ce","-12.241253","44.333174","PIT","Dahari","Dahari","Forereef",7.92
"Comoros",2021,"Anjouan Island","Pomoni","Hamare_02",NA,"Partially Restricted","Community Reserve",NA,"submassive","cs",0,0,2,"HC","cs","-12.241253","44.333174","PIT","Dahari","Dahari","Forereef",0
"Comoros",2021,"Anjouan Island","Pomoni","Hamare_02",NA,"Partially Restricted","Community Reserve",NA,"foliaceous","cf",0,0,2,"HC","cf","-12.241253","44.333174","PIT","Dahari","Dahari","Forereef",0
"Comoros",2021,"Anjouan Island","Pomoni","Hamare_02",NA,"Partially Restricted","Community Reserve",NA,"mushroom","mush",0,0,2,"HC","mush","-12.241253","44.333174","PIT","Dahari","Dahari","Forereef",0
"Comoros",2021,"Anjouan Island","Pomoni","Hamare_02",NA,"Partially Restricted","Community Reserve",NA,"Hydroids","Hydr",0,0,2,"INV","Hydr","-12.241253","44.333174","PIT","Dahari","Dahari","Forereef",0
"Comoros",2021,"Anjouan Island","Pomoni","Hamare_02",NA,"Partially Restricted","Community Reserve",NA,"Inverts-other","INV",0.22,0.22,1,"INV",NA,"-12.241253","44.333174","PIT","Dahari","Dahari","Forereef",0.54
"Comoros",2021,"Anjouan Island","Pomoni","Hamare_02",NA,"Partially Restricted","Community Reserve",NA,"Sponge","Spog",0,0,2,"INV","Spog","-12.241253","44.333174","PIT","Dahari","Dahari","Forereef",0
"Comoros",2021,"Anjouan Island","Pomoni","Hamare_02",NA,"Partially Restricted","Community Reserve",NA,"Algae-macro/fleshy","AMAC",0.22,0.22,1,"AMAC",NA,"-12.241253","44.333174","PIT","Dahari","Dahari","Forereef",0.54
"Comoros",2021,"Anjouan Island","Pomoni","Hamare_02",NA,"Partially Restricted","Community Reserve",NA,"Algae-turf","ATRF",16.45,3.9,1,"ATRF",NA,"-12.241253","44.333174","PIT","Dahari","Dahari","Forereef",9.55
"Comoros",2021,"Anjouan Island","Pomoni","Hamare_02",NA,"Partially Restricted","Community Reserve",NA,"Algae-Halimeda","AHAL",0,0,1,"AHAL",NA,"-12.241253","44.333174","PIT","Dahari","Dahari","Forereef",0
"Comoros",2021,"Anjouan Island","Pomoni","Hamare_02",NA,"Partially Restricted","Community Reserve",NA,"Algae-coralline","ACOR",21.27,2.89,1,"ACOR",NA,"-12.241253","44.333174","PIT","Dahari","Dahari","Forereef",7.08
"Comoros",2021,"Anjouan Island","Pomoni","Hamare_02",NA,"Partially Restricted","Community Reserve",NA,"Rubble","RUB",0.88,0.44,1,"RUB",NA,"-12.241253","44.333174","PIT","Dahari","Dahari","Forereef",1.07
"Comoros",2021,"Anjouan Island","Pomoni","Hamare_02",NA,"Partially Restricted","Community Reserve",NA,"Rock","RCK",0.22,0.22,1,"RCK",NA,"-12.241253","44.333174","PIT","Dahari","Dahari","Forereef",0.54
"Comoros",2021,"Anjouan Island","Pomoni","Hamare_02",NA,"Partially Restricted","Community Reserve",NA,"Sand","SND",0,0,1,"SND",NA,"-12.241253","44.333174","PIT","Dahari","Dahari","Forereef",0
"Comoros",2021,"Anjouan Island","Pomoni","Hamare_02",NA,"Partially Restricted","Community Reserve",NA,"Seagrass","SGR",0,0,1,"SGR",NA,"-12.241253","44.333174","PIT","Dahari","Dahari","Forereef",0
"Comoros",2021,"Anjouan Island","Pomoni","Hamare_02",NA,"Partially Restricted","Community Reserve",NA,"Recent Dead Coral","RDC",0.22,0.22,1,"RDC",NA,"-12.241253","44.333174","PIT","Dahari","Dahari","Forereef",0.54
"Comoros",2021,"Anjouan Island","Moya","Mpoundri",NA,"Partially restricted","Community Reserve",NA,"massive","cm",9.65,2.17,2,"HC","cm","-12.303833","44.429467","PIT","Dahari","Dahari","Forereef",5.31
"Comoros",2021,"Anjouan Island","Moya","Mpoundri",NA,"Partially restricted","Community Reserve",NA,"branching","cb",31.58,5.89,2,"HC","cb","-12.303833","44.429467","PIT","Dahari","Dahari","Forereef",14.44
"Comoros",2021,"Anjouan Island","Moya","Mpoundri",NA,"Partially restricted","Community Reserve",NA,"digitate","cd",0,0,2,"HC","cd","-12.303833","44.429467","PIT","Dahari","Dahari","Forereef",0
"Comoros",2021,"Anjouan Island","Moya","Mpoundri",NA,"Partially restricted","Community Reserve",NA,"tabular","ct",0.88,0.65,2,"HC","ct","-12.303833","44.429467","PIT","Dahari","Dahari","Forereef",1.59
"Comoros",2021,"Anjouan Island","Moya","Mpoundri",NA,"Partially restricted","Community Reserve",NA,"encrusting","ce",11.84,3,2,"HC","ce","-12.303833","44.429467","PIT","Dahari","Dahari","Forereef",7.35
"Comoros",2021,"Anjouan Island","Moya","Mpoundri",NA,"Partially restricted","Community Reserve",NA,"submassive","cs",0,0,2,"HC","cs","-12.303833","44.429467","PIT","Dahari","Dahari","Forereef",0
"Comoros",2021,"Anjouan Island","Moya","Mpoundri",NA,"Partially restricted","Community Reserve",NA,"foliaceous","cf",0,0,2,"HC","cf","-12.303833","44.429467","PIT","Dahari","Dahari","Forereef",0
"Comoros",2021,"Anjouan Island","Moya","Mpoundri",NA,"Partially restricted","Community Reserve",NA,"mushroom","mush",0,0,2,"HC","mush","-12.303833","44.429467","PIT","Dahari","Dahari","Forereef",0
"Comoros",2021,"Anjouan Island","Moya","Mpoundri",NA,"Partially restricted","Community Reserve",NA,"Hydroids","Hydr",0,0,2,"INV","Hydr","-12.303833","44.429467","PIT","Dahari","Dahari","Forereef",0
"Comoros",2021,"Anjouan Island","Moya","Mpoundri",NA,"Partially restricted","Community Reserve",NA,"Inverts-other","INV",0,0,1,"INV",NA,"-12.303833","44.429467","PIT","Dahari","Dahari","Forereef",0
"Comoros",2021,"Anjouan Island","Moya","Mpoundri",NA,"Partially restricted","Community Reserve",NA,"Sponge","Spog",0,0,2,"INV","Spog","-12.303833","44.429467","PIT","Dahari","Dahari","Forereef",0
"Comoros",2021,"Anjouan Island","Moya","Mpoundri",NA,"Partially restricted","Community Reserve",NA,"Algae-macro/fleshy","AMAC",3.07,1.58,1,"AMAC",NA,"-12.303833","44.429467","PIT","Dahari","Dahari","Forereef",3.87
"Comoros",2021,"Anjouan Island","Moya","Mpoundri",NA,"Partially restricted","Community Reserve",NA,"Algae-turf","ATRF",17.98,3.07,1,"ATRF",NA,"-12.303833","44.429467","PIT","Dahari","Dahari","Forereef",7.52
"Comoros",2021,"Anjouan Island","Moya","Mpoundri",NA,"Partially restricted","Community Reserve",NA,"Algae-Halimeda","AHAL",0,0,1,"AHAL",NA,"-12.303833","44.429467","PIT","Dahari","Dahari","Forereef",0
"Comoros",2021,"Anjouan Island","Moya","Mpoundri",NA,"Partially restricted","Community Reserve",NA,"Algae-coralline","ACOR",18.64,2.31,1,"ACOR",NA,"-12.303833","44.429467","PIT","Dahari","Dahari","Forereef",5.67
"Comoros",2021,"Anjouan Island","Moya","Mpoundri",NA,"Partially restricted","Community Reserve",NA,"Rubble","RUB",2.85,0.79,1,"RUB",NA,"-12.303833","44.429467","PIT","Dahari","Dahari","Forereef",1.94
"Comoros",2021,"Anjouan Island","Moya","Mpoundri",NA,"Partially restricted","Community Reserve",NA,"Rock","RCK",0,0,1,"RCK",NA,"-12.303833","44.429467","PIT","Dahari","Dahari","Forereef",0
"Comoros",2021,"Anjouan Island","Moya","Mpoundri",NA,"Partially restricted","Community Reserve",NA,"Sand","SND",3.51,2.44,1,"SND",NA,"-12.303833","44.429467","PIT","Dahari","Dahari","Forereef",5.98
"Comoros",2021,"Anjouan Island","Moya","Mpoundri",NA,"Partially restricted","Community Reserve",NA,"Seagrass","SGR",0,0,1,"SGR",NA,"-12.303833","44.429467","PIT","Dahari","Dahari","Forereef",0
"Comoros",2021,"Anjouan Island","Moya","Mpoundri",NA,"Partially restricted","Community Reserve",NA,"Recent Dead Coral","RDC",0,0,1,"RDC",NA,"-12.303833","44.429467","PIT","Dahari","Dahari","Forereef",0
"Comoros",2021,"Anjouan Island","Moya","Plage Moya",NA,"Partially restricted","Community Reserve",NA,"massive","cm",14.73,1.12,2,"HC","cm","-12.309783","44.430883","PIT","Dahari","Dahari","Forereef",2.76
"Comoros",2021,"Anjouan Island","Moya","Plage Moya",NA,"Partially restricted","Community Reserve",NA,"branching","cb",28.78,2.42,2,"HC","cb","-12.309783","44.430883","PIT","Dahari","Dahari","Forereef",5.93
"Comoros",2021,"Anjouan Island","Moya","Plage Moya",NA,"Partially restricted","Community Reserve",NA,"digitate","cd",0,0,2,"HC","cd","-12.309783","44.430883","PIT","Dahari","Dahari","Forereef",0
"Comoros",2021,"Anjouan Island","Moya","Plage Moya",NA,"Partially restricted","Community Reserve",NA,"tabular","ct",4.18,1.3,2,"HC","ct","-12.309783","44.430883","PIT","Dahari","Dahari","Forereef",3.17
"Comoros",2021,"Anjouan Island","Moya","Plage Moya",NA,"Partially restricted","Community Reserve",NA,"encrusting","ce",9.44,2.97,2,"HC","ce","-12.309783","44.430883","PIT","Dahari","Dahari","Forereef",7.27
"Comoros",2021,"Anjouan Island","Moya","Plage Moya",NA,"Partially restricted","Community Reserve",NA,"submassive","cs",0,0,2,"HC","cs","-12.309783","44.430883","PIT","Dahari","Dahari","Forereef",0
"Comoros",2021,"Anjouan Island","Moya","Plage Moya",NA,"Partially restricted","Community Reserve",NA,"foliaceous","cf",0,0,2,"HC","cf","-12.309783","44.430883","PIT","Dahari","Dahari","Forereef",0
"Comoros",2021,"Anjouan Island","Moya","Plage Moya",NA,"Partially restricted","Community Reserve",NA,"mushroom","mush",0,0,2,"HC","mush","-12.309783","44.430883","PIT","Dahari","Dahari","Forereef",0
"Comoros",2021,"Anjouan Island","Moya","Plage Moya",NA,"Partially restricted","Community Reserve",NA,"Hydroids","Hydr",0,0,2,"INV","Hydr","-12.309783","44.430883","PIT","Dahari","Dahari","Forereef",0
"Comoros",2021,"Anjouan Island","Moya","Plage Moya",NA,"Partially restricted","Community Reserve",NA,"Inverts-other","INV",0.44,0.28,1,"INV",NA,"-12.309783","44.430883","PIT","Dahari","Dahari","Forereef",0.68
"Comoros",2021,"Anjouan Island","Moya","Plage Moya",NA,"Partially restricted","Community Reserve",NA,"Sponge","Spog",0.22,0.22,2,"INV","Spog","-12.309783","44.430883","PIT","Dahari","Dahari","Forereef",0.54
"Comoros",2021,"Anjouan Island","Moya","Plage Moya",NA,"Partially restricted","Community Reserve",NA,"Algae-macro/fleshy","AMAC",7.5,3.46,1,"AMAC",NA,"-12.309783","44.430883","PIT","Dahari","Dahari","Forereef",8.47
"Comoros",2021,"Anjouan Island","Moya","Plage Moya",NA,"Partially restricted","Community Reserve",NA,"Algae-turf","ATRF",14.07,2.56,1,"ATRF",NA,"-12.309783","44.430883","PIT","Dahari","Dahari","Forereef",6.27
"Comoros",2021,"Anjouan Island","Moya","Plage Moya",NA,"Partially restricted","Community Reserve",NA,"Algae-Halimeda","AHAL",0,0,1,"AHAL",NA,"-12.309783","44.430883","PIT","Dahari","Dahari","Forereef",0
"Comoros",2021,"Anjouan Island","Moya","Plage Moya",NA,"Partially restricted","Community Reserve",NA,"Algae-coralline","ACOR",15.58,4.05,1,"ACOR",NA,"-12.309783","44.430883","PIT","Dahari","Dahari","Forereef",9.92
"Comoros",2021,"Anjouan Island","Moya","Plage Moya",NA,"Partially restricted","Community Reserve",NA,"Rubble","RUB",2.63,1.4,1,"RUB",NA,"-12.309783","44.430883","PIT","Dahari","Dahari","Forereef",3.43
"Comoros",2021,"Anjouan Island","Moya","Plage Moya",NA,"Partially restricted","Community Reserve",NA,"Rock","RCK",0,0,1,"RCK",NA,"-12.309783","44.430883","PIT","Dahari","Dahari","Forereef",0
"Comoros",2021,"Anjouan Island","Moya","Plage Moya",NA,"Partially restricted","Community Reserve",NA,"Sand","SND",2.41,1.04,1,"SND",NA,"-12.309783","44.430883","PIT","Dahari","Dahari","Forereef",2.55
"Comoros",2021,"Anjouan Island","Moya","Plage Moya",NA,"Partially restricted","Community Reserve",NA,"Seagrass","SGR",0,0,1,"SGR",NA,"-12.309783","44.430883","PIT","Dahari","Dahari","Forereef",0
"Comoros",2021,"Anjouan Island","Moya","Plage Moya",NA,"Partially restricted","Community Reserve",NA,"Recent Dead Coral","RDC",0,0,1,"RDC",NA,"-12.309783","44.430883","PIT","Dahari","Dahari","Forereef",0
"Comoros",2021,"Anjouan Island","Moya","Mutsa Muhune",NA,"Partially restricted","Community Reserve",NA,"massive","cm",13.16,2.74,2,"HC","cm","-12.318533","44.441917","PIT","Dahari","Dahari","Reef flat",4.74
"Comoros",2021,"Anjouan Island","Moya","Mutsa Muhune",NA,"Partially restricted","Community Reserve",NA,"branching","cb",10.53,1.32,2,"HC","cb","-12.318533","44.441917","PIT","Dahari","Dahari","Reef flat",2.28
"Comoros",2021,"Anjouan Island","Moya","Mutsa Muhune",NA,"Partially restricted","Community Reserve",NA,"digitate","cd",0,0,2,"HC","cd","-12.318533","44.441917","PIT","Dahari","Dahari","Reef flat",0
"Comoros",2021,"Anjouan Island","Moya","Mutsa Muhune",NA,"Partially restricted","Community Reserve",NA,"tabular","ct",6.14,1.75,2,"HC","ct","-12.318533","44.441917","PIT","Dahari","Dahari","Reef flat",3.04
"Comoros",2021,"Anjouan Island","Moya","Mutsa Muhune",NA,"Partially restricted","Community Reserve",NA,"encrusting","ce",10.96,0.44,2,"HC","ce","-12.318533","44.441917","PIT","Dahari","Dahari","Reef flat",0.76
"Comoros",2021,"Anjouan Island","Moya","Mutsa Muhune",NA,"Partially restricted","Community Reserve",NA,"submassive","cs",0,0,2,"HC","cs","-12.318533","44.441917","PIT","Dahari","Dahari","Reef flat",0
"Comoros",2021,"Anjouan Island","Moya","Mutsa Muhune",NA,"Partially restricted","Community Reserve",NA,"foliaceous","cf",0,0,2,"HC","cf","-12.318533","44.441917","PIT","Dahari","Dahari","Reef flat",0
"Comoros",2021,"Anjouan Island","Moya","Mutsa Muhune",NA,"Partially restricted","Community Reserve",NA,"mushroom","mush",0,0,2,"HC","mush","-12.318533","44.441917","PIT","Dahari","Dahari","Reef flat",0
"Comoros",2021,"Anjouan Island","Moya","Mutsa Muhune",NA,"Partially restricted","Community Reserve",NA,"Hydroids","Hydr",0,0,2,"INV","Hydr","-12.318533","44.441917","PIT","Dahari","Dahari","Reef flat",0
"Comoros",2021,"Anjouan Island","Moya","Mutsa Muhune",NA,"Partially restricted","Community Reserve",NA,"Inverts-other","INV",0,0,1,"INV",NA,"-12.318533","44.441917","PIT","Dahari","Dahari","Reef flat",0
"Comoros",2021,"Anjouan Island","Moya","Mutsa Muhune",NA,"Partially restricted","Community Reserve",NA,"Sponge","Spog",0.44,0.44,2,"INV","Spog","-12.318533","44.441917","PIT","Dahari","Dahari","Reef flat",0.76
"Comoros",2021,"Anjouan Island","Moya","Mutsa Muhune",NA,"Partially restricted","Community Reserve",NA,"Algae-macro/fleshy","AMAC",22.37,0.76,1,"AMAC",NA,"-12.318533","44.441917","PIT","Dahari","Dahari","Reef flat",1.32
"Comoros",2021,"Anjouan Island","Moya","Mutsa Muhune",NA,"Partially restricted","Community Reserve",NA,"Algae-turf","ATRF",23.68,1.32,1,"ATRF",NA,"-12.318533","44.441917","PIT","Dahari","Dahari","Reef flat",2.28
"Comoros",2021,"Anjouan Island","Moya","Mutsa Muhune",NA,"Partially restricted","Community Reserve",NA,"Algae-Halimeda","AHAL",0,0,1,"AHAL",NA,"-12.318533","44.441917","PIT","Dahari","Dahari","Reef flat",0
"Comoros",2021,"Anjouan Island","Moya","Mutsa Muhune",NA,"Partially restricted","Community Reserve",NA,"Algae-coralline","ACOR",7.02,1.58,1,"ACOR",NA,"-12.318533","44.441917","PIT","Dahari","Dahari","Reef flat",2.74
"Comoros",2021,"Anjouan Island","Moya","Mutsa Muhune",NA,"Partially restricted","Community Reserve",NA,"Rubble","RUB",1.75,1.75,1,"RUB",NA,"-12.318533","44.441917","PIT","Dahari","Dahari","Reef flat",3.04
"Comoros",2021,"Anjouan Island","Moya","Mutsa Muhune",NA,"Partially restricted","Community Reserve",NA,"Rock","RCK",0,0,1,"RCK",NA,"-12.318533","44.441917","PIT","Dahari","Dahari","Reef flat",0
"Comoros",2021,"Anjouan Island","Moya","Mutsa Muhune",NA,"Partially restricted","Community Reserve",NA,"Sand","SND",3.95,2.01,1,"SND",NA,"-12.318533","44.441917","PIT","Dahari","Dahari","Reef flat",3.48
"Comoros",2021,"Anjouan Island","Moya","Mutsa Muhune",NA,"Partially restricted","Community Reserve",NA,"Seagrass","SGR",0,0,1,"SGR",NA,"-12.318533","44.441917","PIT","Dahari","Dahari","Reef flat",0
"Comoros",2021,"Anjouan Island","Moya","Mutsa Muhune",NA,"Partially restricted","Community Reserve",NA,"Recent Dead Coral","RDC",0,0,1,"RDC",NA,"-12.318533","44.441917","PIT","Dahari","Dahari","Reef flat",0
"Comoros",2021,"Anjouan Island","Moya","Nkohani Shindrini",NA,"Partially restricted","Community Reserve",NA,"massive","cm",24.68,3.13,2,"HC","cm","-12.318067","44.448317","PIT","Dahari","Dahari","Forereef",5.43
"Comoros",2021,"Anjouan Island","Moya","Nkohani Shindrini",NA,"Partially restricted","Community Reserve",NA,"branching","cb",15.84,2.69,2,"HC","cb","-12.318067","44.448317","PIT","Dahari","Dahari","Forereef",4.67
"Comoros",2021,"Anjouan Island","Moya","Nkohani Shindrini",NA,"Partially restricted","Community Reserve",NA,"digitate","cd",0,0,2,"HC","cd","-12.318067","44.448317","PIT","Dahari","Dahari","Forereef",0
"Comoros",2021,"Anjouan Island","Moya","Nkohani Shindrini",NA,"Partially restricted","Community Reserve",NA,"tabular","ct",14.11,1.21,2,"HC","ct","-12.318067","44.448317","PIT","Dahari","Dahari","Forereef",2.1
"Comoros",2021,"Anjouan Island","Moya","Nkohani Shindrini",NA,"Partially restricted","Community Reserve",NA,"encrusting","ce",17.18,1.99,2,"HC","ce","-12.318067","44.448317","PIT","Dahari","Dahari","Forereef",3.44
"Comoros",2021,"Anjouan Island","Moya","Nkohani Shindrini",NA,"Partially restricted","Community Reserve",NA,"submassive","cs",0,0,2,"HC","cs","-12.318067","44.448317","PIT","Dahari","Dahari","Forereef",0
"Comoros",2021,"Anjouan Island","Moya","Nkohani Shindrini",NA,"Partially restricted","Community Reserve",NA,"foliaceous","cf",0,0,2,"HC","cf","-12.318067","44.448317","PIT","Dahari","Dahari","Forereef",0
"Comoros",2021,"Anjouan Island","Moya","Nkohani Shindrini",NA,"Partially restricted","Community Reserve",NA,"mushroom","mush",0,0,2,"HC","mush","-12.318067","44.448317","PIT","Dahari","Dahari","Forereef",0
"Comoros",2021,"Anjouan Island","Moya","Nkohani Shindrini",NA,"Partially restricted","Community Reserve",NA,"Hydroids","Hydr",0,0,2,"INV","Hydr","-12.318067","44.448317","PIT","Dahari","Dahari","Forereef",0
"Comoros",2021,"Anjouan Island","Moya","Nkohani Shindrini",NA,"Partially restricted","Community Reserve",NA,"Inverts-other","INV",0.44,0.44,1,"INV",NA,"-12.318067","44.448317","PIT","Dahari","Dahari","Forereef",0.77
"Comoros",2021,"Anjouan Island","Moya","Nkohani Shindrini",NA,"Partially restricted","Community Reserve",NA,"Sponge","Spog",0,0,2,"INV","Spog","-12.318067","44.448317","PIT","Dahari","Dahari","Forereef",0
"Comoros",2021,"Anjouan Island","Moya","Nkohani Shindrini",NA,"Partially restricted","Community Reserve",NA,"Algae-macro/fleshy","AMAC",1.33,0.77,1,"AMAC",NA,"-12.318067","44.448317","PIT","Dahari","Dahari","Forereef",1.33
"Comoros",2021,"Anjouan Island","Moya","Nkohani Shindrini",NA,"Partially restricted","Community Reserve",NA,"Algae-turf","ATRF",10.13,3.06,1,"ATRF",NA,"-12.318067","44.448317","PIT","Dahari","Dahari","Forereef",5.31
"Comoros",2021,"Anjouan Island","Moya","Nkohani Shindrini",NA,"Partially restricted","Community Reserve",NA,"Algae-Halimeda","AHAL",0,0,1,"AHAL",NA,"-12.318067","44.448317","PIT","Dahari","Dahari","Forereef",0
"Comoros",2021,"Anjouan Island","Moya","Nkohani Shindrini",NA,"Partially restricted","Community Reserve",NA,"Algae-coralline","ACOR",14.98,0.41,1,"ACOR",NA,"-12.318067","44.448317","PIT","Dahari","Dahari","Forereef",0.71
"Comoros",2021,"Anjouan Island","Moya","Nkohani Shindrini",NA,"Partially restricted","Community Reserve",NA,"Rubble","RUB",0,0,1,"RUB",NA,"-12.318067","44.448317","PIT","Dahari","Dahari","Forereef",0
"Comoros",2021,"Anjouan Island","Moya","Nkohani Shindrini",NA,"Partially restricted","Community Reserve",NA,"Rock","RCK",0,0,1,"RCK",NA,"-12.318067","44.448317","PIT","Dahari","Dahari","Forereef",0
"Comoros",2021,"Anjouan Island","Moya","Nkohani Shindrini",NA,"Partially restricted","Community Reserve",NA,"Sand","SND",1.32,0.76,1,"SND",NA,"-12.318067","44.448317","PIT","Dahari","Dahari","Forereef",1.32
"Comoros",2021,"Anjouan Island","Moya","Nkohani Shindrini",NA,"Partially restricted","Community Reserve",NA,"Seagrass","SGR",0,0,1,"SGR",NA,"-12.318067","44.448317","PIT","Dahari","Dahari","Forereef",0
"Comoros",2021,"Anjouan Island","Moya","Nkohani Shindrini",NA,"Partially restricted","Community Reserve",NA,"Recent Dead Coral","RDC",0,0,1,"RDC",NA,"-12.318067","44.448317","PIT","Dahari","Dahari","Forereef",0
"Comoros",2022,"Anjouan Island","Pomoni","Hamare_01",NA,"Partially Restricted","Community Reserve",NA,"massive","cm",9.8,5,2,"HC","cm","-12.240493","44.334006","PIT","Dahari","Dahari","Reef flat",11.18
"Comoros",2022,"Anjouan Island","Pomoni","Hamare_01",NA,"Partially Restricted","Community Reserve",NA,"branching","cb",25.49,9.24,2,"HC","cb","-12.240493","44.334006","PIT","Dahari","Dahari","Reef flat",20.66
"Comoros",2022,"Anjouan Island","Pomoni","Hamare_01",NA,"Partially Restricted","Community Reserve",NA,"digitate","cd",4.31,1.9,2,"HC","cd","-12.240493","44.334006","PIT","Dahari","Dahari","Reef flat",4.25
"Comoros",2022,"Anjouan Island","Pomoni","Hamare_01",NA,"Partially Restricted","Community Reserve",NA,"tabular","ct",0.39,0.39,2,"HC","ct","-12.240493","44.334006","PIT","Dahari","Dahari","Reef flat",0.88
"Comoros",2022,"Anjouan Island","Pomoni","Hamare_01",NA,"Partially Restricted","Community Reserve",NA,"encrusting","ce",7.06,3.01,2,"HC","ce","-12.240493","44.334006","PIT","Dahari","Dahari","Reef flat",6.74
"Comoros",2022,"Anjouan Island","Pomoni","Hamare_01",NA,"Partially Restricted","Community Reserve",NA,"submassive","cs",0.78,0.48,2,"HC","cs","-12.240493","44.334006","PIT","Dahari","Dahari","Reef flat",1.07
"Comoros",2022,"Anjouan Island","Pomoni","Hamare_01",NA,"Partially Restricted","Community Reserve",NA,"foliaceous","cf",0,0,2,"HC","cf","-12.240493","44.334006","PIT","Dahari","Dahari","Reef flat",0
"Comoros",2022,"Anjouan Island","Pomoni","Hamare_01",NA,"Partially Restricted","Community Reserve",NA,"mushroom","mush",0,0,2,"HC","mush","-12.240493","44.334006","PIT","Dahari","Dahari","Reef flat",0
"Comoros",2022,"Anjouan Island","Pomoni","Hamare_01",NA,"Partially Restricted","Community Reserve",NA,"Hydroids","Hydr",0,0,2,"INV","Hydr","-12.240493","44.334006","PIT","Dahari","Dahari","Reef flat",0
"Comoros",2022,"Anjouan Island","Pomoni","Hamare_01",NA,"Partially Restricted","Community Reserve",NA,"Inverts-other","INV",0,0,1,"INV",NA,"-12.240493","44.334006","PIT","Dahari","Dahari","Reef flat",0
"Comoros",2022,"Anjouan Island","Pomoni","Hamare_01",NA,"Partially Restricted","Community Reserve",NA,"Sponge","Spog",0,0,2,"INV","Spog","-12.240493","44.334006","PIT","Dahari","Dahari","Reef flat",0
"Comoros",2022,"Anjouan Island","Pomoni","Hamare_01",NA,"Partially Restricted","Community Reserve",NA,"Algae-macro/fleshy","AMAC",19.22,7.35,1,"AMAC",NA,"-12.240493","44.334006","PIT","Dahari","Dahari","Reef flat",16.43
"Comoros",2022,"Anjouan Island","Pomoni","Hamare_01",NA,"Partially Restricted","Community Reserve",NA,"Algae-turf","ATRF",11.76,4.84,1,"ATRF",NA,"-12.240493","44.334006","PIT","Dahari","Dahari","Reef flat",10.83
"Comoros",2022,"Anjouan Island","Pomoni","Hamare_01",NA,"Partially Restricted","Community Reserve",NA,"Algae-Halimeda","AHAL",0,0,1,"AHAL",NA,"-12.240493","44.334006","PIT","Dahari","Dahari","Reef flat",0
"Comoros",2022,"Anjouan Island","Pomoni","Hamare_01",NA,"Partially Restricted","Community Reserve",NA,"Algae-coralline","ACOR",10.2,3.06,1,"ACOR",NA,"-12.240493","44.334006","PIT","Dahari","Dahari","Reef flat",6.85
"Comoros",2022,"Anjouan Island","Pomoni","Hamare_01",NA,"Partially Restricted","Community Reserve",NA,"Rubble","RUB",10.98,4.91,1,"RUB",NA,"-12.240493","44.334006","PIT","Dahari","Dahari","Reef flat",10.97
"Comoros",2022,"Anjouan Island","Pomoni","Hamare_01",NA,"Partially Restricted","Community Reserve",NA,"Rock","RCK",0,0,1,"RCK",NA,"-12.240493","44.334006","PIT","Dahari","Dahari","Reef flat",0
"Comoros",2022,"Anjouan Island","Pomoni","Hamare_01",NA,"Partially Restricted","Community Reserve",NA,"Sand","SND",0,0,1,"SND",NA,"-12.240493","44.334006","PIT","Dahari","Dahari","Reef flat",0
"Comoros",2022,"Anjouan Island","Pomoni","Hamare_01",NA,"Partially Restricted","Community Reserve",NA,"Seagrass","SGR",0,0,1,"SGR",NA,"-12.240493","44.334006","PIT","Dahari","Dahari","Reef flat",0
"Comoros",2022,"Anjouan Island","Pomoni","Hamare_01",NA,"Partially Restricted","Community Reserve",NA,"Recent Dead Coral","RDC",0,0,1,"RDC",NA,"-12.240493","44.334006","PIT","Dahari","Dahari","Reef flat",0
"Comoros",2022,"Anjouan Island","Pomoni","Hamare_02",NA,"Partially Restricted","Community Reserve",NA,"massive","cm",11.37,2.27,2,"HC","cm","-12.241253","44.333174","PIT","Dahari","Dahari","Forereef",5.08
"Comoros",2022,"Anjouan Island","Pomoni","Hamare_02",NA,"Partially Restricted","Community Reserve",NA,"branching","cb",19.22,4.08,2,"HC","cb","-12.241253","44.333174","PIT","Dahari","Dahari","Forereef",9.13
"Comoros",2022,"Anjouan Island","Pomoni","Hamare_02",NA,"Partially Restricted","Community Reserve",NA,"digitate","cd",20.78,7.27,2,"HC","cd","-12.241253","44.333174","PIT","Dahari","Dahari","Forereef",16.26
"Comoros",2022,"Anjouan Island","Pomoni","Hamare_02",NA,"Partially Restricted","Community Reserve",NA,"tabular","ct",0.39,0.39,2,"HC","ct","-12.241253","44.333174","PIT","Dahari","Dahari","Forereef",0.88
"Comoros",2022,"Anjouan Island","Pomoni","Hamare_02",NA,"Partially Restricted","Community Reserve",NA,"encrusting","ce",10.98,3.26,2,"HC","ce","-12.241253","44.333174","PIT","Dahari","Dahari","Forereef",7.28
"Comoros",2022,"Anjouan Island","Pomoni","Hamare_02",NA,"Partially Restricted","Community Reserve",NA,"submassive","cs",0,0,2,"HC","cs","-12.241253","44.333174","PIT","Dahari","Dahari","Forereef",0
"Comoros",2022,"Anjouan Island","Pomoni","Hamare_02",NA,"Partially Restricted","Community Reserve",NA,"foliaceous","cf",0.39,0.39,2,"HC","cf","-12.241253","44.333174","PIT","Dahari","Dahari","Forereef",0.88
"Comoros",2022,"Anjouan Island","Pomoni","Hamare_02",NA,"Partially Restricted","Community Reserve",NA,"mushroom","mush",0,0,2,"HC","mush","-12.241253","44.333174","PIT","Dahari","Dahari","Forereef",0
"Comoros",2022,"Anjouan Island","Pomoni","Hamare_02",NA,"Partially Restricted","Community Reserve",NA,"Hydroids","Hydr",0.39,0.39,2,"INV","Hydr","-12.241253","44.333174","PIT","Dahari","Dahari","Forereef",0.88
"Comoros",2022,"Anjouan Island","Pomoni","Hamare_02",NA,"Partially Restricted","Community Reserve",NA,"Inverts-other","INV",0,0,1,"INV",NA,"-12.241253","44.333174","PIT","Dahari","Dahari","Forereef",0
"Comoros",2022,"Anjouan Island","Pomoni","Hamare_02",NA,"Partially Restricted","Community Reserve",NA,"Sponge","Spog",0,0,2,"INV","Spog","-12.241253","44.333174","PIT","Dahari","Dahari","Forereef",0
"Comoros",2022,"Anjouan Island","Pomoni","Hamare_02",NA,"Partially Restricted","Community Reserve",NA,"Algae-macro/fleshy","AMAC",0.78,0.78,1,"AMAC",NA,"-12.241253","44.333174","PIT","Dahari","Dahari","Forereef",1.75
"Comoros",2022,"Anjouan Island","Pomoni","Hamare_02",NA,"Partially Restricted","Community Reserve",NA,"Algae-turf","ATRF",15.69,4.72,1,"ATRF",NA,"-12.241253","44.333174","PIT","Dahari","Dahari","Forereef",10.56
"Comoros",2022,"Anjouan Island","Pomoni","Hamare_02",NA,"Partially Restricted","Community Reserve",NA,"Algae-Halimeda","AHAL",0,0,1,"AHAL",NA,"-12.241253","44.333174","PIT","Dahari","Dahari","Forereef",0
"Comoros",2022,"Anjouan Island","Pomoni","Hamare_02",NA,"Partially Restricted","Community Reserve",NA,"Algae-coralline","ACOR",17.65,2.24,1,"ACOR",NA,"-12.241253","44.333174","PIT","Dahari","Dahari","Forereef",5
"Comoros",2022,"Anjouan Island","Pomoni","Hamare_02",NA,"Partially Restricted","Community Reserve",NA,"Rubble","RUB",2.35,2.35,1,"RUB",NA,"-12.241253","44.333174","PIT","Dahari","Dahari","Forereef",5.26
"Comoros",2022,"Anjouan Island","Pomoni","Hamare_02",NA,"Partially Restricted","Community Reserve",NA,"Rock","RCK",0,0,1,"RCK",NA,"-12.241253","44.333174","PIT","Dahari","Dahari","Forereef",0
"Comoros",2022,"Anjouan Island","Pomoni","Hamare_02",NA,"Partially Restricted","Community Reserve",NA,"Sand","SND",0,0,1,"SND",NA,"-12.241253","44.333174","PIT","Dahari","Dahari","Forereef",0
"Comoros",2022,"Anjouan Island","Pomoni","Hamare_02",NA,"Partially Restricted","Community Reserve",NA,"Seagrass","SGR",0,0,1,"SGR",NA,"-12.241253","44.333174","PIT","Dahari","Dahari","Forereef",0
"Comoros",2022,"Anjouan Island","Pomoni","Hamare_02",NA,"Partially Restricted","Community Reserve",NA,"Recent Dead Coral","RDC",0,0,1,"RDC",NA,"-12.241253","44.333174","PIT","Dahari","Dahari","Forereef",0
"Comoros",2022,"Anjouan Island","Pomoni","Dzindri Yantsini",NA,"Partially Restricted","Community Reserve",NA,"massive","cm",6.67,1.18,2,"HC","cm","-12.249128","44.350077","PIT","Dahari","Dahari","Forereef",2.63
"Comoros",2022,"Anjouan Island","Pomoni","Dzindri Yantsini",NA,"Partially Restricted","Community Reserve",NA,"branching","cb",31.37,5.82,2,"HC","cb","-12.249128","44.350077","PIT","Dahari","Dahari","Forereef",13.01
"Comoros",2022,"Anjouan Island","Pomoni","Dzindri Yantsini",NA,"Partially Restricted","Community Reserve",NA,"digitate","cd",15.29,3.58,2,"HC","cd","-12.249128","44.350077","PIT","Dahari","Dahari","Forereef",8.01
"Comoros",2022,"Anjouan Island","Pomoni","Dzindri Yantsini",NA,"Partially Restricted","Community Reserve",NA,"tabular","ct",0,0,2,"HC","ct","-12.249128","44.350077","PIT","Dahari","Dahari","Forereef",0
"Comoros",2022,"Anjouan Island","Pomoni","Dzindri Yantsini",NA,"Partially Restricted","Community Reserve",NA,"encrusting","ce",8.24,2,2,"HC","ce","-12.249128","44.350077","PIT","Dahari","Dahari","Forereef",4.47
"Comoros",2022,"Anjouan Island","Pomoni","Dzindri Yantsini",NA,"Partially Restricted","Community Reserve",NA,"submassive","cs",4.31,2,2,"HC","cs","-12.249128","44.350077","PIT","Dahari","Dahari","Forereef",4.47
"Comoros",2022,"Anjouan Island","Pomoni","Dzindri Yantsini",NA,"Partially Restricted","Community Reserve",NA,"foliaceous","cf",0,0,2,"HC","cf","-12.249128","44.350077","PIT","Dahari","Dahari","Forereef",0
"Comoros",2022,"Anjouan Island","Pomoni","Dzindri Yantsini",NA,"Partially Restricted","Community Reserve",NA,"mushroom","mush",0,0,2,"HC","mush","-12.249128","44.350077","PIT","Dahari","Dahari","Forereef",0
"Comoros",2022,"Anjouan Island","Pomoni","Dzindri Yantsini",NA,"Partially Restricted","Community Reserve",NA,"Hydroids","Hydr",0,0,2,"INV","Hydr","-12.249128","44.350077","PIT","Dahari","Dahari","Forereef",0
"Comoros",2022,"Anjouan Island","Pomoni","Dzindri Yantsini",NA,"Partially Restricted","Community Reserve",NA,"Inverts-other","INV",0,0,1,"INV",NA,"-12.249128","44.350077","PIT","Dahari","Dahari","Forereef",0
"Comoros",2022,"Anjouan Island","Pomoni","Dzindri Yantsini",NA,"Partially Restricted","Community Reserve",NA,"Sponge","Spog",0,0,2,"INV","Spog","-12.249128","44.350077","PIT","Dahari","Dahari","Forereef",0
"Comoros",2022,"Anjouan Island","Pomoni","Dzindri Yantsini",NA,"Partially Restricted","Community Reserve",NA,"Algae-macro/fleshy","AMAC",6.27,2.43,1,"AMAC",NA,"-12.249128","44.350077","PIT","Dahari","Dahari","Forereef",5.44
"Comoros",2022,"Anjouan Island","Pomoni","Dzindri Yantsini",NA,"Partially Restricted","Community Reserve",NA,"Algae-turf","ATRF",11.76,3.67,1,"ATRF",NA,"-12.249128","44.350077","PIT","Dahari","Dahari","Forereef",8.2
"Comoros",2022,"Anjouan Island","Pomoni","Dzindri Yantsini",NA,"Partially Restricted","Community Reserve",NA,"Algae-Halimeda","AHAL",0,0,1,"AHAL",NA,"-12.249128","44.350077","PIT","Dahari","Dahari","Forereef",0
"Comoros",2022,"Anjouan Island","Pomoni","Dzindri Yantsini",NA,"Partially Restricted","Community Reserve",NA,"Algae-coralline","ACOR",14.51,1.33,1,"ACOR",NA,"-12.249128","44.350077","PIT","Dahari","Dahari","Forereef",2.97
"Comoros",2022,"Anjouan Island","Pomoni","Dzindri Yantsini",NA,"Partially Restricted","Community Reserve",NA,"Rubble","RUB",0.78,0.48,1,"RUB",NA,"-12.249128","44.350077","PIT","Dahari","Dahari","Forereef",1.07
"Comoros",2022,"Anjouan Island","Pomoni","Dzindri Yantsini",NA,"Partially Restricted","Community Reserve",NA,"Rock","RCK",0,0,1,"RCK",NA,"-12.249128","44.350077","PIT","Dahari","Dahari","Forereef",0
"Comoros",2022,"Anjouan Island","Pomoni","Dzindri Yantsini",NA,"Partially Restricted","Community Reserve",NA,"Sand","SND",0.78,0.48,1,"SND",NA,"-12.249128","44.350077","PIT","Dahari","Dahari","Forereef",1.07
"Comoros",2022,"Anjouan Island","Pomoni","Dzindri Yantsini",NA,"Partially Restricted","Community Reserve",NA,"Seagrass","SGR",0,0,1,"SGR",NA,"-12.249128","44.350077","PIT","Dahari","Dahari","Forereef",0
"Comoros",2022,"Anjouan Island","Pomoni","Dzindri Yantsini",NA,"Partially Restricted","Community Reserve",NA,"Recent Dead Coral","RDC",0,0,1,"RDC",NA,"-12.249128","44.350077","PIT","Dahari","Dahari","Forereef",0
"Comoros",2022,"Anjouan Island","Pomoni","Mrojou",NA,"Partially Restricted","Community Reserve",NA,"massive","cm",14.51,3.95,2,"HC","cm","-12.2440278","44.3556667","PIT","Dahari","Dahari","Reef flat",8.83
"Comoros",2022,"Anjouan Island","Pomoni","Mrojou",NA,"Partially Restricted","Community Reserve",NA,"branching","cb",1.96,1.07,2,"HC","cb","-12.2440278","44.3556667","PIT","Dahari","Dahari","Reef flat",2.4
"Comoros",2022,"Anjouan Island","Pomoni","Mrojou",NA,"Partially Restricted","Community Reserve",NA,"digitate","cd",3.14,1.33,2,"HC","cd","-12.2440278","44.3556667","PIT","Dahari","Dahari","Reef flat",2.97
"Comoros",2022,"Anjouan Island","Pomoni","Mrojou",NA,"Partially Restricted","Community Reserve",NA,"tabular","ct",0,0,2,"HC","ct","-12.2440278","44.3556667","PIT","Dahari","Dahari","Reef flat",0
"Comoros",2022,"Anjouan Island","Pomoni","Mrojou",NA,"Partially Restricted","Community Reserve",NA,"encrusting","ce",14.9,3.37,2,"HC","ce","-12.2440278","44.3556667","PIT","Dahari","Dahari","Reef flat",7.54
"Comoros",2022,"Anjouan Island","Pomoni","Mrojou",NA,"Partially Restricted","Community Reserve",NA,"submassive","cs",0.78,0.78,2,"HC","cs","-12.2440278","44.3556667","PIT","Dahari","Dahari","Reef flat",1.75
"Comoros",2022,"Anjouan Island","Pomoni","Mrojou",NA,"Partially Restricted","Community Reserve",NA,"foliaceous","cf",0,0,2,"HC","cf","-12.2440278","44.3556667","PIT","Dahari","Dahari","Reef flat",0
"Comoros",2022,"Anjouan Island","Pomoni","Mrojou",NA,"Partially Restricted","Community Reserve",NA,"mushroom","mush",0.39,0.39,2,"HC","mush","-12.2440278","44.3556667","PIT","Dahari","Dahari","Reef flat",0.88
"Comoros",2022,"Anjouan Island","Pomoni","Mrojou",NA,"Partially Restricted","Community Reserve",NA,"Hydroids","Hydr",0,0,2,"INV","Hydr","-12.2440278","44.3556667","PIT","Dahari","Dahari","Reef flat",0
"Comoros",2022,"Anjouan Island","Pomoni","Mrojou",NA,"Partially Restricted","Community Reserve",NA,"Inverts-other","INV",0,0,1,"INV",NA,"-12.2440278","44.3556667","PIT","Dahari","Dahari","Reef flat",0
"Comoros",2022,"Anjouan Island","Pomoni","Mrojou",NA,"Partially Restricted","Community Reserve",NA,"Sponge","Spog",0.39,0.39,2,"INV","Spog","-12.2440278","44.3556667","PIT","Dahari","Dahari","Reef flat",0.88
"Comoros",2022,"Anjouan Island","Pomoni","Mrojou",NA,"Partially Restricted","Community Reserve",NA,"Algae-macro/fleshy","AMAC",19.22,7.03,1,"AMAC",NA,"-12.2440278","44.3556667","PIT","Dahari","Dahari","Reef flat",15.71
"Comoros",2022,"Anjouan Island","Pomoni","Mrojou",NA,"Partially Restricted","Community Reserve",NA,"Algae-turf","ATRF",18.04,2.27,1,"ATRF",NA,"-12.2440278","44.3556667","PIT","Dahari","Dahari","Reef flat",5.08
"Comoros",2022,"Anjouan Island","Pomoni","Mrojou",NA,"Partially Restricted","Community Reserve",NA,"Algae-Halimeda","AHAL",0,0,1,"AHAL",NA,"-12.2440278","44.3556667","PIT","Dahari","Dahari","Reef flat",0
"Comoros",2022,"Anjouan Island","Pomoni","Mrojou",NA,"Partially Restricted","Community Reserve",NA,"Algae-coralline","ACOR",23.53,3.34,1,"ACOR",NA,"-12.2440278","44.3556667","PIT","Dahari","Dahari","Reef flat",7.47
"Comoros",2022,"Anjouan Island","Pomoni","Mrojou",NA,"Partially Restricted","Community Reserve",NA,"Rubble","RUB",0,0,1,"RUB",NA,"-12.2440278","44.3556667","PIT","Dahari","Dahari","Reef flat",0
"Comoros",2022,"Anjouan Island","Pomoni","Mrojou",NA,"Partially Restricted","Community Reserve",NA,"Rock","RCK",0,0,1,"RCK",NA,"-12.2440278","44.3556667","PIT","Dahari","Dahari","Reef flat",0
"Comoros",2022,"Anjouan Island","Pomoni","Mrojou",NA,"Partially Restricted","Community Reserve",NA,"Sand","SND",3.14,0.78,1,"SND",NA,"-12.2440278","44.3556667","PIT","Dahari","Dahari","Reef flat",1.75
"Comoros",2022,"Anjouan Island","Pomoni","Mrojou",NA,"Partially Restricted","Community Reserve",NA,"Seagrass","SGR",0,0,1,"SGR",NA,"-12.2440278","44.3556667","PIT","Dahari","Dahari","Reef flat",0
"Comoros",2022,"Anjouan Island","Pomoni","Mrojou",NA,"Partially Restricted","Community Reserve",NA,"Recent Dead Coral","RDC",0,0,1,"RDC",NA,"-12.2440278","44.3556667","PIT","Dahari","Dahari","Reef flat",0
"Comoros",2022,"Anjouan Island","Pomoni","Mabamboni",NA,"Partially Restricted","Community Reserve",NA,"massive","cm",10.46,3.64,2,"HC","cm","-12.244921","44.329091","PIT","Dahari","Dahari","Forereef",6.3
"Comoros",2022,"Anjouan Island","Pomoni","Mabamboni",NA,"Partially Restricted","Community Reserve",NA,"branching","cb",9.8,7.07,2,"HC","cb","-12.244921","44.329091","PIT","Dahari","Dahari","Forereef",12.25
"Comoros",2022,"Anjouan Island","Pomoni","Mabamboni",NA,"Partially Restricted","Community Reserve",NA,"digitate","cd",6.54,1.73,2,"HC","cd","-12.244921","44.329091","PIT","Dahari","Dahari","Forereef",3
"Comoros",2022,"Anjouan Island","Pomoni","Mabamboni",NA,"Partially Restricted","Community Reserve",NA,"tabular","ct",1.31,1.31,2,"HC","ct","-12.244921","44.329091","PIT","Dahari","Dahari","Forereef",2.26
"Comoros",2022,"Anjouan Island","Pomoni","Mabamboni",NA,"Partially Restricted","Community Reserve",NA,"encrusting","ce",14.38,3.64,2,"HC","ce","-12.244921","44.329091","PIT","Dahari","Dahari","Forereef",6.3
"Comoros",2022,"Anjouan Island","Pomoni","Mabamboni",NA,"Partially Restricted","Community Reserve",NA,"submassive","cs",3.27,1.73,2,"HC","cs","-12.244921","44.329091","PIT","Dahari","Dahari","Forereef",3
"Comoros",2022,"Anjouan Island","Pomoni","Mabamboni",NA,"Partially Restricted","Community Reserve",NA,"foliaceous","cf",0,0,2,"HC","cf","-12.244921","44.329091","PIT","Dahari","Dahari","Forereef",0
"Comoros",2022,"Anjouan Island","Pomoni","Mabamboni",NA,"Partially Restricted","Community Reserve",NA,"mushroom","mush",0,0,2,"HC","mush","-12.244921","44.329091","PIT","Dahari","Dahari","Forereef",0
"Comoros",2022,"Anjouan Island","Pomoni","Mabamboni",NA,"Partially Restricted","Community Reserve",NA,"Hydroids","Hydr",1.31,1.31,2,"INV","Hydr","-12.244921","44.329091","PIT","Dahari","Dahari","Forereef",2.26
"Comoros",2022,"Anjouan Island","Pomoni","Mabamboni",NA,"Partially Restricted","Community Reserve",NA,"Inverts-other","INV",0,0,1,"INV",NA,"-12.244921","44.329091","PIT","Dahari","Dahari","Forereef",0
"Comoros",2022,"Anjouan Island","Pomoni","Mabamboni",NA,"Partially Restricted","Community Reserve",NA,"Sponge","Spog",0,0,2,"INV","Spog","-12.244921","44.329091","PIT","Dahari","Dahari","Forereef",0
"Comoros",2022,"Anjouan Island","Pomoni","Mabamboni",NA,"Partially Restricted","Community Reserve",NA,"Algae-macro/fleshy","AMAC",7.84,3.4,1,"AMAC",NA,"-12.244921","44.329091","PIT","Dahari","Dahari","Forereef",5.88
"Comoros",2022,"Anjouan Island","Pomoni","Mabamboni",NA,"Partially Restricted","Community Reserve",NA,"Algae-turf","ATRF",30.07,4.29,1,"ATRF",NA,"-12.244921","44.329091","PIT","Dahari","Dahari","Forereef",7.42
"Comoros",2022,"Anjouan Island","Pomoni","Mabamboni",NA,"Partially Restricted","Community Reserve",NA,"Algae-Halimeda","AHAL",0,0,1,"AHAL",NA,"-12.244921","44.329091","PIT","Dahari","Dahari","Forereef",0
"Comoros",2022,"Anjouan Island","Pomoni","Mabamboni",NA,"Partially Restricted","Community Reserve",NA,"Algae-coralline","ACOR",10.46,2.36,1,"ACOR",NA,"-12.244921","44.329091","PIT","Dahari","Dahari","Forereef",4.08
"Comoros",2022,"Anjouan Island","Pomoni","Mabamboni",NA,"Partially Restricted","Community Reserve",NA,"Rubble","RUB",0,0,1,"RUB",NA,"-12.244921","44.329091","PIT","Dahari","Dahari","Forereef",0
"Comoros",2022,"Anjouan Island","Pomoni","Mabamboni",NA,"Partially Restricted","Community Reserve",NA,"Rock","RCK",0,0,1,"RCK",NA,"-12.244921","44.329091","PIT","Dahari","Dahari","Forereef",0
"Comoros",2022,"Anjouan Island","Pomoni","Mabamboni",NA,"Partially Restricted","Community Reserve",NA,"Sand","SND",4.58,2.85,1,"SND",NA,"-12.244921","44.329091","PIT","Dahari","Dahari","Forereef",4.93
"Comoros",2022,"Anjouan Island","Pomoni","Mabamboni",NA,"Partially Restricted","Community Reserve",NA,"Seagrass","SGR",0,0,1,"SGR",NA,"-12.244921","44.329091","PIT","Dahari","Dahari","Forereef",0
"Comoros",2022,"Anjouan Island","Pomoni","Mabamboni",NA,"Partially Restricted","Community Reserve",NA,"Recent Dead Coral","RDC",0,0,1,"RDC",NA,"-12.244921","44.329091","PIT","Dahari","Dahari","Forereef",0
"Comoros",2022,"Anjouan Island","Moya","Mpoundri",NA,"Partially restricted","Community Reserve",NA,"massive","cm",9.02,2.02,2,"HC","cm","-12.303833","44.429467","PIT","Dahari","Dahari","Forereef",4.51
"Comoros",2022,"Anjouan Island","Moya","Mpoundri",NA,"Partially restricted","Community Reserve",NA,"branching","cb",44.71,6.02,2,"HC","cb","-12.303833","44.429467","PIT","Dahari","Dahari","Forereef",13.47
"Comoros",2022,"Anjouan Island","Moya","Mpoundri",NA,"Partially restricted","Community Reserve",NA,"digitate","cd",14.9,2.81,2,"HC","cd","-12.303833","44.429467","PIT","Dahari","Dahari","Forereef",6.29
"Comoros",2022,"Anjouan Island","Moya","Mpoundri",NA,"Partially restricted","Community Reserve",NA,"tabular","ct",3.14,1,2,"HC","ct","-12.303833","44.429467","PIT","Dahari","Dahari","Forereef",2.24
"Comoros",2022,"Anjouan Island","Moya","Mpoundri",NA,"Partially restricted","Community Reserve",NA,"encrusting","ce",8.63,2.29,2,"HC","ce","-12.303833","44.429467","PIT","Dahari","Dahari","Forereef",5.11
"Comoros",2022,"Anjouan Island","Moya","Mpoundri",NA,"Partially restricted","Community Reserve",NA,"submassive","cs",1.96,0.62,2,"HC","cs","-12.303833","44.429467","PIT","Dahari","Dahari","Forereef",1.39
"Comoros",2022,"Anjouan Island","Moya","Mpoundri",NA,"Partially restricted","Community Reserve",NA,"foliaceous","cf",0.39,0.39,2,"HC","cf","-12.303833","44.429467","PIT","Dahari","Dahari","Forereef",0.88
"Comoros",2022,"Anjouan Island","Moya","Mpoundri",NA,"Partially restricted","Community Reserve",NA,"mushroom","mush",0,0,2,"HC","mush","-12.303833","44.429467","PIT","Dahari","Dahari","Forereef",0
"Comoros",2022,"Anjouan Island","Moya","Mpoundri",NA,"Partially restricted","Community Reserve",NA,"Hydroids","Hydr",0,0,2,"INV","Hydr","-12.303833","44.429467","PIT","Dahari","Dahari","Forereef",0
"Comoros",2022,"Anjouan Island","Moya","Mpoundri",NA,"Partially restricted","Community Reserve",NA,"Inverts-other","INV",0,0,1,"INV",NA,"-12.303833","44.429467","PIT","Dahari","Dahari","Forereef",0
"Comoros",2022,"Anjouan Island","Moya","Mpoundri",NA,"Partially restricted","Community Reserve",NA,"Sponge","Spog",0,0,2,"INV","Spog","-12.303833","44.429467","PIT","Dahari","Dahari","Forereef",0
"Comoros",2022,"Anjouan Island","Moya","Mpoundri",NA,"Partially restricted","Community Reserve",NA,"Algae-macro/fleshy","AMAC",2.35,2.35,1,"AMAC",NA,"-12.303833","44.429467","PIT","Dahari","Dahari","Forereef",5.26
"Comoros",2022,"Anjouan Island","Moya","Mpoundri",NA,"Partially restricted","Community Reserve",NA,"Algae-turf","ATRF",9.02,3.37,1,"ATRF",NA,"-12.303833","44.429467","PIT","Dahari","Dahari","Forereef",7.54
"Comoros",2022,"Anjouan Island","Moya","Mpoundri",NA,"Partially restricted","Community Reserve",NA,"Algae-Halimeda","AHAL",0,0,1,"AHAL",NA,"-12.303833","44.429467","PIT","Dahari","Dahari","Forereef",0
"Comoros",2022,"Anjouan Island","Moya","Mpoundri",NA,"Partially restricted","Community Reserve",NA,"Algae-coralline","ACOR",5.88,2.06,1,"ACOR",NA,"-12.303833","44.429467","PIT","Dahari","Dahari","Forereef",4.6
"Comoros",2022,"Anjouan Island","Moya","Mpoundri",NA,"Partially restricted","Community Reserve",NA,"Rubble","RUB",0,0,1,"RUB",NA,"-12.303833","44.429467","PIT","Dahari","Dahari","Forereef",0
"Comoros",2022,"Anjouan Island","Moya","Mpoundri",NA,"Partially restricted","Community Reserve",NA,"Rock","RCK",0,0,1,"RCK",NA,"-12.303833","44.429467","PIT","Dahari","Dahari","Forereef",0
"Comoros",2022,"Anjouan Island","Moya","Mpoundri",NA,"Partially restricted","Community Reserve",NA,"Sand","SND",0,0,1,"SND",NA,"-12.303833","44.429467","PIT","Dahari","Dahari","Forereef",0
"Comoros",2022,"Anjouan Island","Moya","Mpoundri",NA,"Partially restricted","Community Reserve",NA,"Seagrass","SGR",0,0,1,"SGR",NA,"-12.303833","44.429467","PIT","Dahari","Dahari","Forereef",0
"Comoros",2022,"Anjouan Island","Moya","Mpoundri",NA,"Partially restricted","Community Reserve",NA,"Recent Dead Coral","RDC",0,0,1,"RDC",NA,"-12.303833","44.429467","PIT","Dahari","Dahari","Forereef",0
"Comoros",2022,"Anjouan Island","Moya","Plage Moya",NA,"Partially restricted","Community Reserve",NA,"massive","cm",10.78,2.17,2,"HC","cm","-12.31175","44.4328","PIT","Dahari","Dahari","Reef flat",6.87
"Comoros",2022,"Anjouan Island","Moya","Plage Moya",NA,"Partially restricted","Community Reserve",NA,"branching","cb",13.92,2.9,2,"HC","cb","-12.31175","44.4328","PIT","Dahari","Dahari","Reef flat",9.17
"Comoros",2022,"Anjouan Island","Moya","Plage Moya",NA,"Partially restricted","Community Reserve",NA,"digitate","cd",17.45,3.87,2,"HC","cd","-12.31175","44.4328","PIT","Dahari","Dahari","Reef flat",12.24
"Comoros",2022,"Anjouan Island","Moya","Plage Moya",NA,"Partially restricted","Community Reserve",NA,"tabular","ct",1.57,0.7,2,"HC","ct","-12.31175","44.4328","PIT","Dahari","Dahari","Reef flat",2.23
"Comoros",2022,"Anjouan Island","Moya","Plage Moya",NA,"Partially restricted","Community Reserve",NA,"encrusting","ce",9.61,2.14,2,"HC","ce","-12.31175","44.4328","PIT","Dahari","Dahari","Reef flat",6.76
"Comoros",2022,"Anjouan Island","Moya","Plage Moya",NA,"Partially restricted","Community Reserve",NA,"submassive","cs",13.14,3.26,2,"HC","cs","-12.31175","44.4328","PIT","Dahari","Dahari","Reef flat",10.29
"Comoros",2022,"Anjouan Island","Moya","Plage Moya",NA,"Partially restricted","Community Reserve",NA,"foliaceous","cf",0.2,0.2,2,"HC","cf","-12.31175","44.4328","PIT","Dahari","Dahari","Reef flat",0.62
"Comoros",2022,"Anjouan Island","Moya","Plage Moya",NA,"Partially restricted","Community Reserve",NA,"mushroom","mush",0.2,0.2,2,"HC","mush","-12.31175","44.4328","PIT","Dahari","Dahari","Reef flat",0.62
"Comoros",2022,"Anjouan Island","Moya","Plage Moya",NA,"Partially restricted","Community Reserve",NA,"Hydroids","Hydr",0,0,2,"INV","Hydr","-12.31175","44.4328","PIT","Dahari","Dahari","Reef flat",0
"Comoros",2022,"Anjouan Island","Moya","Plage Moya",NA,"Partially restricted","Community Reserve",NA,"Inverts-other","INV",0,0,1,"INV",NA,"-12.31175","44.4328","PIT","Dahari","Dahari","Reef flat",0
"Comoros",2022,"Anjouan Island","Moya","Plage Moya",NA,"Partially restricted","Community Reserve",NA,"Sponge","Spog",0.2,0.2,2,"INV","Spog","-12.31175","44.4328","PIT","Dahari","Dahari","Reef flat",0.62
"Comoros",2022,"Anjouan Island","Moya","Plage Moya",NA,"Partially restricted","Community Reserve",NA,"Algae-macro/fleshy","AMAC",7.84,2.69,1,"AMAC",NA,"-12.31175","44.4328","PIT","Dahari","Dahari","Reef flat",8.52
"Comoros",2022,"Anjouan Island","Moya","Plage Moya",NA,"Partially restricted","Community Reserve",NA,"Algae-turf","ATRF",13.92,3.59,1,"ATRF",NA,"-12.31175","44.4328","PIT","Dahari","Dahari","Reef flat",11.34
"Comoros",2022,"Anjouan Island","Moya","Plage Moya",NA,"Partially restricted","Community Reserve",NA,"Algae-Halimeda","AHAL",0,0,1,"AHAL",NA,"-12.31175","44.4328","PIT","Dahari","Dahari","Reef flat",0
"Comoros",2022,"Anjouan Island","Moya","Plage Moya",NA,"Partially restricted","Community Reserve",NA,"Algae-coralline","ACOR",8.04,1.97,1,"ACOR",NA,"-12.31175","44.4328","PIT","Dahari","Dahari","Reef flat",6.23
"Comoros",2022,"Anjouan Island","Moya","Plage Moya",NA,"Partially restricted","Community Reserve",NA,"Rubble","RUB",2.75,1.41,1,"RUB",NA,"-12.31175","44.4328","PIT","Dahari","Dahari","Reef flat",4.45
"Comoros",2022,"Anjouan Island","Moya","Plage Moya",NA,"Partially restricted","Community Reserve",NA,"Rock","RCK",0,0,1,"RCK",NA,"-12.31175","44.4328","PIT","Dahari","Dahari","Reef flat",0
"Comoros",2022,"Anjouan Island","Moya","Plage Moya",NA,"Partially restricted","Community Reserve",NA,"Sand","SND",0.39,0.26,1,"SND",NA,"-12.31175","44.4328","PIT","Dahari","Dahari","Reef flat",0.83
"Comoros",2022,"Anjouan Island","Moya","Plage Moya",NA,"Partially restricted","Community Reserve",NA,"Seagrass","SGR",0,0,1,"SGR",NA,"-12.31175","44.4328","PIT","Dahari","Dahari","Reef flat",0
"Comoros",2022,"Anjouan Island","Moya","Plage Moya",NA,"Partially restricted","Community Reserve",NA,"Recent Dead Coral","RDC",0,0,1,"RDC",NA,"-12.31175","44.4328","PIT","Dahari","Dahari","Reef flat",0
"Comoros",2022,"Anjouan Island","Moya","Mutsa Muhune",NA,"Partially restricted","Community Reserve",NA,"massive","cm",3.92,1.07,2,"HC","cm","-12.318533","44.441917","PIT","Dahari","Dahari","Reef flat",2.4
"Comoros",2022,"Anjouan Island","Moya","Mutsa Muhune",NA,"Partially restricted","Community Reserve",NA,"branching","cb",3.14,1.71,2,"HC","cb","-12.318533","44.441917","PIT","Dahari","Dahari","Reef flat",3.82
"Comoros",2022,"Anjouan Island","Moya","Mutsa Muhune",NA,"Partially restricted","Community Reserve",NA,"digitate","cd",3.53,1.69,2,"HC","cd","-12.318533","44.441917","PIT","Dahari","Dahari","Reef flat",3.77
"Comoros",2022,"Anjouan Island","Moya","Mutsa Muhune",NA,"Partially restricted","Community Reserve",NA,"tabular","ct",0.39,0.39,2,"HC","ct","-12.318533","44.441917","PIT","Dahari","Dahari","Reef flat",0.88
"Comoros",2022,"Anjouan Island","Moya","Mutsa Muhune",NA,"Partially restricted","Community Reserve",NA,"encrusting","ce",12.16,1.69,2,"HC","ce","-12.318533","44.441917","PIT","Dahari","Dahari","Reef flat",3.77
"Comoros",2022,"Anjouan Island","Moya","Mutsa Muhune",NA,"Partially restricted","Community Reserve",NA,"submassive","cs",16.08,3.84,2,"HC","cs","-12.318533","44.441917","PIT","Dahari","Dahari","Reef flat",8.59
"Comoros",2022,"Anjouan Island","Moya","Mutsa Muhune",NA,"Partially restricted","Community Reserve",NA,"foliaceous","cf",0.39,0.39,2,"HC","cf","-12.318533","44.441917","PIT","Dahari","Dahari","Reef flat",0.88
"Comoros",2022,"Anjouan Island","Moya","Mutsa Muhune",NA,"Partially restricted","Community Reserve",NA,"mushroom","mush",0.39,0.39,2,"HC","mush","-12.318533","44.441917","PIT","Dahari","Dahari","Reef flat",0.88
"Comoros",2022,"Anjouan Island","Moya","Mutsa Muhune",NA,"Partially restricted","Community Reserve",NA,"Hydroids","Hydr",0,0,2,"INV","Hydr","-12.318533","44.441917","PIT","Dahari","Dahari","Reef flat",0
"Comoros",2022,"Anjouan Island","Moya","Mutsa Muhune",NA,"Partially restricted","Community Reserve",NA,"Inverts-other","INV",0,0,1,"INV",NA,"-12.318533","44.441917","PIT","Dahari","Dahari","Reef flat",0
"Comoros",2022,"Anjouan Island","Moya","Mutsa Muhune",NA,"Partially restricted","Community Reserve",NA,"Sponge","Spog",0.78,0.78,2,"INV","Spog","-12.318533","44.441917","PIT","Dahari","Dahari","Reef flat",1.75
"Comoros",2022,"Anjouan Island","Moya","Mutsa Muhune",NA,"Partially restricted","Community Reserve",NA,"Algae-macro/fleshy","AMAC",33.73,2.43,1,"AMAC",NA,"-12.318533","44.441917","PIT","Dahari","Dahari","Reef flat",5.44
"Comoros",2022,"Anjouan Island","Moya","Mutsa Muhune",NA,"Partially restricted","Community Reserve",NA,"Algae-turf","ATRF",17.65,0.62,1,"ATRF",NA,"-12.318533","44.441917","PIT","Dahari","Dahari","Reef flat",1.39
"Comoros",2022,"Anjouan Island","Moya","Mutsa Muhune",NA,"Partially restricted","Community Reserve",NA,"Algae-Halimeda","AHAL",0,0,1,"AHAL",NA,"-12.318533","44.441917","PIT","Dahari","Dahari","Reef flat",0
"Comoros",2022,"Anjouan Island","Moya","Mutsa Muhune",NA,"Partially restricted","Community Reserve",NA,"Algae-coralline","ACOR",1.96,0.62,1,"ACOR",NA,"-12.318533","44.441917","PIT","Dahari","Dahari","Reef flat",1.39
"Comoros",2022,"Anjouan Island","Moya","Mutsa Muhune",NA,"Partially restricted","Community Reserve",NA,"Rubble","RUB",5.88,3.45,1,"RUB",NA,"-12.318533","44.441917","PIT","Dahari","Dahari","Reef flat",7.72
"Comoros",2022,"Anjouan Island","Moya","Mutsa Muhune",NA,"Partially restricted","Community Reserve",NA,"Rock","RCK",0,0,1,"RCK",NA,"-12.318533","44.441917","PIT","Dahari","Dahari","Reef flat",0
"Comoros",2022,"Anjouan Island","Moya","Mutsa Muhune",NA,"Partially restricted","Community Reserve",NA,"Sand","SND",0,0,1,"SND",NA,"-12.318533","44.441917","PIT","Dahari","Dahari","Reef flat",0
"Comoros",2022,"Anjouan Island","Moya","Mutsa Muhune",NA,"Partially restricted","Community Reserve",NA,"Seagrass","SGR",0,0,1,"SGR",NA,"-12.318533","44.441917","PIT","Dahari","Dahari","Reef flat",0
"Comoros",2022,"Anjouan Island","Moya","Mutsa Muhune",NA,"Partially restricted","Community Reserve",NA,"Recent Dead Coral","RDC",0,0,1,"RDC",NA,"-12.318533","44.441917","PIT","Dahari","Dahari","Reef flat",0
"Comoros",2022,"Anjouan Island","Moya","Nkohani Shindrini",NA,"Partially restricted","Community Reserve",NA,"massive","cm",20.78,3.95,2,"HC","cm","-12.318067","44.448317","PIT","Dahari","Dahari","Forereef",8.83
"Comoros",2022,"Anjouan Island","Moya","Nkohani Shindrini",NA,"Partially restricted","Community Reserve",NA,"branching","cb",7.06,1.47,2,"HC","cb","-12.318067","44.448317","PIT","Dahari","Dahari","Forereef",3.28
"Comoros",2022,"Anjouan Island","Moya","Nkohani Shindrini",NA,"Partially restricted","Community Reserve",NA,"digitate","cd",11.76,1.07,2,"HC","cd","-12.318067","44.448317","PIT","Dahari","Dahari","Forereef",2.4
"Comoros",2022,"Anjouan Island","Moya","Nkohani Shindrini",NA,"Partially restricted","Community Reserve",NA,"tabular","ct",18.04,3.12,2,"HC","ct","-12.318067","44.448317","PIT","Dahari","Dahari","Forereef",6.99
"Comoros",2022,"Anjouan Island","Moya","Nkohani Shindrini",NA,"Partially restricted","Community Reserve",NA,"encrusting","ce",11.37,1.3,2,"HC","ce","-12.318067","44.448317","PIT","Dahari","Dahari","Forereef",2.91
"Comoros",2022,"Anjouan Island","Moya","Nkohani Shindrini",NA,"Partially restricted","Community Reserve",NA,"submassive","cs",1.57,1.57,2,"HC","cs","-12.318067","44.448317","PIT","Dahari","Dahari","Forereef",3.51
"Comoros",2022,"Anjouan Island","Moya","Nkohani Shindrini",NA,"Partially restricted","Community Reserve",NA,"foliaceous","cf",0.78,0.48,2,"HC","cf","-12.318067","44.448317","PIT","Dahari","Dahari","Forereef",1.07
"Comoros",2022,"Anjouan Island","Moya","Nkohani Shindrini",NA,"Partially restricted","Community Reserve",NA,"mushroom","mush",0.39,0.39,2,"HC","mush","-12.318067","44.448317","PIT","Dahari","Dahari","Forereef",0.88
"Comoros",2022,"Anjouan Island","Moya","Nkohani Shindrini",NA,"Partially restricted","Community Reserve",NA,"Hydroids","Hydr",0,0,2,"INV","Hydr","-12.318067","44.448317","PIT","Dahari","Dahari","Forereef",0
"Comoros",2022,"Anjouan Island","Moya","Nkohani Shindrini",NA,"Partially restricted","Community Reserve",NA,"Inverts-other","INV",0.39,0.39,1,"INV",NA,"-12.318067","44.448317","PIT","Dahari","Dahari","Forereef",0.88
"Comoros",2022,"Anjouan Island","Moya","Nkohani Shindrini",NA,"Partially restricted","Community Reserve",NA,"Sponge","Spog",0,0,2,"INV","Spog","-12.318067","44.448317","PIT","Dahari","Dahari","Forereef",0
"Comoros",2022,"Anjouan Island","Moya","Nkohani Shindrini",NA,"Partially restricted","Community Reserve",NA,"Algae-macro/fleshy","AMAC",1.96,0.62,1,"AMAC",NA,"-12.318067","44.448317","PIT","Dahari","Dahari","Forereef",1.39
"Comoros",2022,"Anjouan Island","Moya","Nkohani Shindrini",NA,"Partially restricted","Community Reserve",NA,"Algae-turf","ATRF",10.2,3.12,1,"ATRF",NA,"-12.318067","44.448317","PIT","Dahari","Dahari","Forereef",6.99
"Comoros",2022,"Anjouan Island","Moya","Nkohani Shindrini",NA,"Partially restricted","Community Reserve",NA,"Algae-Halimeda","AHAL",0,0,1,"AHAL",NA,"-12.318067","44.448317","PIT","Dahari","Dahari","Forereef",0
"Comoros",2022,"Anjouan Island","Moya","Nkohani Shindrini",NA,"Partially restricted","Community Reserve",NA,"Algae-coralline","ACOR",14.51,2.11,1,"ACOR",NA,"-12.318067","44.448317","PIT","Dahari","Dahari","Forereef",4.72
"Comoros",2022,"Anjouan Island","Moya","Nkohani Shindrini",NA,"Partially restricted","Community Reserve",NA,"Rubble","RUB",0,0,1,"RUB",NA,"-12.318067","44.448317","PIT","Dahari","Dahari","Forereef",0
"Comoros",2022,"Anjouan Island","Moya","Nkohani Shindrini",NA,"Partially restricted","Community Reserve",NA,"Rock","RCK",0,0,1,"RCK",NA,"-12.318067","44.448317","PIT","Dahari","Dahari","Forereef",0
"Comoros",2022,"Anjouan Island","Moya","Nkohani Shindrini",NA,"Partially restricted","Community Reserve",NA,"Sand","SND",1.18,0.78,1,"SND",NA,"-12.318067","44.448317","PIT","Dahari","Dahari","Forereef",1.75
"Comoros",2022,"Anjouan Island","Moya","Nkohani Shindrini",NA,"Partially restricted","Community Reserve",NA,"Seagrass","SGR",0,0,1,"SGR",NA,"-12.318067","44.448317","PIT","Dahari","Dahari","Forereef",0
"Comoros",2022,"Anjouan Island","Moya","Nkohani Shindrini",NA,"Partially restricted","Community Reserve",NA,"Recent Dead Coral","RDC",0,0,1,"RDC",NA,"-12.318067","44.448317","PIT","Dahari","Dahari","Forereef",0
"Comoros",2023,"Anjouan Island","Pomoni","Dzindri Yantsini",NA,"Partially Restricted","Community Reserve",NA,"massive","cm",11.76,2.4,2,"HC","cm","-12.249128","44.350077","PIT","Dahari","Dahari","Forereef",5.37
"Comoros",2023,"Anjouan Island","Pomoni","Dzindri Yantsini",NA,"Partially Restricted","Community Reserve",NA,"branching","cb",22.75,6.75,2,"HC","cb","-12.249128","44.350077","PIT","Dahari","Dahari","Forereef",15.1
"Comoros",2023,"Anjouan Island","Pomoni","Dzindri Yantsini",NA,"Partially Restricted","Community Reserve",NA,"digitate","cd",10.2,2.09,2,"HC","cd","-12.249128","44.350077","PIT","Dahari","Dahari","Forereef",4.68
"Comoros",2023,"Anjouan Island","Pomoni","Dzindri Yantsini",NA,"Partially Restricted","Community Reserve",NA,"tabular","ct",1.57,1.14,2,"HC","ct","-12.249128","44.350077","PIT","Dahari","Dahari","Forereef",2.56
"Comoros",2023,"Anjouan Island","Pomoni","Dzindri Yantsini",NA,"Partially Restricted","Community Reserve",NA,"encrusting","ce",15.69,2.56,2,"HC","ce","-12.249128","44.350077","PIT","Dahari","Dahari","Forereef",5.72
"Comoros",2023,"Anjouan Island","Pomoni","Dzindri Yantsini",NA,"Partially Restricted","Community Reserve",NA,"submassive","cs",7.45,1.9,2,"HC","cs","-12.249128","44.350077","PIT","Dahari","Dahari","Forereef",4.25
"Comoros",2023,"Anjouan Island","Pomoni","Dzindri Yantsini",NA,"Partially Restricted","Community Reserve",NA,"foliaceous","cf",0.78,0.48,2,"HC","cf","-12.249128","44.350077","PIT","Dahari","Dahari","Forereef",1.07
"Comoros",2023,"Anjouan Island","Pomoni","Dzindri Yantsini",NA,"Partially Restricted","Community Reserve",NA,"mushroom","mush",0,0,2,"HC","mush","-12.249128","44.350077","PIT","Dahari","Dahari","Forereef",0
"Comoros",2023,"Anjouan Island","Pomoni","Dzindri Yantsini",NA,"Partially Restricted","Community Reserve",NA,"Hydroids","Hydr",1.18,1.18,2,"INV","Hydr","-12.249128","44.350077","PIT","Dahari","Dahari","Forereef",2.63
"Comoros",2023,"Anjouan Island","Pomoni","Dzindri Yantsini",NA,"Partially Restricted","Community Reserve",NA,"Inverts-other","INV",0,0,1,"INV",NA,"-12.249128","44.350077","PIT","Dahari","Dahari","Forereef",0
"Comoros",2023,"Anjouan Island","Pomoni","Dzindri Yantsini",NA,"Partially Restricted","Community Reserve",NA,"Sponge","Spog",0,0,2,"INV","Spog","-12.249128","44.350077","PIT","Dahari","Dahari","Forereef",0
"Comoros",2023,"Anjouan Island","Pomoni","Dzindri Yantsini",NA,"Partially Restricted","Community Reserve",NA,"Algae-macro/fleshy","AMAC",8.63,1.18,1,"AMAC",NA,"-12.249128","44.350077","PIT","Dahari","Dahari","Forereef",2.63
"Comoros",2023,"Anjouan Island","Pomoni","Dzindri Yantsini",NA,"Partially Restricted","Community Reserve",NA,"Algae-turf","ATRF",5.88,0,1,"ATRF",NA,"-12.249128","44.350077","PIT","Dahari","Dahari","Forereef",0
"Comoros",2023,"Anjouan Island","Pomoni","Dzindri Yantsini",NA,"Partially Restricted","Community Reserve",NA,"Algae-Halimeda","AHAL",0,0,1,"AHAL",NA,"-12.249128","44.350077","PIT","Dahari","Dahari","Forereef",0
"Comoros",2023,"Anjouan Island","Pomoni","Dzindri Yantsini",NA,"Partially Restricted","Community Reserve",NA,"Algae-coralline","ACOR",12.94,2.37,1,"ACOR",NA,"-12.249128","44.350077","PIT","Dahari","Dahari","Forereef",5.3
"Comoros",2023,"Anjouan Island","Pomoni","Dzindri Yantsini",NA,"Partially Restricted","Community Reserve",NA,"Rubble","RUB",0.78,0.78,1,"RUB",NA,"-12.249128","44.350077","PIT","Dahari","Dahari","Forereef",1.75
"Comoros",2023,"Anjouan Island","Pomoni","Dzindri Yantsini",NA,"Partially Restricted","Community Reserve",NA,"Rock","RCK",0.39,0.39,1,"RCK",NA,"-12.249128","44.350077","PIT","Dahari","Dahari","Forereef",0.88
"Comoros",2023,"Anjouan Island","Pomoni","Dzindri Yantsini",NA,"Partially Restricted","Community Reserve",NA,"Sand","SND",0,0,1,"SND",NA,"-12.249128","44.350077","PIT","Dahari","Dahari","Forereef",0
"Comoros",2023,"Anjouan Island","Pomoni","Dzindri Yantsini",NA,"Partially Restricted","Community Reserve",NA,"Seagrass","SGR",0,0,1,"SGR",NA,"-12.249128","44.350077","PIT","Dahari","Dahari","Forereef",0
"Comoros",2023,"Anjouan Island","Pomoni","Dzindri Yantsini",NA,"Partially Restricted","Community Reserve",NA,"Recent Dead Coral","RDC",0,0,1,"RDC",NA,"-12.249128","44.350077","PIT","Dahari","Dahari","Forereef",0
"Comoros",2023,"Anjouan Island","Pomoni","Hamare_01",NA,"Partially Restricted","Community Reserve",NA,"massive","cm",5.88,1.64,2,"HC","cm","-12.240493","44.334006","PIT","Dahari","Dahari","Reef flat",3.67
"Comoros",2023,"Anjouan Island","Pomoni","Hamare_01",NA,"Partially Restricted","Community Reserve",NA,"branching","cb",38.82,6.06,2,"HC","cb","-12.240493","44.334006","PIT","Dahari","Dahari","Reef flat",13.54
"Comoros",2023,"Anjouan Island","Pomoni","Hamare_01",NA,"Partially Restricted","Community Reserve",NA,"digitate","cd",6.67,2.75,2,"HC","cd","-12.240493","44.334006","PIT","Dahari","Dahari","Reef flat",6.14
"Comoros",2023,"Anjouan Island","Pomoni","Hamare_01",NA,"Partially Restricted","Community Reserve",NA,"tabular","ct",0,0,2,"HC","ct","-12.240493","44.334006","PIT","Dahari","Dahari","Reef flat",0
"Comoros",2023,"Anjouan Island","Pomoni","Hamare_01",NA,"Partially Restricted","Community Reserve",NA,"encrusting","ce",2.35,0.96,2,"HC","ce","-12.240493","44.334006","PIT","Dahari","Dahari","Reef flat",2.15
"Comoros",2023,"Anjouan Island","Pomoni","Hamare_01",NA,"Partially Restricted","Community Reserve",NA,"submassive","cs",1.18,0.78,2,"HC","cs","-12.240493","44.334006","PIT","Dahari","Dahari","Reef flat",1.75
"Comoros",2023,"Anjouan Island","Pomoni","Hamare_01",NA,"Partially Restricted","Community Reserve",NA,"foliaceous","cf",0,0,2,"HC","cf","-12.240493","44.334006","PIT","Dahari","Dahari","Reef flat",0
"Comoros",2023,"Anjouan Island","Pomoni","Hamare_01",NA,"Partially Restricted","Community Reserve",NA,"mushroom","mush",0.39,0.39,2,"HC","mush","-12.240493","44.334006","PIT","Dahari","Dahari","Reef flat",0.88
"Comoros",2023,"Anjouan Island","Pomoni","Hamare_01",NA,"Partially Restricted","Community Reserve",NA,"Hydroids","Hydr",0,0,2,"INV","Hydr","-12.240493","44.334006","PIT","Dahari","Dahari","Reef flat",0
"Comoros",2023,"Anjouan Island","Pomoni","Hamare_01",NA,"Partially Restricted","Community Reserve",NA,"Inverts-other","INV",0,0,1,"INV",NA,"-12.240493","44.334006","PIT","Dahari","Dahari","Reef flat",0
"Comoros",2023,"Anjouan Island","Pomoni","Hamare_01",NA,"Partially Restricted","Community Reserve",NA,"Sponge","Spog",0,0,2,"INV","Spog","-12.240493","44.334006","PIT","Dahari","Dahari","Reef flat",0
"Comoros",2023,"Anjouan Island","Pomoni","Hamare_01",NA,"Partially Restricted","Community Reserve",NA,"Algae-macro/fleshy","AMAC",12.16,1.44,1,"AMAC",NA,"-12.240493","44.334006","PIT","Dahari","Dahari","Reef flat",3.22
"Comoros",2023,"Anjouan Island","Pomoni","Hamare_01",NA,"Partially Restricted","Community Reserve",NA,"Algae-turf","ATRF",12.55,4.87,1,"ATRF",NA,"-12.240493","44.334006","PIT","Dahari","Dahari","Reef flat",10.88
"Comoros",2023,"Anjouan Island","Pomoni","Hamare_01",NA,"Partially Restricted","Community Reserve",NA,"Algae-Halimeda","AHAL",0,0,1,"AHAL",NA,"-12.240493","44.334006","PIT","Dahari","Dahari","Reef flat",0
"Comoros",2023,"Anjouan Island","Pomoni","Hamare_01",NA,"Partially Restricted","Community Reserve",NA,"Algae-coralline","ACOR",5.1,2.37,1,"ACOR",NA,"-12.240493","44.334006","PIT","Dahari","Dahari","Reef flat",5.3
"Comoros",2023,"Anjouan Island","Pomoni","Hamare_01",NA,"Partially Restricted","Community Reserve",NA,"Rubble","RUB",14.51,4.66,1,"RUB",NA,"-12.240493","44.334006","PIT","Dahari","Dahari","Reef flat",10.43
"Comoros",2023,"Anjouan Island","Pomoni","Hamare_01",NA,"Partially Restricted","Community Reserve",NA,"Rock","RCK",0.39,0.39,1,"RCK",NA,"-12.240493","44.334006","PIT","Dahari","Dahari","Reef flat",0.88
"Comoros",2023,"Anjouan Island","Pomoni","Hamare_01",NA,"Partially Restricted","Community Reserve",NA,"Sand","SND",0,0,1,"SND",NA,"-12.240493","44.334006","PIT","Dahari","Dahari","Reef flat",0
"Comoros",2023,"Anjouan Island","Pomoni","Hamare_01",NA,"Partially Restricted","Community Reserve",NA,"Seagrass","SGR",0,0,1,"SGR",NA,"-12.240493","44.334006","PIT","Dahari","Dahari","Reef flat",0
"Comoros",2023,"Anjouan Island","Pomoni","Hamare_01",NA,"Partially Restricted","Community Reserve",NA,"Recent Dead Coral","RDC",0,0,1,"RDC",NA,"-12.240493","44.334006","PIT","Dahari","Dahari","Reef flat",0
"Comoros",2023,"Anjouan Island","Pomoni","Mrojou",NA,"Partially Restricted","Community Reserve",NA,"massive","cm",18.43,3.43,2,"HC","cm","-12.2440278","44.3556667","PIT","Dahari","Dahari","Reef flat",7.67
"Comoros",2023,"Anjouan Island","Pomoni","Mrojou",NA,"Partially Restricted","Community Reserve",NA,"branching","cb",2.35,0.39,2,"HC","cb","-12.2440278","44.3556667","PIT","Dahari","Dahari","Reef flat",0.88
"Comoros",2023,"Anjouan Island","Pomoni","Mrojou",NA,"Partially Restricted","Community Reserve",NA,"digitate","cd",6.27,2.93,2,"HC","cd","-12.2440278","44.3556667","PIT","Dahari","Dahari","Reef flat",6.56
"Comoros",2023,"Anjouan Island","Pomoni","Mrojou",NA,"Partially Restricted","Community Reserve",NA,"tabular","ct",0,0,2,"HC","ct","-12.2440278","44.3556667","PIT","Dahari","Dahari","Reef flat",0
"Comoros",2023,"Anjouan Island","Pomoni","Mrojou",NA,"Partially Restricted","Community Reserve",NA,"encrusting","ce",10.2,2.27,2,"HC","ce","-12.2440278","44.3556667","PIT","Dahari","Dahari","Reef flat",5.08
"Comoros",2023,"Anjouan Island","Pomoni","Mrojou",NA,"Partially Restricted","Community Reserve",NA,"submassive","cs",0,0,2,"HC","cs","-12.2440278","44.3556667","PIT","Dahari","Dahari","Reef flat",0
"Comoros",2023,"Anjouan Island","Pomoni","Mrojou",NA,"Partially Restricted","Community Reserve",NA,"foliaceous","cf",0.39,0.39,2,"HC","cf","-12.2440278","44.3556667","PIT","Dahari","Dahari","Reef flat",0.88
"Comoros",2023,"Anjouan Island","Pomoni","Mrojou",NA,"Partially Restricted","Community Reserve",NA,"mushroom","mush",0,0,2,"HC","mush","-12.2440278","44.3556667","PIT","Dahari","Dahari","Reef flat",0
"Comoros",2023,"Anjouan Island","Pomoni","Mrojou",NA,"Partially Restricted","Community Reserve",NA,"Hydroids","Hydr",0,0,2,"INV","Hydr","-12.2440278","44.3556667","PIT","Dahari","Dahari","Reef flat",0
"Comoros",2023,"Anjouan Island","Pomoni","Mrojou",NA,"Partially Restricted","Community Reserve",NA,"Inverts-other","INV",0,0,1,"INV",NA,"-12.2440278","44.3556667","PIT","Dahari","Dahari","Reef flat",0
"Comoros",2023,"Anjouan Island","Pomoni","Mrojou",NA,"Partially Restricted","Community Reserve",NA,"Sponge","Spog",0,0,2,"INV","Spog","-12.2440278","44.3556667","PIT","Dahari","Dahari","Reef flat",0
"Comoros",2023,"Anjouan Island","Pomoni","Mrojou",NA,"Partially Restricted","Community Reserve",NA,"Algae-macro/fleshy","AMAC",21.18,3,1,"AMAC",NA,"-12.2440278","44.3556667","PIT","Dahari","Dahari","Reef flat",6.71
"Comoros",2023,"Anjouan Island","Pomoni","Mrojou",NA,"Partially Restricted","Community Reserve",NA,"Algae-turf","ATRF",15.69,1.24,1,"ATRF",NA,"-12.2440278","44.3556667","PIT","Dahari","Dahari","Reef flat",2.77
"Comoros",2023,"Anjouan Island","Pomoni","Mrojou",NA,"Partially Restricted","Community Reserve",NA,"Algae-Halimeda","AHAL",0,0,1,"AHAL",NA,"-12.2440278","44.3556667","PIT","Dahari","Dahari","Reef flat",0
"Comoros",2023,"Anjouan Island","Pomoni","Mrojou",NA,"Partially Restricted","Community Reserve",NA,"Algae-coralline","ACOR",15.29,3.47,1,"ACOR",NA,"-12.2440278","44.3556667","PIT","Dahari","Dahari","Reef flat",7.77
"Comoros",2023,"Anjouan Island","Pomoni","Mrojou",NA,"Partially Restricted","Community Reserve",NA,"Rubble","RUB",3.92,1.75,1,"RUB",NA,"-12.2440278","44.3556667","PIT","Dahari","Dahari","Reef flat",3.92
"Comoros",2023,"Anjouan Island","Pomoni","Mrojou",NA,"Partially Restricted","Community Reserve",NA,"Rock","RCK",5.1,2.29,1,"RCK",NA,"-12.2440278","44.3556667","PIT","Dahari","Dahari","Reef flat",5.11
"Comoros",2023,"Anjouan Island","Pomoni","Mrojou",NA,"Partially Restricted","Community Reserve",NA,"Sand","SND",1.18,0.48,1,"SND",NA,"-12.2440278","44.3556667","PIT","Dahari","Dahari","Reef flat",1.07
"Comoros",2023,"Anjouan Island","Pomoni","Mrojou",NA,"Partially Restricted","Community Reserve",NA,"Seagrass","SGR",0,0,1,"SGR",NA,"-12.2440278","44.3556667","PIT","Dahari","Dahari","Reef flat",0
"Comoros",2023,"Anjouan Island","Pomoni","Mrojou",NA,"Partially Restricted","Community Reserve",NA,"Recent Dead Coral","RDC",0,0,1,"RDC",NA,"-12.2440278","44.3556667","PIT","Dahari","Dahari","Reef flat",0
"Comoros",2023,"Anjouan Island","Pomoni","Mabamboni",NA,"Partially Restricted","Community Reserve",NA,"massive","cm",10.59,2.6,2,"HC","cm","-12.244921","44.329091","PIT","Dahari","Dahari","Forereef",5.82
"Comoros",2023,"Anjouan Island","Pomoni","Mabamboni",NA,"Partially Restricted","Community Reserve",NA,"branching","cb",16.86,3.01,2,"HC","cb","-12.244921","44.329091","PIT","Dahari","Dahari","Forereef",6.74
"Comoros",2023,"Anjouan Island","Pomoni","Mabamboni",NA,"Partially Restricted","Community Reserve",NA,"digitate","cd",7.84,2.84,2,"HC","cd","-12.244921","44.329091","PIT","Dahari","Dahari","Forereef",6.35
"Comoros",2023,"Anjouan Island","Pomoni","Mabamboni",NA,"Partially Restricted","Community Reserve",NA,"tabular","ct",0.78,0.48,2,"HC","ct","-12.244921","44.329091","PIT","Dahari","Dahari","Forereef",1.07
"Comoros",2023,"Anjouan Island","Pomoni","Mabamboni",NA,"Partially Restricted","Community Reserve",NA,"encrusting","ce",10.59,2.02,2,"HC","ce","-12.244921","44.329091","PIT","Dahari","Dahari","Forereef",4.51
"Comoros",2023,"Anjouan Island","Pomoni","Mabamboni",NA,"Partially Restricted","Community Reserve",NA,"submassive","cs",2.75,1.82,2,"HC","cs","-12.244921","44.329091","PIT","Dahari","Dahari","Forereef",4.07
"Comoros",2023,"Anjouan Island","Pomoni","Mabamboni",NA,"Partially Restricted","Community Reserve",NA,"foliaceous","cf",0.39,0.39,2,"HC","cf","-12.244921","44.329091","PIT","Dahari","Dahari","Forereef",0.88
"Comoros",2023,"Anjouan Island","Pomoni","Mabamboni",NA,"Partially Restricted","Community Reserve",NA,"mushroom","mush",0,0,2,"HC","mush","-12.244921","44.329091","PIT","Dahari","Dahari","Forereef",0
"Comoros",2023,"Anjouan Island","Pomoni","Mabamboni",NA,"Partially Restricted","Community Reserve",NA,"Hydroids","Hydr",0,0,2,"INV","Hydr","-12.244921","44.329091","PIT","Dahari","Dahari","Forereef",0
"Comoros",2023,"Anjouan Island","Pomoni","Mabamboni",NA,"Partially Restricted","Community Reserve",NA,"Inverts-other","INV",0,0,1,"INV",NA,"-12.244921","44.329091","PIT","Dahari","Dahari","Forereef",0
"Comoros",2023,"Anjouan Island","Pomoni","Mabamboni",NA,"Partially Restricted","Community Reserve",NA,"Sponge","Spog",0,0,2,"INV","Spog","-12.244921","44.329091","PIT","Dahari","Dahari","Forereef",0
"Comoros",2023,"Anjouan Island","Pomoni","Mabamboni",NA,"Partially Restricted","Community Reserve",NA,"Algae-macro/fleshy","AMAC",12.94,2.67,1,"AMAC",NA,"-12.244921","44.329091","PIT","Dahari","Dahari","Forereef",5.98
"Comoros",2023,"Anjouan Island","Pomoni","Mabamboni",NA,"Partially Restricted","Community Reserve",NA,"Algae-turf","ATRF",16.08,3.47,1,"ATRF",NA,"-12.244921","44.329091","PIT","Dahari","Dahari","Forereef",7.77
"Comoros",2023,"Anjouan Island","Pomoni","Mabamboni",NA,"Partially Restricted","Community Reserve",NA,"Algae-Halimeda","AHAL",0,0,1,"AHAL",NA,"-12.244921","44.329091","PIT","Dahari","Dahari","Forereef",0
"Comoros",2023,"Anjouan Island","Pomoni","Mabamboni",NA,"Partially Restricted","Community Reserve",NA,"Algae-coralline","ACOR",13.33,1.14,1,"ACOR",NA,"-12.244921","44.329091","PIT","Dahari","Dahari","Forereef",2.56
"Comoros",2023,"Anjouan Island","Pomoni","Mabamboni",NA,"Partially Restricted","Community Reserve",NA,"Rubble","RUB",3.14,1.33,1,"RUB",NA,"-12.244921","44.329091","PIT","Dahari","Dahari","Forereef",2.97
"Comoros",2023,"Anjouan Island","Pomoni","Mabamboni",NA,"Partially Restricted","Community Reserve",NA,"Rock","RCK",4.71,2.02,1,"RCK",NA,"-12.244921","44.329091","PIT","Dahari","Dahari","Forereef",4.51
"Comoros",2023,"Anjouan Island","Pomoni","Mabamboni",NA,"Partially Restricted","Community Reserve",NA,"Sand","SND",0,0,1,"SND",NA,"-12.244921","44.329091","PIT","Dahari","Dahari","Forereef",0
"Comoros",2023,"Anjouan Island","Pomoni","Mabamboni",NA,"Partially Restricted","Community Reserve",NA,"Seagrass","SGR",0,0,1,"SGR",NA,"-12.244921","44.329091","PIT","Dahari","Dahari","Forereef",0
"Comoros",2023,"Anjouan Island","Pomoni","Mabamboni",NA,"Partially Restricted","Community Reserve",NA,"Recent Dead Coral","RDC",0,0,1,"RDC",NA,"-12.244921","44.329091","PIT","Dahari","Dahari","Forereef",0
"Comoros",2023,"Anjouan Island","Moya","Nkohani Shindrini",NA,"Partially restricted","Community Reserve",NA,"massive","cm",14.9,1.59,2,"HC","cm","-12.318067","44.448317","PIT","Dahari","Dahari","Forereef",3.56
"Comoros",2023,"Anjouan Island","Moya","Nkohani Shindrini",NA,"Partially restricted","Community Reserve",NA,"branching","cb",18.43,4.09,2,"HC","cb","-12.318067","44.448317","PIT","Dahari","Dahari","Forereef",9.15
"Comoros",2023,"Anjouan Island","Moya","Nkohani Shindrini",NA,"Partially restricted","Community Reserve",NA,"digitate","cd",13.73,3.56,2,"HC","cd","-12.318067","44.448317","PIT","Dahari","Dahari","Forereef",7.96
"Comoros",2023,"Anjouan Island","Moya","Nkohani Shindrini",NA,"Partially restricted","Community Reserve",NA,"tabular","ct",5.88,1.52,2,"HC","ct","-12.318067","44.448317","PIT","Dahari","Dahari","Forereef",3.4
"Comoros",2023,"Anjouan Island","Moya","Nkohani Shindrini",NA,"Partially restricted","Community Reserve",NA,"encrusting","ce",14.12,2.27,2,"HC","ce","-12.318067","44.448317","PIT","Dahari","Dahari","Forereef",5.08
"Comoros",2023,"Anjouan Island","Moya","Nkohani Shindrini",NA,"Partially restricted","Community Reserve",NA,"submassive","cs",1.18,0.48,2,"HC","cs","-12.318067","44.448317","PIT","Dahari","Dahari","Forereef",1.07
"Comoros",2023,"Anjouan Island","Moya","Nkohani Shindrini",NA,"Partially restricted","Community Reserve",NA,"foliaceous","cf",0,0,2,"HC","cf","-12.318067","44.448317","PIT","Dahari","Dahari","Forereef",0
"Comoros",2023,"Anjouan Island","Moya","Nkohani Shindrini",NA,"Partially restricted","Community Reserve",NA,"mushroom","mush",0,0,2,"HC","mush","-12.318067","44.448317","PIT","Dahari","Dahari","Forereef",0
"Comoros",2023,"Anjouan Island","Moya","Nkohani Shindrini",NA,"Partially restricted","Community Reserve",NA,"Hydroids","Hydr",0,0,2,"INV","Hydr","-12.318067","44.448317","PIT","Dahari","Dahari","Forereef",0
"Comoros",2023,"Anjouan Island","Moya","Nkohani Shindrini",NA,"Partially restricted","Community Reserve",NA,"Inverts-other","INV",0.39,0.39,1,"INV",NA,"-12.318067","44.448317","PIT","Dahari","Dahari","Forereef",0.88
"Comoros",2023,"Anjouan Island","Moya","Nkohani Shindrini",NA,"Partially restricted","Community Reserve",NA,"Sponge","Spog",0,0,2,"INV","Spog","-12.318067","44.448317","PIT","Dahari","Dahari","Forereef",0
"Comoros",2023,"Anjouan Island","Moya","Nkohani Shindrini",NA,"Partially restricted","Community Reserve",NA,"Algae-macro/fleshy","AMAC",3.53,0.73,1,"AMAC",NA,"-12.318067","44.448317","PIT","Dahari","Dahari","Forereef",1.64
"Comoros",2023,"Anjouan Island","Moya","Nkohani Shindrini",NA,"Partially restricted","Community Reserve",NA,"Algae-turf","ATRF",8.63,2.11,1,"ATRF",NA,"-12.318067","44.448317","PIT","Dahari","Dahari","Forereef",4.72
"Comoros",2023,"Anjouan Island","Moya","Nkohani Shindrini",NA,"Partially restricted","Community Reserve",NA,"Algae-Halimeda","AHAL",0,0,1,"AHAL",NA,"-12.318067","44.448317","PIT","Dahari","Dahari","Forereef",0
"Comoros",2023,"Anjouan Island","Moya","Nkohani Shindrini",NA,"Partially restricted","Community Reserve",NA,"Algae-coralline","ACOR",14.12,2,1,"ACOR",NA,"-12.318067","44.448317","PIT","Dahari","Dahari","Forereef",4.47
"Comoros",2023,"Anjouan Island","Moya","Nkohani Shindrini",NA,"Partially restricted","Community Reserve",NA,"Rubble","RUB",0,0,1,"RUB",NA,"-12.318067","44.448317","PIT","Dahari","Dahari","Forereef",0
"Comoros",2023,"Anjouan Island","Moya","Nkohani Shindrini",NA,"Partially restricted","Community Reserve",NA,"Rock","RCK",3.14,1,1,"RCK",NA,"-12.318067","44.448317","PIT","Dahari","Dahari","Forereef",2.24
"Comoros",2023,"Anjouan Island","Moya","Nkohani Shindrini",NA,"Partially restricted","Community Reserve",NA,"Sand","SND",1.96,0.88,1,"SND",NA,"-12.318067","44.448317","PIT","Dahari","Dahari","Forereef",1.96
"Comoros",2023,"Anjouan Island","Moya","Nkohani Shindrini",NA,"Partially restricted","Community Reserve",NA,"Seagrass","SGR",0,0,1,"SGR",NA,"-12.318067","44.448317","PIT","Dahari","Dahari","Forereef",0
"Comoros",2023,"Anjouan Island","Moya","Nkohani Shindrini",NA,"Partially restricted","Community Reserve",NA,"Recent Dead Coral","RDC",0,0,1,"RDC",NA,"-12.318067","44.448317","PIT","Dahari","Dahari","Forereef",0
"Comoros",2023,"Anjouan Island","Moya","Plage Moya",NA,"Partially restricted","Community Reserve",NA,"massive","cm",9.22,1.49,2,"HC","cm","-12.31175","44.4328","PIT","Dahari","Dahari","Reef flat",4.72
"Comoros",2023,"Anjouan Island","Moya","Plage Moya",NA,"Partially restricted","Community Reserve",NA,"branching","cb",11.37,2.14,2,"HC","cb","-12.31175","44.4328","PIT","Dahari","Dahari","Reef flat",6.78
"Comoros",2023,"Anjouan Island","Moya","Plage Moya",NA,"Partially restricted","Community Reserve",NA,"digitate","cd",16.67,3.89,2,"HC","cd","-12.31175","44.4328","PIT","Dahari","Dahari","Reef flat",12.31
"Comoros",2023,"Anjouan Island","Moya","Plage Moya",NA,"Partially restricted","Community Reserve",NA,"tabular","ct",0.39,0.39,2,"HC","ct","-12.31175","44.4328","PIT","Dahari","Dahari","Reef flat",1.24
"Comoros",2023,"Anjouan Island","Moya","Plage Moya",NA,"Partially restricted","Community Reserve",NA,"encrusting","ce",10.39,1.92,2,"HC","ce","-12.31175","44.4328","PIT","Dahari","Dahari","Reef flat",6.06
"Comoros",2023,"Anjouan Island","Moya","Plage Moya",NA,"Partially restricted","Community Reserve",NA,"submassive","cs",16.47,2.43,2,"HC","cs","-12.31175","44.4328","PIT","Dahari","Dahari","Reef flat",7.69
"Comoros",2023,"Anjouan Island","Moya","Plage Moya",NA,"Partially restricted","Community Reserve",NA,"foliaceous","cf",0,0,2,"HC","cf","-12.31175","44.4328","PIT","Dahari","Dahari","Reef flat",0
"Comoros",2023,"Anjouan Island","Moya","Plage Moya",NA,"Partially restricted","Community Reserve",NA,"mushroom","mush",0.2,0.2,2,"HC","mush","-12.31175","44.4328","PIT","Dahari","Dahari","Reef flat",0.62
"Comoros",2023,"Anjouan Island","Moya","Plage Moya",NA,"Partially restricted","Community Reserve",NA,"Hydroids","Hydr",0.98,0.6,2,"INV","Hydr","-12.31175","44.4328","PIT","Dahari","Dahari","Reef flat",1.91
"Comoros",2023,"Anjouan Island","Moya","Plage Moya",NA,"Partially restricted","Community Reserve",NA,"Inverts-other","INV",0,0,1,"INV",NA,"-12.31175","44.4328","PIT","Dahari","Dahari","Reef flat",0
"Comoros",2023,"Anjouan Island","Moya","Plage Moya",NA,"Partially restricted","Community Reserve",NA,"Sponge","Spog",0.2,0.2,2,"INV","Spog","-12.31175","44.4328","PIT","Dahari","Dahari","Reef flat",0.62
"Comoros",2023,"Anjouan Island","Moya","Plage Moya",NA,"Partially restricted","Community Reserve",NA,"Algae-macro/fleshy","AMAC",8.04,2.91,1,"AMAC",NA,"-12.31175","44.4328","PIT","Dahari","Dahari","Reef flat",9.22
"Comoros",2023,"Anjouan Island","Moya","Plage Moya",NA,"Partially restricted","Community Reserve",NA,"Algae-turf","ATRF",11.37,3.33,1,"ATRF",NA,"-12.31175","44.4328","PIT","Dahari","Dahari","Reef flat",10.53
"Comoros",2023,"Anjouan Island","Moya","Plage Moya",NA,"Partially restricted","Community Reserve",NA,"Algae-Halimeda","AHAL",0,0,1,"AHAL",NA,"-12.31175","44.4328","PIT","Dahari","Dahari","Reef flat",0
"Comoros",2023,"Anjouan Island","Moya","Plage Moya",NA,"Partially restricted","Community Reserve",NA,"Algae-coralline","ACOR",10.78,1.47,1,"ACOR",NA,"-12.31175","44.4328","PIT","Dahari","Dahari","Reef flat",4.64
"Comoros",2023,"Anjouan Island","Moya","Plage Moya",NA,"Partially restricted","Community Reserve",NA,"Rubble","RUB",2.75,1.52,1,"RUB",NA,"-12.31175","44.4328","PIT","Dahari","Dahari","Reef flat",4.82
"Comoros",2023,"Anjouan Island","Moya","Plage Moya",NA,"Partially restricted","Community Reserve",NA,"Rock","RCK",0.78,0.43,1,"RCK",NA,"-12.31175","44.4328","PIT","Dahari","Dahari","Reef flat",1.37
"Comoros",2023,"Anjouan Island","Moya","Plage Moya",NA,"Partially restricted","Community Reserve",NA,"Sand","SND",0.39,0.26,1,"SND",NA,"-12.31175","44.4328","PIT","Dahari","Dahari","Reef flat",0.83
"Comoros",2023,"Anjouan Island","Moya","Plage Moya",NA,"Partially restricted","Community Reserve",NA,"Seagrass","SGR",0,0,1,"SGR",NA,"-12.31175","44.4328","PIT","Dahari","Dahari","Reef flat",0
"Comoros",2023,"Anjouan Island","Moya","Plage Moya",NA,"Partially restricted","Community Reserve",NA,"Recent Dead Coral","RDC",0,0,1,"RDC",NA,"-12.31175","44.4328","PIT","Dahari","Dahari","Reef flat",0
"Comoros",2023,"Anjouan Island","Moya","Mpoundri",NA,"Partially restricted","Community Reserve",NA,"massive","cm",9.61,1.9,2,"HC","cm","-12.302633","44.429883","PIT","Dahari","Dahari","Reef flat",6.02
"Comoros",2023,"Anjouan Island","Moya","Mpoundri",NA,"Partially restricted","Community Reserve",NA,"branching","cb",26.67,3.97,2,"HC","cb","-12.302633","44.429883","PIT","Dahari","Dahari","Reef flat",12.54
"Comoros",2023,"Anjouan Island","Moya","Mpoundri",NA,"Partially restricted","Community Reserve",NA,"digitate","cd",17.25,3.64,2,"HC","cd","-12.302633","44.429883","PIT","Dahari","Dahari","Reef flat",11.5
"Comoros",2023,"Anjouan Island","Moya","Mpoundri",NA,"Partially restricted","Community Reserve",NA,"tabular","ct",0,0,2,"HC","ct","-12.302633","44.429883","PIT","Dahari","Dahari","Reef flat",0
"Comoros",2023,"Anjouan Island","Moya","Mpoundri",NA,"Partially restricted","Community Reserve",NA,"encrusting","ce",9.22,2.23,2,"HC","ce","-12.302633","44.429883","PIT","Dahari","Dahari","Reef flat",7.04
"Comoros",2023,"Anjouan Island","Moya","Mpoundri",NA,"Partially restricted","Community Reserve",NA,"submassive","cs",5.29,1.46,2,"HC","cs","-12.302633","44.429883","PIT","Dahari","Dahari","Reef flat",4.63
"Comoros",2023,"Anjouan Island","Moya","Mpoundri",NA,"Partially restricted","Community Reserve",NA,"foliaceous","cf",0.78,0.78,2,"HC","cf","-12.302633","44.429883","PIT","Dahari","Dahari","Reef flat",2.48
"Comoros",2023,"Anjouan Island","Moya","Mpoundri",NA,"Partially restricted","Community Reserve",NA,"mushroom","mush",0,0,2,"HC","mush","-12.302633","44.429883","PIT","Dahari","Dahari","Reef flat",0
"Comoros",2023,"Anjouan Island","Moya","Mpoundri",NA,"Partially restricted","Community Reserve",NA,"Hydroids","Hydr",0,0,2,"INV","Hydr","-12.302633","44.429883","PIT","Dahari","Dahari","Reef flat",0
"Comoros",2023,"Anjouan Island","Moya","Mpoundri",NA,"Partially restricted","Community Reserve",NA,"Inverts-other","INV",0,0,1,"INV",NA,"-12.302633","44.429883","PIT","Dahari","Dahari","Reef flat",0
"Comoros",2023,"Anjouan Island","Moya","Mpoundri",NA,"Partially restricted","Community Reserve",NA,"Sponge","Spog",0,0,2,"INV","Spog","-12.302633","44.429883","PIT","Dahari","Dahari","Reef flat",0
"Comoros",2023,"Anjouan Island","Moya","Mpoundri",NA,"Partially restricted","Community Reserve",NA,"Algae-macro/fleshy","AMAC",5.49,1.36,1,"AMAC",NA,"-12.302633","44.429883","PIT","Dahari","Dahari","Reef flat",4.32
"Comoros",2023,"Anjouan Island","Moya","Mpoundri",NA,"Partially restricted","Community Reserve",NA,"Algae-turf","ATRF",14.51,2.62,1,"ATRF",NA,"-12.302633","44.429883","PIT","Dahari","Dahari","Reef flat",8.28
"Comoros",2023,"Anjouan Island","Moya","Mpoundri",NA,"Partially restricted","Community Reserve",NA,"Algae-Halimeda","AHAL",0.39,0.39,1,"AHAL",NA,"-12.302633","44.429883","PIT","Dahari","Dahari","Reef flat",1.24
"Comoros",2023,"Anjouan Island","Moya","Mpoundri",NA,"Partially restricted","Community Reserve",NA,"Algae-coralline","ACOR",9.02,1.41,1,"ACOR",NA,"-12.302633","44.429883","PIT","Dahari","Dahari","Reef flat",4.45
"Comoros",2023,"Anjouan Island","Moya","Mpoundri",NA,"Partially restricted","Community Reserve",NA,"Rubble","RUB",0.39,0.26,1,"RUB",NA,"-12.302633","44.429883","PIT","Dahari","Dahari","Reef flat",0.83
"Comoros",2023,"Anjouan Island","Moya","Mpoundri",NA,"Partially restricted","Community Reserve",NA,"Rock","RCK",1.18,0.98,1,"RCK",NA,"-12.302633","44.429883","PIT","Dahari","Dahari","Reef flat",3.09
"Comoros",2023,"Anjouan Island","Moya","Mpoundri",NA,"Partially restricted","Community Reserve",NA,"Sand","SND",0.2,0.2,1,"SND",NA,"-12.302633","44.429883","PIT","Dahari","Dahari","Reef flat",0.62
"Comoros",2023,"Anjouan Island","Moya","Mpoundri",NA,"Partially restricted","Community Reserve",NA,"Seagrass","SGR",0,0,1,"SGR",NA,"-12.302633","44.429883","PIT","Dahari","Dahari","Reef flat",0
"Comoros",2023,"Anjouan Island","Moya","Mpoundri",NA,"Partially restricted","Community Reserve",NA,"Recent Dead Coral","RDC",0,0,1,"RDC",NA,"-12.302633","44.429883","PIT","Dahari","Dahari","Reef flat",0
"Comoros",2023,"Anjouan Island","Moya","Mutsa Muhune",NA,"Partially restricted","Community Reserve",NA,"massive","cm",5.88,1.64,2,"HC","cm","-12.318533","44.441917","PIT","Dahari","Dahari","Reef flat",3.67
"Comoros",2023,"Anjouan Island","Moya","Mutsa Muhune",NA,"Partially restricted","Community Reserve",NA,"branching","cb",0,0,2,"HC","cb","-12.318533","44.441917","PIT","Dahari","Dahari","Reef flat",0
"Comoros",2023,"Anjouan Island","Moya","Mutsa Muhune",NA,"Partially restricted","Community Reserve",NA,"digitate","cd",0,0,2,"HC","cd","-12.318533","44.441917","PIT","Dahari","Dahari","Reef flat",0
"Comoros",2023,"Anjouan Island","Moya","Mutsa Muhune",NA,"Partially restricted","Community Reserve",NA,"tabular","ct",0,0,2,"HC","ct","-12.318533","44.441917","PIT","Dahari","Dahari","Reef flat",0
"Comoros",2023,"Anjouan Island","Moya","Mutsa Muhune",NA,"Partially restricted","Community Reserve",NA,"encrusting","ce",7.45,3.42,2,"HC","ce","-12.318533","44.441917","PIT","Dahari","Dahari","Reef flat",7.64
"Comoros",2023,"Anjouan Island","Moya","Mutsa Muhune",NA,"Partially restricted","Community Reserve",NA,"submassive","cs",4.31,1.14,2,"HC","cs","-12.318533","44.441917","PIT","Dahari","Dahari","Reef flat",2.56
"Comoros",2023,"Anjouan Island","Moya","Mutsa Muhune",NA,"Partially restricted","Community Reserve",NA,"foliaceous","cf",0,0,2,"HC","cf","-12.318533","44.441917","PIT","Dahari","Dahari","Reef flat",0
"Comoros",2023,"Anjouan Island","Moya","Mutsa Muhune",NA,"Partially restricted","Community Reserve",NA,"mushroom","mush",0,0,2,"HC","mush","-12.318533","44.441917","PIT","Dahari","Dahari","Reef flat",0
"Comoros",2023,"Anjouan Island","Moya","Mutsa Muhune",NA,"Partially restricted","Community Reserve",NA,"Hydroids","Hydr",0,0,2,"INV","Hydr","-12.318533","44.441917","PIT","Dahari","Dahari","Reef flat",0
"Comoros",2023,"Anjouan Island","Moya","Mutsa Muhune",NA,"Partially restricted","Community Reserve",NA,"Inverts-other","INV",0,0,1,"INV",NA,"-12.318533","44.441917","PIT","Dahari","Dahari","Reef flat",0
"Comoros",2023,"Anjouan Island","Moya","Mutsa Muhune",NA,"Partially restricted","Community Reserve",NA,"Sponge","Spog",0.39,0.39,2,"INV","Spog","-12.318533","44.441917","PIT","Dahari","Dahari","Reef flat",0.88
"Comoros",2023,"Anjouan Island","Moya","Mutsa Muhune",NA,"Partially restricted","Community Reserve",NA,"Algae-macro/fleshy","AMAC",30.59,6.4,1,"AMAC",NA,"-12.318533","44.441917","PIT","Dahari","Dahari","Reef flat",14.32
"Comoros",2023,"Anjouan Island","Moya","Mutsa Muhune",NA,"Partially restricted","Community Reserve",NA,"Algae-turf","ATRF",14.51,2.95,1,"ATRF",NA,"-12.318533","44.441917","PIT","Dahari","Dahari","Reef flat",6.59
"Comoros",2023,"Anjouan Island","Moya","Mutsa Muhune",NA,"Partially restricted","Community Reserve",NA,"Algae-Halimeda","AHAL",0.39,0.39,1,"AHAL",NA,"-12.318533","44.441917","PIT","Dahari","Dahari","Reef flat",0.88
"Comoros",2023,"Anjouan Island","Moya","Mutsa Muhune",NA,"Partially restricted","Community Reserve",NA,"Algae-coralline","ACOR",7.06,1,1,"ACOR",NA,"-12.318533","44.441917","PIT","Dahari","Dahari","Reef flat",2.24
"Comoros",2023,"Anjouan Island","Moya","Mutsa Muhune",NA,"Partially restricted","Community Reserve",NA,"Rubble","RUB",23.53,2.24,1,"RUB",NA,"-12.318533","44.441917","PIT","Dahari","Dahari","Reef flat",5
"Comoros",2023,"Anjouan Island","Moya","Mutsa Muhune",NA,"Partially restricted","Community Reserve",NA,"Rock","RCK",5.88,1.64,1,"RCK",NA,"-12.318533","44.441917","PIT","Dahari","Dahari","Reef flat",3.67
"Comoros",2023,"Anjouan Island","Moya","Mutsa Muhune",NA,"Partially restricted","Community Reserve",NA,"Sand","SND",0,0,1,"SND",NA,"-12.318533","44.441917","PIT","Dahari","Dahari","Reef flat",0
"Comoros",2023,"Anjouan Island","Moya","Mutsa Muhune",NA,"Partially restricted","Community Reserve",NA,"Seagrass","SGR",0,0,1,"SGR",NA,"-12.318533","44.441917","PIT","Dahari","Dahari","Reef flat",0
"Comoros",2023,"Anjouan Island","Moya","Mutsa Muhune",NA,"Partially restricted","Community Reserve",NA,"Recent Dead Coral","RDC",0,0,1,"RDC",NA,"-12.318533","44.441917","PIT","Dahari","Dahari","Reef flat",0
"Comoros",2023,"Anjouan Island","Pomoni","Hamare_02",NA,"Partially Restricted","Community Reserve",NA,"massive","cm",6.67,1.82,2,"HC","cm","-12.241253","44.333174","PIT","Dahari","Dahari","Forereef",4.07
"Comoros",2023,"Anjouan Island","Pomoni","Hamare_02",NA,"Partially Restricted","Community Reserve",NA,"branching","cb",7.84,2.06,2,"HC","cb","-12.241253","44.333174","PIT","Dahari","Dahari","Forereef",4.6
"Comoros",2023,"Anjouan Island","Pomoni","Hamare_02",NA,"Partially Restricted","Community Reserve",NA,"digitate","cd",47.84,6.58,2,"HC","cd","-12.241253","44.333174","PIT","Dahari","Dahari","Forereef",14.71
"Comoros",2023,"Anjouan Island","Pomoni","Hamare_02",NA,"Partially Restricted","Community Reserve",NA,"tabular","ct",0.78,0.78,2,"HC","ct","-12.241253","44.333174","PIT","Dahari","Dahari","Forereef",1.75
"Comoros",2023,"Anjouan Island","Pomoni","Hamare_02",NA,"Partially Restricted","Community Reserve",NA,"encrusting","ce",4.71,1.47,2,"HC","ce","-12.241253","44.333174","PIT","Dahari","Dahari","Forereef",3.28
"Comoros",2023,"Anjouan Island","Pomoni","Hamare_02",NA,"Partially Restricted","Community Reserve",NA,"submassive","cs",3.53,2.18,2,"HC","cs","-12.241253","44.333174","PIT","Dahari","Dahari","Forereef",4.88
"Comoros",2023,"Anjouan Island","Pomoni","Hamare_02",NA,"Partially Restricted","Community Reserve",NA,"foliaceous","cf",0,0,2,"HC","cf","-12.241253","44.333174","PIT","Dahari","Dahari","Forereef",0
"Comoros",2023,"Anjouan Island","Pomoni","Hamare_02",NA,"Partially Restricted","Community Reserve",NA,"mushroom","mush",0.78,0.78,2,"HC","mush","-12.241253","44.333174","PIT","Dahari","Dahari","Forereef",1.75
"Comoros",2023,"Anjouan Island","Pomoni","Hamare_02",NA,"Partially Restricted","Community Reserve",NA,"Hydroids","Hydr",0,0,2,"INV","Hydr","-12.241253","44.333174","PIT","Dahari","Dahari","Forereef",0
"Comoros",2023,"Anjouan Island","Pomoni","Hamare_02",NA,"Partially Restricted","Community Reserve",NA,"Inverts-other","INV",0.39,0.39,1,"INV",NA,"-12.241253","44.333174","PIT","Dahari","Dahari","Forereef",0.88
"Comoros",2023,"Anjouan Island","Pomoni","Hamare_02",NA,"Partially Restricted","Community Reserve",NA,"Sponge","Spog",0,0,2,"INV","Spog","-12.241253","44.333174","PIT","Dahari","Dahari","Forereef",0
"Comoros",2023,"Anjouan Island","Pomoni","Hamare_02",NA,"Partially Restricted","Community Reserve",NA,"Algae-macro/fleshy","AMAC",10.59,1.47,1,"AMAC",NA,"-12.241253","44.333174","PIT","Dahari","Dahari","Forereef",3.28
"Comoros",2023,"Anjouan Island","Pomoni","Hamare_02",NA,"Partially Restricted","Community Reserve",NA,"Algae-turf","ATRF",3.14,1,1,"ATRF",NA,"-12.241253","44.333174","PIT","Dahari","Dahari","Forereef",2.24
"Comoros",2023,"Anjouan Island","Pomoni","Hamare_02",NA,"Partially Restricted","Community Reserve",NA,"Algae-Halimeda","AHAL",0,0,1,"AHAL",NA,"-12.241253","44.333174","PIT","Dahari","Dahari","Forereef",0
"Comoros",2023,"Anjouan Island","Pomoni","Hamare_02",NA,"Partially Restricted","Community Reserve",NA,"Algae-coralline","ACOR",13.73,2.97,1,"ACOR",NA,"-12.241253","44.333174","PIT","Dahari","Dahari","Forereef",6.65
"Comoros",2023,"Anjouan Island","Pomoni","Hamare_02",NA,"Partially Restricted","Community Reserve",NA,"Rubble","RUB",0,0,1,"RUB",NA,"-12.241253","44.333174","PIT","Dahari","Dahari","Forereef",0
"Comoros",2023,"Anjouan Island","Pomoni","Hamare_02",NA,"Partially Restricted","Community Reserve",NA,"Rock","RCK",0,0,1,"RCK",NA,"-12.241253","44.333174","PIT","Dahari","Dahari","Forereef",0
"Comoros",2023,"Anjouan Island","Pomoni","Hamare_02",NA,"Partially Restricted","Community Reserve",NA,"Sand","SND",0,0,1,"SND",NA,"-12.241253","44.333174","PIT","Dahari","Dahari","Forereef",0
"Comoros",2023,"Anjouan Island","Pomoni","Hamare_02",NA,"Partially Restricted","Community Reserve",NA,"Seagrass","SGR",0,0,1,"SGR",NA,"-12.241253","44.333174","PIT","Dahari","Dahari","Forereef",0
"Comoros",2023,"Anjouan Island","Pomoni","Hamare_02",NA,"Partially Restricted","Community Reserve",NA,"Recent Dead Coral","RDC",0,0,1,"RDC",NA,"-12.241253","44.333174","PIT","Dahari","Dahari","Forereef",0
"Comoros",2024,"Anjouan Island","Pomoni","Hamare_01",NA,"Partially Restricted","Community Reserve",NA,"massive","cm",4.58,2.85,2,"HC","cm","-12.240493","44.334006","PIT","Dahari","Dahari","Reef flat",4.93
"Comoros",2024,"Anjouan Island","Pomoni","Hamare_01",NA,"Partially Restricted","Community Reserve",NA,"branching","cb",13.07,5.7,2,"HC","cb","-12.240493","44.334006","PIT","Dahari","Dahari","Reef flat",9.87
"Comoros",2024,"Anjouan Island","Pomoni","Hamare_01",NA,"Partially Restricted","Community Reserve",NA,"digitate","cd",9.8,3.4,2,"HC","cd","-12.240493","44.334006","PIT","Dahari","Dahari","Reef flat",5.88
"Comoros",2024,"Anjouan Island","Pomoni","Hamare_01",NA,"Partially Restricted","Community Reserve",NA,"tabular","ct",0,0,2,"HC","ct","-12.240493","44.334006","PIT","Dahari","Dahari","Reef flat",0
"Comoros",2024,"Anjouan Island","Pomoni","Hamare_01",NA,"Partially Restricted","Community Reserve",NA,"encrusting","ce",0,0,2,"HC","ce","-12.240493","44.334006","PIT","Dahari","Dahari","Reef flat",0
"Comoros",2024,"Anjouan Island","Pomoni","Hamare_01",NA,"Partially Restricted","Community Reserve",NA,"submassive","cs",1.31,1.31,2,"HC","cs","-12.240493","44.334006","PIT","Dahari","Dahari","Reef flat",2.26
"Comoros",2024,"Anjouan Island","Pomoni","Hamare_01",NA,"Partially Restricted","Community Reserve",NA,"foliaceous","cf",0,0,2,"HC","cf","-12.240493","44.334006","PIT","Dahari","Dahari","Reef flat",0
"Comoros",2024,"Anjouan Island","Pomoni","Hamare_01",NA,"Partially Restricted","Community Reserve",NA,"mushroom","mush",0.65,0.65,2,"HC","mush","-12.240493","44.334006","PIT","Dahari","Dahari","Reef flat",1.13
"Comoros",2024,"Anjouan Island","Pomoni","Hamare_01",NA,"Partially Restricted","Community Reserve",NA,"Hydroids","Hydr",0,0,2,"INV","Hydr","-12.240493","44.334006","PIT","Dahari","Dahari","Reef flat",0
"Comoros",2024,"Anjouan Island","Pomoni","Hamare_01",NA,"Partially Restricted","Community Reserve",NA,"Inverts-other","INV",0,0,1,"INV",NA,"-12.240493","44.334006","PIT","Dahari","Dahari","Reef flat",0
"Comoros",2024,"Anjouan Island","Pomoni","Hamare_01",NA,"Partially Restricted","Community Reserve",NA,"Sponge","Spog",0,0,2,"INV","Spog","-12.240493","44.334006","PIT","Dahari","Dahari","Reef flat",0
"Comoros",2024,"Anjouan Island","Pomoni","Hamare_01",NA,"Partially Restricted","Community Reserve",NA,"Algae-macro/fleshy","AMAC",13.73,5.19,1,"AMAC",NA,"-12.240493","44.334006","PIT","Dahari","Dahari","Reef flat",8.99
"Comoros",2024,"Anjouan Island","Pomoni","Hamare_01",NA,"Partially Restricted","Community Reserve",NA,"Algae-turf","ATRF",8.5,4.58,1,"ATRF",NA,"-12.240493","44.334006","PIT","Dahari","Dahari","Reef flat",7.92
"Comoros",2024,"Anjouan Island","Pomoni","Hamare_01",NA,"Partially Restricted","Community Reserve",NA,"Algae-Halimeda","AHAL",0,0,1,"AHAL",NA,"-12.240493","44.334006","PIT","Dahari","Dahari","Reef flat",0
"Comoros",2024,"Anjouan Island","Pomoni","Hamare_01",NA,"Partially Restricted","Community Reserve",NA,"Algae-coralline","ACOR",7.19,3.64,1,"ACOR",NA,"-12.240493","44.334006","PIT","Dahari","Dahari","Reef flat",6.3
"Comoros",2024,"Anjouan Island","Pomoni","Hamare_01",NA,"Partially Restricted","Community Reserve",NA,"Rubble","RUB",33.99,9.49,1,"RUB",NA,"-12.240493","44.334006","PIT","Dahari","Dahari","Reef flat",16.44
"Comoros",2024,"Anjouan Island","Pomoni","Hamare_01",NA,"Partially Restricted","Community Reserve",NA,"Rock","RCK",1.96,1.96,1,"RCK",NA,"-12.240493","44.334006","PIT","Dahari","Dahari","Reef flat",3.4
"Comoros",2024,"Anjouan Island","Pomoni","Hamare_01",NA,"Partially Restricted","Community Reserve",NA,"Sand","SND",4.58,2.85,1,"SND",NA,"-12.240493","44.334006","PIT","Dahari","Dahari","Reef flat",4.93
"Comoros",2024,"Anjouan Island","Pomoni","Hamare_01",NA,"Partially Restricted","Community Reserve",NA,"Seagrass","SGR",0,0,1,"SGR",NA,"-12.240493","44.334006","PIT","Dahari","Dahari","Reef flat",0
"Comoros",2024,"Anjouan Island","Pomoni","Hamare_01",NA,"Partially Restricted","Community Reserve",NA,"Recent Dead Coral","RDC",0.65,0.65,1,"RDC",NA,"-12.240493","44.334006","PIT","Dahari","Dahari","Reef flat",1.13
"Comoros",2024,"Anjouan Island","Pomoni","Mrojou",NA,"Partially Restricted","Community Reserve",NA,"massive","cm",16.86,4.41,2,"HC","cm","-12.2440278","44.3556667","PIT","Dahari","Dahari","Reef flat",9.86
"Comoros",2024,"Anjouan Island","Pomoni","Mrojou",NA,"Partially Restricted","Community Reserve",NA,"branching","cb",6.27,1.9,2,"HC","cb","-12.2440278","44.3556667","PIT","Dahari","Dahari","Reef flat",4.25
"Comoros",2024,"Anjouan Island","Pomoni","Mrojou",NA,"Partially Restricted","Community Reserve",NA,"digitate","cd",5.88,1.24,2,"HC","cd","-12.2440278","44.3556667","PIT","Dahari","Dahari","Reef flat",2.77
"Comoros",2024,"Anjouan Island","Pomoni","Mrojou",NA,"Partially Restricted","Community Reserve",NA,"tabular","ct",0.39,0.39,2,"HC","ct","-12.2440278","44.3556667","PIT","Dahari","Dahari","Reef flat",0.88
"Comoros",2024,"Anjouan Island","Pomoni","Mrojou",NA,"Partially Restricted","Community Reserve",NA,"encrusting","ce",4.71,0.78,2,"HC","ce","-12.2440278","44.3556667","PIT","Dahari","Dahari","Reef flat",1.75
"Comoros",2024,"Anjouan Island","Pomoni","Mrojou",NA,"Partially Restricted","Community Reserve",NA,"submassive","cs",9.8,1.07,2,"HC","cs","-12.2440278","44.3556667","PIT","Dahari","Dahari","Reef flat",2.4
"Comoros",2024,"Anjouan Island","Pomoni","Mrojou",NA,"Partially Restricted","Community Reserve",NA,"foliaceous","cf",0,0,2,"HC","cf","-12.2440278","44.3556667","PIT","Dahari","Dahari","Reef flat",0
"Comoros",2024,"Anjouan Island","Pomoni","Mrojou",NA,"Partially Restricted","Community Reserve",NA,"mushroom","mush",0,0,2,"HC","mush","-12.2440278","44.3556667","PIT","Dahari","Dahari","Reef flat",0
"Comoros",2024,"Anjouan Island","Pomoni","Mrojou",NA,"Partially Restricted","Community Reserve",NA,"Hydroids","Hydr",0.39,0.39,2,"INV","Hydr","-12.2440278","44.3556667","PIT","Dahari","Dahari","Reef flat",0.88
"Comoros",2024,"Anjouan Island","Pomoni","Mrojou",NA,"Partially Restricted","Community Reserve",NA,"Inverts-other","INV",0,0,1,"INV",NA,"-12.2440278","44.3556667","PIT","Dahari","Dahari","Reef flat",0
"Comoros",2024,"Anjouan Island","Pomoni","Mrojou",NA,"Partially Restricted","Community Reserve",NA,"Sponge","Spog",0,0,2,"INV","Spog","-12.2440278","44.3556667","PIT","Dahari","Dahari","Reef flat",0
"Comoros",2024,"Anjouan Island","Pomoni","Mrojou",NA,"Partially Restricted","Community Reserve",NA,"Algae-macro/fleshy","AMAC",16.47,3.08,1,"AMAC",NA,"-12.2440278","44.3556667","PIT","Dahari","Dahari","Reef flat",6.88
"Comoros",2024,"Anjouan Island","Pomoni","Mrojou",NA,"Partially Restricted","Community Reserve",NA,"Algae-turf","ATRF",10.2,3,1,"ATRF",NA,"-12.2440278","44.3556667","PIT","Dahari","Dahari","Reef flat",6.71
"Comoros",2024,"Anjouan Island","Pomoni","Mrojou",NA,"Partially Restricted","Community Reserve",NA,"Algae-Halimeda","AHAL",0,0,1,"AHAL",NA,"-12.2440278","44.3556667","PIT","Dahari","Dahari","Reef flat",0
"Comoros",2024,"Anjouan Island","Pomoni","Mrojou",NA,"Partially Restricted","Community Reserve",NA,"Algae-coralline","ACOR",18.04,1.69,1,"ACOR",NA,"-12.2440278","44.3556667","PIT","Dahari","Dahari","Reef flat",3.77
"Comoros",2024,"Anjouan Island","Pomoni","Mrojou",NA,"Partially Restricted","Community Reserve",NA,"Rubble","RUB",3.14,2.2,1,"RUB",NA,"-12.2440278","44.3556667","PIT","Dahari","Dahari","Reef flat",4.92
"Comoros",2024,"Anjouan Island","Pomoni","Mrojou",NA,"Partially Restricted","Community Reserve",NA,"Rock","RCK",0.39,0.39,1,"RCK",NA,"-12.2440278","44.3556667","PIT","Dahari","Dahari","Reef flat",0.88
"Comoros",2024,"Anjouan Island","Pomoni","Mrojou",NA,"Partially Restricted","Community Reserve",NA,"Sand","SND",7.45,1.14,1,"SND",NA,"-12.2440278","44.3556667","PIT","Dahari","Dahari","Reef flat",2.56
"Comoros",2024,"Anjouan Island","Pomoni","Mrojou",NA,"Partially Restricted","Community Reserve",NA,"Seagrass","SGR",0,0,1,"SGR",NA,"-12.2440278","44.3556667","PIT","Dahari","Dahari","Reef flat",0
"Comoros",2024,"Anjouan Island","Pomoni","Mrojou",NA,"Partially Restricted","Community Reserve",NA,"Recent Dead Coral","RDC",0,0,1,"RDC",NA,"-12.2440278","44.3556667","PIT","Dahari","Dahari","Reef flat",0
"Comoros",2024,"Anjouan Island","Pomoni","Hamare_02",NA,"Partially Restricted","Community Reserve",NA,"massive","cm",8.24,2.66,2,"HC","cm","-12.241253","44.333174","PIT","Dahari","Dahari","Forereef",5.95
"Comoros",2024,"Anjouan Island","Pomoni","Hamare_02",NA,"Partially Restricted","Community Reserve",NA,"branching","cb",23.14,3.79,2,"HC","cb","-12.241253","44.333174","PIT","Dahari","Dahari","Forereef",8.48
"Comoros",2024,"Anjouan Island","Pomoni","Hamare_02",NA,"Partially Restricted","Community Reserve",NA,"digitate","cd",31.76,5.13,2,"HC","cd","-12.241253","44.333174","PIT","Dahari","Dahari","Forereef",11.47
"Comoros",2024,"Anjouan Island","Pomoni","Hamare_02",NA,"Partially Restricted","Community Reserve",NA,"tabular","ct",0.39,0.39,2,"HC","ct","-12.241253","44.333174","PIT","Dahari","Dahari","Forereef",0.88
"Comoros",2024,"Anjouan Island","Pomoni","Hamare_02",NA,"Partially Restricted","Community Reserve",NA,"encrusting","ce",5.1,1.59,2,"HC","ce","-12.241253","44.333174","PIT","Dahari","Dahari","Forereef",3.56
"Comoros",2024,"Anjouan Island","Pomoni","Hamare_02",NA,"Partially Restricted","Community Reserve",NA,"submassive","cs",9.41,2.43,2,"HC","cs","-12.241253","44.333174","PIT","Dahari","Dahari","Forereef",5.44
"Comoros",2024,"Anjouan Island","Pomoni","Hamare_02",NA,"Partially Restricted","Community Reserve",NA,"foliaceous","cf",0,0,2,"HC","cf","-12.241253","44.333174","PIT","Dahari","Dahari","Forereef",0
"Comoros",2024,"Anjouan Island","Pomoni","Hamare_02",NA,"Partially Restricted","Community Reserve",NA,"mushroom","mush",0,0,2,"HC","mush","-12.241253","44.333174","PIT","Dahari","Dahari","Forereef",0
"Comoros",2024,"Anjouan Island","Pomoni","Hamare_02",NA,"Partially Restricted","Community Reserve",NA,"Hydroids","Hydr",0,0,2,"INV","Hydr","-12.241253","44.333174","PIT","Dahari","Dahari","Forereef",0
"Comoros",2024,"Anjouan Island","Pomoni","Hamare_02",NA,"Partially Restricted","Community Reserve",NA,"Inverts-other","INV",0,0,1,"INV",NA,"-12.241253","44.333174","PIT","Dahari","Dahari","Forereef",0
"Comoros",2024,"Anjouan Island","Pomoni","Hamare_02",NA,"Partially Restricted","Community Reserve",NA,"Sponge","Spog",0,0,2,"INV","Spog","-12.241253","44.333174","PIT","Dahari","Dahari","Forereef",0
"Comoros",2024,"Anjouan Island","Pomoni","Hamare_02",NA,"Partially Restricted","Community Reserve",NA,"Algae-macro/fleshy","AMAC",0.39,0.39,1,"AMAC",NA,"-12.241253","44.333174","PIT","Dahari","Dahari","Forereef",0.88
"Comoros",2024,"Anjouan Island","Pomoni","Hamare_02",NA,"Partially Restricted","Community Reserve",NA,"Algae-turf","ATRF",2.75,1,1,"ATRF",NA,"-12.241253","44.333174","PIT","Dahari","Dahari","Forereef",2.24
"Comoros",2024,"Anjouan Island","Pomoni","Hamare_02",NA,"Partially Restricted","Community Reserve",NA,"Algae-Halimeda","AHAL",0,0,1,"AHAL",NA,"-12.241253","44.333174","PIT","Dahari","Dahari","Forereef",0
"Comoros",2024,"Anjouan Island","Pomoni","Hamare_02",NA,"Partially Restricted","Community Reserve",NA,"Algae-coralline","ACOR",16.47,2.29,1,"ACOR",NA,"-12.241253","44.333174","PIT","Dahari","Dahari","Forereef",5.11
"Comoros",2024,"Anjouan Island","Pomoni","Hamare_02",NA,"Partially Restricted","Community Reserve",NA,"Rubble","RUB",1.96,1.52,1,"RUB",NA,"-12.241253","44.333174","PIT","Dahari","Dahari","Forereef",3.4
"Comoros",2024,"Anjouan Island","Pomoni","Hamare_02",NA,"Partially Restricted","Community Reserve",NA,"Rock","RCK",0,0,1,"RCK",NA,"-12.241253","44.333174","PIT","Dahari","Dahari","Forereef",0
"Comoros",2024,"Anjouan Island","Pomoni","Hamare_02",NA,"Partially Restricted","Community Reserve",NA,"Sand","SND",0.39,0.39,1,"SND",NA,"-12.241253","44.333174","PIT","Dahari","Dahari","Forereef",0.88
"Comoros",2024,"Anjouan Island","Pomoni","Hamare_02",NA,"Partially Restricted","Community Reserve",NA,"Seagrass","SGR",0,0,1,"SGR",NA,"-12.241253","44.333174","PIT","Dahari","Dahari","Forereef",0
"Comoros",2024,"Anjouan Island","Pomoni","Hamare_02",NA,"Partially Restricted","Community Reserve",NA,"Recent Dead Coral","RDC",0,0,1,"RDC",NA,"-12.241253","44.333174","PIT","Dahari","Dahari","Forereef",0
"Comoros",2024,"Anjouan Island","Pomoni","Dzindri Yantsini",NA,"Partially Restricted","Community Reserve",NA,"massive","cm",14.12,3,2,"HC","cm","-12.249128","44.350077","PIT","Dahari","Dahari","Forereef",6.71
"Comoros",2024,"Anjouan Island","Pomoni","Dzindri Yantsini",NA,"Partially Restricted","Community Reserve",NA,"branching","cb",10.98,2.37,2,"HC","cb","-12.249128","44.350077","PIT","Dahari","Dahari","Forereef",5.3
"Comoros",2024,"Anjouan Island","Pomoni","Dzindri Yantsini",NA,"Partially Restricted","Community Reserve",NA,"digitate","cd",14.12,2.27,2,"HC","cd","-12.249128","44.350077","PIT","Dahari","Dahari","Forereef",5.08
"Comoros",2024,"Anjouan Island","Pomoni","Dzindri Yantsini",NA,"Partially Restricted","Community Reserve",NA,"tabular","ct",0,0,2,"HC","ct","-12.249128","44.350077","PIT","Dahari","Dahari","Forereef",0
"Comoros",2024,"Anjouan Island","Pomoni","Dzindri Yantsini",NA,"Partially Restricted","Community Reserve",NA,"encrusting","ce",10.59,1.59,2,"HC","ce","-12.249128","44.350077","PIT","Dahari","Dahari","Forereef",3.56
"Comoros",2024,"Anjouan Island","Pomoni","Dzindri Yantsini",NA,"Partially Restricted","Community Reserve",NA,"submassive","cs",11.76,2.97,2,"HC","cs","-12.249128","44.350077","PIT","Dahari","Dahari","Forereef",6.65
"Comoros",2024,"Anjouan Island","Pomoni","Dzindri Yantsini",NA,"Partially Restricted","Community Reserve",NA,"foliaceous","cf",0.39,0.39,2,"HC","cf","-12.249128","44.350077","PIT","Dahari","Dahari","Forereef",0.88
"Comoros",2024,"Anjouan Island","Pomoni","Dzindri Yantsini",NA,"Partially Restricted","Community Reserve",NA,"mushroom","mush",0,0,2,"HC","mush","-12.249128","44.350077","PIT","Dahari","Dahari","Forereef",0
"Comoros",2024,"Anjouan Island","Pomoni","Dzindri Yantsini",NA,"Partially Restricted","Community Reserve",NA,"Hydroids","Hydr",0,0,2,"INV","Hydr","-12.249128","44.350077","PIT","Dahari","Dahari","Forereef",0
"Comoros",2024,"Anjouan Island","Pomoni","Dzindri Yantsini",NA,"Partially Restricted","Community Reserve",NA,"Inverts-other","INV",0,0,1,"INV",NA,"-12.249128","44.350077","PIT","Dahari","Dahari","Forereef",0
"Comoros",2024,"Anjouan Island","Pomoni","Dzindri Yantsini",NA,"Partially Restricted","Community Reserve",NA,"Sponge","Spog",0,0,2,"INV","Spog","-12.249128","44.350077","PIT","Dahari","Dahari","Forereef",0
"Comoros",2024,"Anjouan Island","Pomoni","Dzindri Yantsini",NA,"Partially Restricted","Community Reserve",NA,"Algae-macro/fleshy","AMAC",10.59,3.9,1,"AMAC",NA,"-12.249128","44.350077","PIT","Dahari","Dahari","Forereef",8.72
"Comoros",2024,"Anjouan Island","Pomoni","Dzindri Yantsini",NA,"Partially Restricted","Community Reserve",NA,"Algae-turf","ATRF",3.53,1.69,1,"ATRF",NA,"-12.249128","44.350077","PIT","Dahari","Dahari","Forereef",3.77
"Comoros",2024,"Anjouan Island","Pomoni","Dzindri Yantsini",NA,"Partially Restricted","Community Reserve",NA,"Algae-Halimeda","AHAL",0,0,1,"AHAL",NA,"-12.249128","44.350077","PIT","Dahari","Dahari","Forereef",0
"Comoros",2024,"Anjouan Island","Pomoni","Dzindri Yantsini",NA,"Partially Restricted","Community Reserve",NA,"Algae-coralline","ACOR",22.75,1.92,1,"ACOR",NA,"-12.249128","44.350077","PIT","Dahari","Dahari","Forereef",4.3
"Comoros",2024,"Anjouan Island","Pomoni","Dzindri Yantsini",NA,"Partially Restricted","Community Reserve",NA,"Rubble","RUB",0.78,0.78,1,"RUB",NA,"-12.249128","44.350077","PIT","Dahari","Dahari","Forereef",1.75
"Comoros",2024,"Anjouan Island","Pomoni","Dzindri Yantsini",NA,"Partially Restricted","Community Reserve",NA,"Rock","RCK",0,0,1,"RCK",NA,"-12.249128","44.350077","PIT","Dahari","Dahari","Forereef",0
"Comoros",2024,"Anjouan Island","Pomoni","Dzindri Yantsini",NA,"Partially Restricted","Community Reserve",NA,"Sand","SND",0.39,0.39,1,"SND",NA,"-12.249128","44.350077","PIT","Dahari","Dahari","Forereef",0.88
"Comoros",2024,"Anjouan Island","Pomoni","Dzindri Yantsini",NA,"Partially Restricted","Community Reserve",NA,"Seagrass","SGR",0,0,1,"SGR",NA,"-12.249128","44.350077","PIT","Dahari","Dahari","Forereef",0
"Comoros",2024,"Anjouan Island","Pomoni","Dzindri Yantsini",NA,"Partially Restricted","Community Reserve",NA,"Recent Dead Coral","RDC",0,0,1,"RDC",NA,"-12.249128","44.350077","PIT","Dahari","Dahari","Forereef",0
"Comoros",2024,"Anjouan Island","Moya","Plage Moya",NA,"Partially restricted","Community Reserve",NA,"massive","cm",9.02,1.44,2,"HC","cm","-12.309783","44.430883","PIT","Dahari","Dahari","Forereef",4.55
"Comoros",2024,"Anjouan Island","Moya","Plage Moya",NA,"Partially restricted","Community Reserve",NA,"branching","cb",15.1,3.09,2,"HC","cb","-12.309783","44.430883","PIT","Dahari","Dahari","Forereef",9.78
"Comoros",2024,"Anjouan Island","Moya","Plage Moya",NA,"Partially restricted","Community Reserve",NA,"digitate","cd",17.65,2.85,2,"HC","cd","-12.309783","44.430883","PIT","Dahari","Dahari","Forereef",9.01
"Comoros",2024,"Anjouan Island","Moya","Plage Moya",NA,"Partially restricted","Community Reserve",NA,"tabular","ct",1.76,0.8,2,"HC","ct","-12.309783","44.430883","PIT","Dahari","Dahari","Forereef",2.52
"Comoros",2024,"Anjouan Island","Moya","Plage Moya",NA,"Partially restricted","Community Reserve",NA,"encrusting","ce",8.04,1.22,2,"HC","ce","-12.309783","44.430883","PIT","Dahari","Dahari","Forereef",3.86
"Comoros",2024,"Anjouan Island","Moya","Plage Moya",NA,"Partially restricted","Community Reserve",NA,"submassive","cs",8.82,1.88,2,"HC","cs","-12.309783","44.430883","PIT","Dahari","Dahari","Forereef",5.94
"Comoros",2024,"Anjouan Island","Moya","Plage Moya",NA,"Partially restricted","Community Reserve",NA,"foliaceous","cf",0.2,0.2,2,"HC","cf","-12.309783","44.430883","PIT","Dahari","Dahari","Forereef",0.62
"Comoros",2024,"Anjouan Island","Moya","Plage Moya",NA,"Partially restricted","Community Reserve",NA,"mushroom","mush",0,0,2,"HC","mush","-12.309783","44.430883","PIT","Dahari","Dahari","Forereef",0
"Comoros",2024,"Anjouan Island","Moya","Plage Moya",NA,"Partially restricted","Community Reserve",NA,"Hydroids","Hydr",0,0,2,"INV","Hydr","-12.309783","44.430883","PIT","Dahari","Dahari","Forereef",0
"Comoros",2024,"Anjouan Island","Moya","Plage Moya",NA,"Partially restricted","Community Reserve",NA,"Inverts-other","INV",0.78,0.6,1,"INV",NA,"-12.309783","44.430883","PIT","Dahari","Dahari","Forereef",1.89
"Comoros",2024,"Anjouan Island","Moya","Plage Moya",NA,"Partially restricted","Community Reserve",NA,"Sponge","Spog",0,0,2,"INV","Spog","-12.309783","44.430883","PIT","Dahari","Dahari","Forereef",0
"Comoros",2024,"Anjouan Island","Moya","Plage Moya",NA,"Partially restricted","Community Reserve",NA,"Algae-macro/fleshy","AMAC",9.8,3.18,1,"AMAC",NA,"-12.309783","44.430883","PIT","Dahari","Dahari","Forereef",10.04
"Comoros",2024,"Anjouan Island","Moya","Plage Moya",NA,"Partially restricted","Community Reserve",NA,"Algae-turf","ATRF",1.37,0.59,1,"ATRF",NA,"-12.309783","44.430883","PIT","Dahari","Dahari","Forereef",1.86
"Comoros",2024,"Anjouan Island","Moya","Plage Moya",NA,"Partially restricted","Community Reserve",NA,"Algae-Halimeda","AHAL",1.18,0.52,1,"AHAL",NA,"-12.309783","44.430883","PIT","Dahari","Dahari","Forereef",1.65
"Comoros",2024,"Anjouan Island","Moya","Plage Moya",NA,"Partially restricted","Community Reserve",NA,"Algae-coralline","ACOR",22.35,2.23,1,"ACOR",NA,"-12.309783","44.430883","PIT","Dahari","Dahari","Forereef",7.05
"Comoros",2024,"Anjouan Island","Moya","Plage Moya",NA,"Partially restricted","Community Reserve",NA,"Rubble","RUB",3.14,1.21,1,"RUB",NA,"-12.309783","44.430883","PIT","Dahari","Dahari","Forereef",3.83
"Comoros",2024,"Anjouan Island","Moya","Plage Moya",NA,"Partially restricted","Community Reserve",NA,"Rock","RCK",0.39,0.26,1,"RCK",NA,"-12.309783","44.430883","PIT","Dahari","Dahari","Forereef",0.83
"Comoros",2024,"Anjouan Island","Moya","Plage Moya",NA,"Partially restricted","Community Reserve",NA,"Sand","SND",0.39,0.26,1,"SND",NA,"-12.309783","44.430883","PIT","Dahari","Dahari","Forereef",0.83
"Comoros",2024,"Anjouan Island","Moya","Plage Moya",NA,"Partially restricted","Community Reserve",NA,"Seagrass","SGR",0,0,1,"SGR",NA,"-12.309783","44.430883","PIT","Dahari","Dahari","Forereef",0
"Comoros",2024,"Anjouan Island","Moya","Plage Moya",NA,"Partially restricted","Community Reserve",NA,"Recent Dead Coral","RDC",0,0,1,"RDC",NA,"-12.309783","44.430883","PIT","Dahari","Dahari","Forereef",0
"Comoros",2024,"Anjouan Island","Moya","Mpoundri",NA,"Partially restricted","Community Reserve",NA,"massive","cm",5.29,1.58,2,"HC","cm","-12.302633","44.429883","PIT","Dahari","Dahari","Reef flat",4.98
"Comoros",2024,"Anjouan Island","Moya","Mpoundri",NA,"Partially restricted","Community Reserve",NA,"branching","cb",11.96,3.96,2,"HC","cb","-12.302633","44.429883","PIT","Dahari","Dahari","Reef flat",12.52
"Comoros",2024,"Anjouan Island","Moya","Mpoundri",NA,"Partially restricted","Community Reserve",NA,"digitate","cd",28.24,3.5,2,"HC","cd","-12.302633","44.429883","PIT","Dahari","Dahari","Reef flat",11.06
"Comoros",2024,"Anjouan Island","Moya","Mpoundri",NA,"Partially restricted","Community Reserve",NA,"tabular","ct",0.2,0.2,2,"HC","ct","-12.302633","44.429883","PIT","Dahari","Dahari","Reef flat",0.62
"Comoros",2024,"Anjouan Island","Moya","Mpoundri",NA,"Partially restricted","Community Reserve",NA,"encrusting","ce",10.78,1.94,2,"HC","ce","-12.302633","44.429883","PIT","Dahari","Dahari","Reef flat",6.15
"Comoros",2024,"Anjouan Island","Moya","Mpoundri",NA,"Partially restricted","Community Reserve",NA,"submassive","cs",5.49,1.46,2,"HC","cs","-12.302633","44.429883","PIT","Dahari","Dahari","Reef flat",4.6
"Comoros",2024,"Anjouan Island","Moya","Mpoundri",NA,"Partially restricted","Community Reserve",NA,"foliaceous","cf",1.18,0.78,2,"HC","cf","-12.302633","44.429883","PIT","Dahari","Dahari","Reef flat",2.48
"Comoros",2024,"Anjouan Island","Moya","Mpoundri",NA,"Partially restricted","Community Reserve",NA,"mushroom","mush",0,0,2,"HC","mush","-12.302633","44.429883","PIT","Dahari","Dahari","Reef flat",0
"Comoros",2024,"Anjouan Island","Moya","Mpoundri",NA,"Partially restricted","Community Reserve",NA,"Hydroids","Hydr",0,0,2,"INV","Hydr","-12.302633","44.429883","PIT","Dahari","Dahari","Reef flat",0
"Comoros",2024,"Anjouan Island","Moya","Mpoundri",NA,"Partially restricted","Community Reserve",NA,"Inverts-other","INV",0,0,1,"INV",NA,"-12.302633","44.429883","PIT","Dahari","Dahari","Reef flat",0
"Comoros",2024,"Anjouan Island","Moya","Mpoundri",NA,"Partially restricted","Community Reserve",NA,"Sponge","Spog",0.39,0.26,2,"INV","Spog","-12.302633","44.429883","PIT","Dahari","Dahari","Reef flat",0.83
"Comoros",2024,"Anjouan Island","Moya","Mpoundri",NA,"Partially restricted","Community Reserve",NA,"Algae-macro/fleshy","AMAC",7.25,2.13,1,"AMAC",NA,"-12.302633","44.429883","PIT","Dahari","Dahari","Reef flat",6.73
"Comoros",2024,"Anjouan Island","Moya","Mpoundri",NA,"Partially restricted","Community Reserve",NA,"Algae-turf","ATRF",2.75,1.71,1,"ATRF",NA,"-12.302633","44.429883","PIT","Dahari","Dahari","Reef flat",5.41
"Comoros",2024,"Anjouan Island","Moya","Mpoundri",NA,"Partially restricted","Community Reserve",NA,"Algae-Halimeda","AHAL",0.98,0.6,1,"AHAL",NA,"-12.302633","44.429883","PIT","Dahari","Dahari","Reef flat",1.91
"Comoros",2024,"Anjouan Island","Moya","Mpoundri",NA,"Partially restricted","Community Reserve",NA,"Algae-coralline","ACOR",21.18,3.93,1,"ACOR",NA,"-12.302633","44.429883","PIT","Dahari","Dahari","Reef flat",12.43
"Comoros",2024,"Anjouan Island","Moya","Mpoundri",NA,"Partially restricted","Community Reserve",NA,"Rubble","RUB",2.35,0.76,1,"RUB",NA,"-12.302633","44.429883","PIT","Dahari","Dahari","Reef flat",2.41
"Comoros",2024,"Anjouan Island","Moya","Mpoundri",NA,"Partially restricted","Community Reserve",NA,"Rock","RCK",0.59,0.3,1,"RCK",NA,"-12.302633","44.429883","PIT","Dahari","Dahari","Reef flat",0.95
"Comoros",2024,"Anjouan Island","Moya","Mpoundri",NA,"Partially restricted","Community Reserve",NA,"Sand","SND",1.37,0.66,1,"SND",NA,"-12.302633","44.429883","PIT","Dahari","Dahari","Reef flat",2.08
"Comoros",2024,"Anjouan Island","Moya","Mpoundri",NA,"Partially restricted","Community Reserve",NA,"Seagrass","SGR",0,0,1,"SGR",NA,"-12.302633","44.429883","PIT","Dahari","Dahari","Reef flat",0
"Comoros",2024,"Anjouan Island","Moya","Mpoundri",NA,"Partially restricted","Community Reserve",NA,"Recent Dead Coral","RDC",0,0,1,"RDC",NA,"-12.302633","44.429883","PIT","Dahari","Dahari","Reef flat",0
"Comoros",2024,"Anjouan Island","Vouani","Darsalama",NA,"Open access","Open access",NA,"massive","cm",13.33,2.26,2,"HC","cm","-12.258297","44.385769","PIT","Dahari","Dahari","Forereef",7.15
"Comoros",2024,"Anjouan Island","Vouani","Darsalama",NA,"Open access","Open access",NA,"branching","cb",3.14,1.14,2,"HC","cb","-12.258297","44.385769","PIT","Dahari","Dahari","Forereef",3.6
"Comoros",2024,"Anjouan Island","Vouani","Darsalama",NA,"Open access","Open access",NA,"digitate","cd",13.33,3.75,2,"HC","cd","-12.258297","44.385769","PIT","Dahari","Dahari","Forereef",11.87
"Comoros",2024,"Anjouan Island","Vouani","Darsalama",NA,"Open access","Open access",NA,"tabular","ct",0.59,0.42,2,"HC","ct","-12.258297","44.385769","PIT","Dahari","Dahari","Forereef",1.32
"Comoros",2024,"Anjouan Island","Vouani","Darsalama",NA,"Open access","Open access",NA,"encrusting","ce",7.84,2.43,2,"HC","ce","-12.258297","44.385769","PIT","Dahari","Dahari","Forereef",7.68
"Comoros",2024,"Anjouan Island","Vouani","Darsalama",NA,"Open access","Open access",NA,"submassive","cs",2.16,0.85,2,"HC","cs","-12.258297","44.385769","PIT","Dahari","Dahari","Forereef",2.69
"Comoros",2024,"Anjouan Island","Vouani","Darsalama",NA,"Open access","Open access",NA,"foliaceous","cf",0,0,2,"HC","cf","-12.258297","44.385769","PIT","Dahari","Dahari","Forereef",0
"Comoros",2024,"Anjouan Island","Vouani","Darsalama",NA,"Open access","Open access",NA,"mushroom","mush",0,0,2,"HC","mush","-12.258297","44.385769","PIT","Dahari","Dahari","Forereef",0
"Comoros",2024,"Anjouan Island","Vouani","Darsalama",NA,"Open access","Open access",NA,"Hydroids","Hydr",0.2,0.2,2,"INV","Hydr","-12.258297","44.385769","PIT","Dahari","Dahari","Forereef",0.62
"Comoros",2024,"Anjouan Island","Vouani","Darsalama",NA,"Open access","Open access",NA,"Inverts-other","INV",0.39,0.26,1,"INV",NA,"-12.258297","44.385769","PIT","Dahari","Dahari","Forereef",0.83
"Comoros",2024,"Anjouan Island","Vouani","Darsalama",NA,"Open access","Open access",NA,"Sponge","Spog",0,0,2,"INV","Spog","-12.258297","44.385769","PIT","Dahari","Dahari","Forereef",0
"Comoros",2024,"Anjouan Island","Vouani","Darsalama",NA,"Open access","Open access",NA,"Algae-macro/fleshy","AMAC",22.16,4.1,1,"AMAC",NA,"-12.258297","44.385769","PIT","Dahari","Dahari","Forereef",12.98
"Comoros",2024,"Anjouan Island","Vouani","Darsalama",NA,"Open access","Open access",NA,"Algae-turf","ATRF",6.08,2.03,1,"ATRF",NA,"-12.258297","44.385769","PIT","Dahari","Dahari","Forereef",6.43
"Comoros",2024,"Anjouan Island","Vouani","Darsalama",NA,"Open access","Open access",NA,"Algae-Halimeda","AHAL",0.78,0.43,1,"AHAL",NA,"-12.258297","44.385769","PIT","Dahari","Dahari","Forereef",1.37
"Comoros",2024,"Anjouan Island","Vouani","Darsalama",NA,"Open access","Open access",NA,"Algae-coralline","ACOR",25.69,3.55,1,"ACOR",NA,"-12.258297","44.385769","PIT","Dahari","Dahari","Forereef",11.22
"Comoros",2024,"Anjouan Island","Vouani","Darsalama",NA,"Open access","Open access",NA,"Rubble","RUB",0.2,0.2,1,"RUB",NA,"-12.258297","44.385769","PIT","Dahari","Dahari","Forereef",0.62
"Comoros",2024,"Anjouan Island","Vouani","Darsalama",NA,"Open access","Open access",NA,"Rock","RCK",1.57,0.64,1,"RCK",NA,"-12.258297","44.385769","PIT","Dahari","Dahari","Forereef",2.03
"Comoros",2024,"Anjouan Island","Vouani","Darsalama",NA,"Open access","Open access",NA,"Sand","SND",2.55,1.28,1,"SND",NA,"-12.258297","44.385769","PIT","Dahari","Dahari","Forereef",4.03
"Comoros",2024,"Anjouan Island","Vouani","Darsalama",NA,"Open access","Open access",NA,"Seagrass","SGR",0,0,1,"SGR",NA,"-12.258297","44.385769","PIT","Dahari","Dahari","Forereef",0
"Comoros",2024,"Anjouan Island","Vouani","Darsalama",NA,"Open access","Open access",NA,"Recent Dead Coral","RDC",0,0,1,"RDC",NA,"-12.258297","44.385769","PIT","Dahari","Dahari","Forereef",0
"Comoros",2018,"Moheli island","Moheli National Park","Mea_E",NA,"Partially Restricted","National Park",NA,"Acropora","acr",0,0,3,"HC","","",NA,"LIT","Moheli MPA","Moheli MPA","Reef flat",0
"Comoros",2018,"Moheli island","Moheli National Park","Mea_E",NA,"Partially Restricted","National Park",NA,"Acropora branching","acb",22.8,0,2,"HC","acb","",NA,"LIT","Moheli MPA","Moheli MPA","Reef flat",0
"Comoros",2018,"Moheli island","Moheli National Park","Mea_E",NA,"Partially Restricted","National Park",NA,"Acropora digitate","acd",13.14,1.54,2,"HC","acd","",NA,"LIT","Moheli MPA","Moheli MPA","Reef flat",2.18
"Comoros",2018,"Moheli island","Moheli National Park","Mea_E",NA,"Partially Restricted","National Park",NA,"Acropora submassive","acs",7.2,2.8,2,"HC","acs","",NA,"LIT","Moheli MPA","Moheli MPA","Reef flat",3.96
"Comoros",2018,"Moheli island","Moheli National Park","Mea_E",NA,"Partially Restricted","National Park",NA,"Acropora tabulate","act",2.2,1.4,2,"HC","act","",NA,"LIT","Moheli MPA","Moheli MPA","Reef flat",1.98
"Comoros",2018,"Moheli island","Moheli National Park","Mea_E",NA,"Partially Restricted","National Park",NA,"Algae-coralline","ACOR",0,0,1,"ACOR",NA,"",NA,"LIT","Moheli MPA","Moheli MPA","Reef flat",0
"Comoros",2018,"Moheli island","Moheli National Park","Mea_E",NA,"Partially Restricted","National Park",NA,"Algae-macro/fleshy","AMAC",0,0,1,"AMAC",NA,"",NA,"LIT","Moheli MPA","Moheli MPA","Reef flat",0
"Comoros",2018,"Moheli island","Moheli National Park","Mea_E",NA,"Partially Restricted","National Park",NA,"Algae-turf","ATRF",0.2,0.2,1,"ATRF",NA,"",NA,"LIT","Moheli MPA","Moheli MPA","Reef flat",0.28
"Comoros",2018,"Moheli island","Moheli National Park","Mea_E",NA,"Partially Restricted","National Park",NA,"Algae-Halimeda","AHAL",0,0,1,"AHAL",NA,"",NA,"LIT","Moheli MPA","Moheli MPA","Reef flat",0
"Comoros",2018,"Moheli island","Moheli National Park","Mea_E",NA,"Partially Restricted","National Park",NA,"Bare substrate","BS",0,0,1,"BS",NA,"",NA,"LIT","Moheli MPA","Moheli MPA","Reef flat",0
"Comoros",2018,"Moheli island","Moheli National Park","Mea_E",NA,"Partially Restricted","National Park",NA,"Dead Standing coral","DC",7.08,3.32,1,"DC",NA,"",NA,"LIT","Moheli MPA","Moheli MPA","Reef flat",4.7
"Comoros",2018,"Moheli island","Moheli National Park","Mea_E",NA,"Partially Restricted","National Park",NA,"encrusting","ce",8.82,8.82,2,"HC","ce","",NA,"LIT","Moheli MPA","Moheli MPA","Reef flat",12.47
"Comoros",2018,"Moheli island","Moheli National Park","Mea_E",NA,"Partially Restricted","National Park",NA,"Favia","fav",1,1,3,"HC","cm","",NA,"LIT","Moheli MPA","Moheli MPA","Reef flat",1.41
"Comoros",2018,"Moheli island","Moheli National Park","Mea_E",NA,"Partially Restricted","National Park",NA,"foliaceous","cf",0,0,2,"HC","cf","",NA,"LIT","Moheli MPA","Moheli MPA","Reef flat",0
"Comoros",2018,"Moheli island","Moheli National Park","Mea_E",NA,"Partially Restricted","National Park",NA,"Fungia","fun",0,0,3,"HC","mush","",NA,"LIT","Moheli MPA","Moheli MPA","Reef flat",0
"Comoros",2018,"Moheli island","Moheli National Park","Mea_E",NA,"Partially Restricted","National Park",NA,"Herpolitha","her",0,0,3,"HC","mush","",NA,"LIT","Moheli MPA","Moheli MPA","Reef flat",0
"Comoros",2018,"Moheli island","Moheli National Park","Mea_E",NA,"Partially Restricted","National Park",NA,"massive","cm",8.24,3.44,2,"HC","cm","",NA,"LIT","Moheli MPA","Moheli MPA","Reef flat",4.86
"Comoros",2018,"Moheli island","Moheli National Park","Mea_E",NA,"Partially Restricted","National Park",NA,"Montipora","mtp",0.4,0.4,3,"HC","ce/cf/cb","",NA,"LIT","Moheli MPA","Moheli MPA","Reef flat",0.57
"Comoros",2018,"Moheli island","Moheli National Park","Mea_E",NA,"Partially Restricted","National Park",NA,"Pocillopora","poc",0.4,0.4,3,"HC","cb","",NA,"LIT","Moheli MPA","Moheli MPA","Reef flat",0.57
"Comoros",2018,"Moheli island","Moheli National Park","Mea_E",NA,"Partially Restricted","National Park",NA,"Recent Dead Coral","RDC",14.26,5.74,1,"RDC",NA,"",NA,"LIT","Moheli MPA","Moheli MPA","Reef flat",8.12
"Comoros",2018,"Moheli island","Moheli National Park","Mea_E",NA,"Partially Restricted","National Park",NA,"Rubble","RUB",0,0,1,"RUB",NA,"",NA,"LIT","Moheli MPA","Moheli MPA","Reef flat",0
"Comoros",2018,"Moheli island","Moheli National Park","Mea_E",NA,"Partially Restricted","National Park",NA,"Sand","SND",5.3,2.3,1,"SND",NA,"",NA,"LIT","Moheli MPA","Moheli MPA","Reef flat",3.25
"Comoros",2018,"Moheli island","Moheli National Park","Mea_E",NA,"Partially Restricted","National Park",NA,"Seriatopora","ser",0,0,3,"HC","cb","",NA,"LIT","Moheli MPA","Moheli MPA","Reef flat",0
"Comoros",2018,"Moheli island","Moheli National Park","Mea_E",NA,"Partially Restricted","National Park",NA,"Soft coral","SC",0.4,0.4,1,"SC",NA,"",NA,"LIT","Moheli MPA","Moheli MPA","Reef flat",0.57
"Comoros",2018,"Moheli island","Moheli National Park","Mea_E",NA,"Partially Restricted","National Park",NA,"Sponge","Spog",0,0,2,"INV","Spog","",NA,"LIT","Moheli MPA","Moheli MPA","Reef flat",0
"Comoros",2018,"Moheli island","Moheli National Park","Mea_E",NA,"Partially Restricted","National Park",NA,"submassive","cs",0,0,2,"HC","cs","",NA,"LIT","Moheli MPA","Moheli MPA","Reef flat",0
"Comoros",2018,"Moheli island","Moheli National Park","Mea_E",NA,"Partially Restricted","National Park",NA,"Unidentified","UNID",8.56,3.76,1,"UNID",NA,"",NA,"LIT","Moheli MPA","Moheli MPA","Reef flat",5.32
"Comoros",2018,"Moheli island","Moheli National Park","Sambia_E",NA,"Partially Restricted","National Park",NA,"Acropora","acr",0,0,3,"HC","","",NA,"LIT","Moheli MPA","Moheli MPA","Reef flat",0
"Comoros",2018,"Moheli island","Moheli National Park","Sambia_E",NA,"Partially Restricted","National Park",NA,"Acropora branching","acb",13.02,7.82,2,"HC","acb","",NA,"LIT","Moheli MPA","Moheli MPA","Reef flat",11.06
"Comoros",2018,"Moheli island","Moheli National Park","Sambia_E",NA,"Partially Restricted","National Park",NA,"Acropora digitate","acd",3.6,3.6,2,"HC","acd","",NA,"LIT","Moheli MPA","Moheli MPA","Reef flat",5.09
"Comoros",2018,"Moheli island","Moheli National Park","Sambia_E",NA,"Partially Restricted","National Park",NA,"Acropora submassive","acs",26.16,15.84,2,"HC","acs","",NA,"LIT","Moheli MPA","Moheli MPA","Reef flat",22.4
"Comoros",2018,"Moheli island","Moheli National Park","Sambia_E",NA,"Partially Restricted","National Park",NA,"Acropora tabulate","act",1.34,1.34,2,"HC","act","",NA,"LIT","Moheli MPA","Moheli MPA","Reef flat",1.9
"Comoros",2018,"Moheli island","Moheli National Park","Sambia_E",NA,"Partially Restricted","National Park",NA,"Algae-coralline","ACOR",0,0,1,"ACOR",NA,"",NA,"LIT","Moheli MPA","Moheli MPA","Reef flat",0
"Comoros",2018,"Moheli island","Moheli National Park","Sambia_E",NA,"Partially Restricted","National Park",NA,"Algae-macro/fleshy","AMAC",0,0,1,"AMAC",NA,"",NA,"LIT","Moheli MPA","Moheli MPA","Reef flat",0
"Comoros",2018,"Moheli island","Moheli National Park","Sambia_E",NA,"Partially Restricted","National Park",NA,"Algae-turf","ATRF",0,0,1,"ATRF",NA,"",NA,"LIT","Moheli MPA","Moheli MPA","Reef flat",0
"Comoros",2018,"Moheli island","Moheli National Park","Sambia_E",NA,"Partially Restricted","National Park",NA,"Algae-Halimeda","AHAL",0,0,1,"AHAL",NA,"",NA,"LIT","Moheli MPA","Moheli MPA","Reef flat",0
"Comoros",2018,"Moheli island","Moheli National Park","Sambia_E",NA,"Partially Restricted","National Park",NA,"Bare substrate","BS",0,0,1,"BS",NA,"",NA,"LIT","Moheli MPA","Moheli MPA","Reef flat",0
"Comoros",2018,"Moheli island","Moheli National Park","Sambia_E",NA,"Partially Restricted","National Park",NA,"Dead Standing coral","DC",1.7,1.7,1,"DC",NA,"",NA,"LIT","Moheli MPA","Moheli MPA","Reef flat",2.4
"Comoros",2018,"Moheli island","Moheli National Park","Sambia_E",NA,"Partially Restricted","National Park",NA,"encrusting","ce",7.72,2.28,2,"HC","ce","",NA,"LIT","Moheli MPA","Moheli MPA","Reef flat",3.22
"Comoros",2018,"Moheli island","Moheli National Park","Sambia_E",NA,"Partially Restricted","National Park",NA,"Favia","fav",0,0,3,"HC","cm","",NA,"LIT","Moheli MPA","Moheli MPA","Reef flat",0
"Comoros",2018,"Moheli island","Moheli National Park","Sambia_E",NA,"Partially Restricted","National Park",NA,"foliaceous","cf",0,0,2,"HC","cf","",NA,"LIT","Moheli MPA","Moheli MPA","Reef flat",0
"Comoros",2018,"Moheli island","Moheli National Park","Sambia_E",NA,"Partially Restricted","National Park",NA,"Fungia","fun",0,0,3,"HC","mush","",NA,"LIT","Moheli MPA","Moheli MPA","Reef flat",0
"Comoros",2018,"Moheli island","Moheli National Park","Sambia_E",NA,"Partially Restricted","National Park",NA,"Herpolitha","her",0,0,3,"HC","mush","",NA,"LIT","Moheli MPA","Moheli MPA","Reef flat",0
"Comoros",2018,"Moheli island","Moheli National Park","Sambia_E",NA,"Partially Restricted","National Park",NA,"massive","cm",10.86,4.74,2,"HC","cm","",NA,"LIT","Moheli MPA","Moheli MPA","Reef flat",6.7
"Comoros",2018,"Moheli island","Moheli National Park","Sambia_E",NA,"Partially Restricted","National Park",NA,"Montipora","mtp",0,0,3,"HC","ce/cf/cb","",NA,"LIT","Moheli MPA","Moheli MPA","Reef flat",0
"Comoros",2018,"Moheli island","Moheli National Park","Sambia_E",NA,"Partially Restricted","National Park",NA,"Pocillopora","poc",0.6,0.6,3,"HC","cb","",NA,"LIT","Moheli MPA","Moheli MPA","Reef flat",0.85
"Comoros",2018,"Moheli island","Moheli National Park","Sambia_E",NA,"Partially Restricted","National Park",NA,"Recent Dead Coral","RDC",10.9,0.1,1,"RDC",NA,"",NA,"LIT","Moheli MPA","Moheli MPA","Reef flat",0.14
"Comoros",2018,"Moheli island","Moheli National Park","Sambia_E",NA,"Partially Restricted","National Park",NA,"Rubble","RUB",0,0,1,"RUB",NA,"",NA,"LIT","Moheli MPA","Moheli MPA","Reef flat",0
"Comoros",2018,"Moheli island","Moheli National Park","Sambia_E",NA,"Partially Restricted","National Park",NA,"Sand","SND",10.92,3.08,1,"SND",NA,"",NA,"LIT","Moheli MPA","Moheli MPA","Reef flat",4.36
"Comoros",2018,"Moheli island","Moheli National Park","Sambia_E",NA,"Partially Restricted","National Park",NA,"Seriatopora","ser",0,0,3,"HC","cb","",NA,"LIT","Moheli MPA","Moheli MPA","Reef flat",0
"Comoros",2018,"Moheli island","Moheli National Park","Sambia_E",NA,"Partially Restricted","National Park",NA,"Soft coral","SC",0,0,1,"SC",NA,"",NA,"LIT","Moheli MPA","Moheli MPA","Reef flat",0
"Comoros",2018,"Moheli island","Moheli National Park","Sambia_E",NA,"Partially Restricted","National Park",NA,"Sponge","Spog",0.8,0.8,2,"INV","Spog","",NA,"LIT","Moheli MPA","Moheli MPA","Reef flat",1.13
"Comoros",2018,"Moheli island","Moheli National Park","Sambia_E",NA,"Partially Restricted","National Park",NA,"submassive","cs",0,0,2,"HC","cs","",NA,"LIT","Moheli MPA","Moheli MPA","Reef flat",0
"Comoros",2018,"Moheli island","Moheli National Park","Sambia_E",NA,"Partially Restricted","National Park",NA,"Unidentified","UNID",12.38,11.58,1,"UNID",NA,"",NA,"LIT","Moheli MPA","Moheli MPA","Reef flat",16.38
"Comoros",2018,"Moheli island","Moheli National Park","Nkandzoni",NA,"Partially Restricted","National Park",NA,"Acropora","acr",0,0,3,"HC","","-12.2443","43.3972","LIT","Moheli MPA","Moheli MPA","Reef flat",0
"Comoros",2018,"Moheli island","Moheli National Park","Nkandzoni",NA,"Partially Restricted","National Park",NA,"Acropora branching","acb",22.78,21.98,2,"HC","acb","-12.2443","43.3972","LIT","Moheli MPA","Moheli MPA","Reef flat",31.08
"Comoros",2018,"Moheli island","Moheli National Park","Nkandzoni",NA,"Partially Restricted","National Park",NA,"Acropora digitate","acd",5.54,5.54,2,"HC","acd","-12.2443","43.3972","LIT","Moheli MPA","Moheli MPA","Reef flat",7.83
"Comoros",2018,"Moheli island","Moheli National Park","Nkandzoni",NA,"Partially Restricted","National Park",NA,"Acropora submassive","acs",3.9,1.9,2,"HC","acs","-12.2443","43.3972","LIT","Moheli MPA","Moheli MPA","Reef flat",2.69
"Comoros",2018,"Moheli island","Moheli National Park","Nkandzoni",NA,"Partially Restricted","National Park",NA,"Acropora tabulate","act",0,0,2,"HC","act","-12.2443","43.3972","LIT","Moheli MPA","Moheli MPA","Reef flat",0
"Comoros",2018,"Moheli island","Moheli National Park","Nkandzoni",NA,"Partially Restricted","National Park",NA,"Algae-coralline","ACOR",0,0,1,"ACOR",NA,"-12.2443","43.3972","LIT","Moheli MPA","Moheli MPA","Reef flat",0
"Comoros",2018,"Moheli island","Moheli National Park","Nkandzoni",NA,"Partially Restricted","National Park",NA,"Algae-macro/fleshy","AMAC",0,0,1,"AMAC",NA,"-12.2443","43.3972","LIT","Moheli MPA","Moheli MPA","Reef flat",0
"Comoros",2018,"Moheli island","Moheli National Park","Nkandzoni",NA,"Partially Restricted","National Park",NA,"Algae-turf","ATRF",2.74,2.74,1,"ATRF",NA,"-12.2443","43.3972","LIT","Moheli MPA","Moheli MPA","Reef flat",3.87
"Comoros",2018,"Moheli island","Moheli National Park","Nkandzoni",NA,"Partially Restricted","National Park",NA,"Algae-Halimeda","AHAL",0,0,1,"AHAL",NA,"-12.2443","43.3972","LIT","Moheli MPA","Moheli MPA","Reef flat",0
"Comoros",2018,"Moheli island","Moheli National Park","Nkandzoni",NA,"Partially Restricted","National Park",NA,"Bare substrate","BS",0,0,1,"BS",NA,"-12.2443","43.3972","LIT","Moheli MPA","Moheli MPA","Reef flat",0
"Comoros",2018,"Moheli island","Moheli National Park","Nkandzoni",NA,"Partially Restricted","National Park",NA,"Dead Standing coral","DC",0,0,1,"DC",NA,"-12.2443","43.3972","LIT","Moheli MPA","Moheli MPA","Reef flat",0
"Comoros",2018,"Moheli island","Moheli National Park","Nkandzoni",NA,"Partially Restricted","National Park",NA,"encrusting","ce",0.6,0.2,2,"HC","ce","-12.2443","43.3972","LIT","Moheli MPA","Moheli MPA","Reef flat",0.28
"Comoros",2018,"Moheli island","Moheli National Park","Nkandzoni",NA,"Partially Restricted","National Park",NA,"Favia","fav",0,0,3,"HC","cm","-12.2443","43.3972","LIT","Moheli MPA","Moheli MPA","Reef flat",0
"Comoros",2018,"Moheli island","Moheli National Park","Nkandzoni",NA,"Partially Restricted","National Park",NA,"foliaceous","cf",0,0,2,"HC","cf","-12.2443","43.3972","LIT","Moheli MPA","Moheli MPA","Reef flat",0
"Comoros",2018,"Moheli island","Moheli National Park","Nkandzoni",NA,"Partially Restricted","National Park",NA,"Fungia","fun",0,0,3,"HC","mush","-12.2443","43.3972","LIT","Moheli MPA","Moheli MPA","Reef flat",0
"Comoros",2018,"Moheli island","Moheli National Park","Nkandzoni",NA,"Partially Restricted","National Park",NA,"Herpolitha","her",0,0,3,"HC","mush","-12.2443","43.3972","LIT","Moheli MPA","Moheli MPA","Reef flat",0
"Comoros",2018,"Moheli island","Moheli National Park","Nkandzoni",NA,"Partially Restricted","National Park",NA,"massive","cm",9.2,3.96,2,"HC","cm","-12.2443","43.3972","LIT","Moheli MPA","Moheli MPA","Reef flat",5.6
"Comoros",2018,"Moheli island","Moheli National Park","Nkandzoni",NA,"Partially Restricted","National Park",NA,"Montipora","mtp",0,0,3,"HC","ce/cf/cb","-12.2443","43.3972","LIT","Moheli MPA","Moheli MPA","Reef flat",0
"Comoros",2018,"Moheli island","Moheli National Park","Nkandzoni",NA,"Partially Restricted","National Park",NA,"Pocillopora","poc",0,0,3,"HC","cb","-12.2443","43.3972","LIT","Moheli MPA","Moheli MPA","Reef flat",0
"Comoros",2018,"Moheli island","Moheli National Park","Nkandzoni",NA,"Partially Restricted","National Park",NA,"Recent Dead Coral","RDC",33.04,5.32,1,"RDC",NA,"-12.2443","43.3972","LIT","Moheli MPA","Moheli MPA","Reef flat",7.52
"Comoros",2018,"Moheli island","Moheli National Park","Nkandzoni",NA,"Partially Restricted","National Park",NA,"Rubble","RUB",0,0,1,"RUB",NA,"-12.2443","43.3972","LIT","Moheli MPA","Moheli MPA","Reef flat",0
"Comoros",2018,"Moheli island","Moheli National Park","Nkandzoni",NA,"Partially Restricted","National Park",NA,"Sand","SND",14.82,6.78,1,"SND",NA,"-12.2443","43.3972","LIT","Moheli MPA","Moheli MPA","Reef flat",9.59
"Comoros",2018,"Moheli island","Moheli National Park","Nkandzoni",NA,"Partially Restricted","National Park",NA,"Seriatopora","ser",0,0,3,"HC","cb","-12.2443","43.3972","LIT","Moheli MPA","Moheli MPA","Reef flat",0
"Comoros",2018,"Moheli island","Moheli National Park","Nkandzoni",NA,"Partially Restricted","National Park",NA,"Soft coral","SC",1.3,0.1,1,"SC",NA,"-12.2443","43.3972","LIT","Moheli MPA","Moheli MPA","Reef flat",0.14
"Comoros",2018,"Moheli island","Moheli National Park","Nkandzoni",NA,"Partially Restricted","National Park",NA,"Sponge","Spog",0,0,2,"INV","Spog","-12.2443","43.3972","LIT","Moheli MPA","Moheli MPA","Reef flat",0
"Comoros",2018,"Moheli island","Moheli National Park","Nkandzoni",NA,"Partially Restricted","National Park",NA,"submassive","cs",0,0,2,"HC","cs","-12.2443","43.3972","LIT","Moheli MPA","Moheli MPA","Reef flat",0
"Comoros",2018,"Moheli island","Moheli National Park","Nkandzoni",NA,"Partially Restricted","National Park",NA,"Unidentified","UNID",6.08,6.08,1,"UNID",NA,"-12.2443","43.3972","LIT","Moheli MPA","Moheli MPA","Reef flat",8.6
"Comoros",2018,"Moheli island","Moheli National Park","Bwela Gnandzi",NA,"Open access","National Park",NA,"Acropora","acr",0,0,3,"HC","","",NA,"LIT","Moheli MPA","Moheli MPA","Reef flat",0
"Comoros",2018,"Moheli island","Moheli National Park","Bwela Gnandzi",NA,"Open access","National Park",NA,"Acropora branching","acb",4.78,0.82,2,"HC","acb","",NA,"LIT","Moheli MPA","Moheli MPA","Reef flat",1.16
"Comoros",2018,"Moheli island","Moheli National Park","Bwela Gnandzi",NA,"Open access","National Park",NA,"Acropora digitate","acd",23.2,1.36,2,"HC","acd","",NA,"LIT","Moheli MPA","Moheli MPA","Reef flat",1.92
"Comoros",2018,"Moheli island","Moheli National Park","Bwela Gnandzi",NA,"Open access","National Park",NA,"Acropora submassive","acs",3,2.6,2,"HC","acs","",NA,"LIT","Moheli MPA","Moheli MPA","Reef flat",3.68
"Comoros",2018,"Moheli island","Moheli National Park","Bwela Gnandzi",NA,"Open access","National Park",NA,"Acropora tabulate","act",0,0,2,"HC","act","",NA,"LIT","Moheli MPA","Moheli MPA","Reef flat",0
"Comoros",2018,"Moheli island","Moheli National Park","Bwela Gnandzi",NA,"Open access","National Park",NA,"Algae-coralline","ACOR",0,0,1,"ACOR",NA,"",NA,"LIT","Moheli MPA","Moheli MPA","Reef flat",0
"Comoros",2018,"Moheli island","Moheli National Park","Bwela Gnandzi",NA,"Open access","National Park",NA,"Algae-macro/fleshy","AMAC",0,0,1,"AMAC",NA,"",NA,"LIT","Moheli MPA","Moheli MPA","Reef flat",0
"Comoros",2018,"Moheli island","Moheli National Park","Bwela Gnandzi",NA,"Open access","National Park",NA,"Algae-turf","ATRF",2.34,1.38,1,"ATRF",NA,"",NA,"LIT","Moheli MPA","Moheli MPA","Reef flat",1.95
"Comoros",2018,"Moheli island","Moheli National Park","Bwela Gnandzi",NA,"Open access","National Park",NA,"Algae-Halimeda","AHAL",0,0,1,"AHAL",NA,"",NA,"LIT","Moheli MPA","Moheli MPA","Reef flat",0
"Comoros",2018,"Moheli island","Moheli National Park","Bwela Gnandzi",NA,"Open access","National Park",NA,"Bare substrate","BS",0,0,1,"BS",NA,"",NA,"LIT","Moheli MPA","Moheli MPA","Reef flat",0
"Comoros",2018,"Moheli island","Moheli National Park","Bwela Gnandzi",NA,"Open access","National Park",NA,"Dead Standing coral","DC",18.64,0.28,1,"DC",NA,"",NA,"LIT","Moheli MPA","Moheli MPA","Reef flat",0.4
"Comoros",2018,"Moheli island","Moheli National Park","Bwela Gnandzi",NA,"Open access","National Park",NA,"encrusting","ce",6.6,4.8,2,"HC","ce","",NA,"LIT","Moheli MPA","Moheli MPA","Reef flat",6.79
"Comoros",2018,"Moheli island","Moheli National Park","Bwela Gnandzi",NA,"Open access","National Park",NA,"Favia","fav",0,0,3,"HC","cm","",NA,"LIT","Moheli MPA","Moheli MPA","Reef flat",0
"Comoros",2018,"Moheli island","Moheli National Park","Bwela Gnandzi",NA,"Open access","National Park",NA,"foliaceous","cf",0,0,2,"HC","cf","",NA,"LIT","Moheli MPA","Moheli MPA","Reef flat",0
"Comoros",2018,"Moheli island","Moheli National Park","Bwela Gnandzi",NA,"Open access","National Park",NA,"Fungia","fun",0,0,3,"HC","mush","",NA,"LIT","Moheli MPA","Moheli MPA","Reef flat",0
"Comoros",2018,"Moheli island","Moheli National Park","Bwela Gnandzi",NA,"Open access","National Park",NA,"Herpolitha","her",0,0,3,"HC","mush","",NA,"LIT","Moheli MPA","Moheli MPA","Reef flat",0
"Comoros",2018,"Moheli island","Moheli National Park","Bwela Gnandzi",NA,"Open access","National Park",NA,"massive","cm",20.96,0.6,2,"HC","cm","",NA,"LIT","Moheli MPA","Moheli MPA","Reef flat",0.85
"Comoros",2018,"Moheli island","Moheli National Park","Bwela Gnandzi",NA,"Open access","National Park",NA,"Montipora","mtp",0,0,3,"HC","ce/cf/cb","",NA,"LIT","Moheli MPA","Moheli MPA","Reef flat",0
"Comoros",2018,"Moheli island","Moheli National Park","Bwela Gnandzi",NA,"Open access","National Park",NA,"Pocillopora","poc",0,0,3,"HC","cb","",NA,"LIT","Moheli MPA","Moheli MPA","Reef flat",0
"Comoros",2018,"Moheli island","Moheli National Park","Bwela Gnandzi",NA,"Open access","National Park",NA,"Recent Dead Coral","RDC",11.76,4.12,1,"RDC",NA,"",NA,"LIT","Moheli MPA","Moheli MPA","Reef flat",5.83
"Comoros",2018,"Moheli island","Moheli National Park","Bwela Gnandzi",NA,"Open access","National Park",NA,"Rubble","RUB",0,0,1,"RUB",NA,"",NA,"LIT","Moheli MPA","Moheli MPA","Reef flat",0
"Comoros",2018,"Moheli island","Moheli National Park","Bwela Gnandzi",NA,"Open access","National Park",NA,"Sand","SND",2.5,2.5,1,"SND",NA,"",NA,"LIT","Moheli MPA","Moheli MPA","Reef flat",3.54
"Comoros",2018,"Moheli island","Moheli National Park","Bwela Gnandzi",NA,"Open access","National Park",NA,"Seriatopora","ser",0,0,3,"HC","cb","",NA,"LIT","Moheli MPA","Moheli MPA","Reef flat",0
"Comoros",2018,"Moheli island","Moheli National Park","Bwela Gnandzi",NA,"Open access","National Park",NA,"Soft coral","SC",0.4,0.4,1,"SC",NA,"",NA,"LIT","Moheli MPA","Moheli MPA","Reef flat",0.57
"Comoros",2018,"Moheli island","Moheli National Park","Bwela Gnandzi",NA,"Open access","National Park",NA,"Sponge","Spog",0,0,2,"INV","Spog","",NA,"LIT","Moheli MPA","Moheli MPA","Reef flat",0
"Comoros",2018,"Moheli island","Moheli National Park","Bwela Gnandzi",NA,"Open access","National Park",NA,"submassive","cs",0,0,2,"HC","cs","",NA,"LIT","Moheli MPA","Moheli MPA","Reef flat",0
"Comoros",2018,"Moheli island","Moheli National Park","Bwela Gnandzi",NA,"Open access","National Park",NA,"Unidentified","UNID",5.82,3.22,1,"UNID",NA,"",NA,"LIT","Moheli MPA","Moheli MPA","Reef flat",4.55
"Comoros",2020,"Moheli island","Moheli National Park","Nkandzoni",NA,"Partially Restricted","National Park",NA,"Acropora","acr",0,0,3,"HC","","-12.2443","43.3972","LIT","Moheli MPA","Moheli MPA","Reef flat",0
"Comoros",2020,"Moheli island","Moheli National Park","Nkandzoni",NA,"Partially Restricted","National Park",NA,"Acropora branching","acb",10.2,2.2,2,"HC","acb","-12.2443","43.3972","LIT","Moheli MPA","Moheli MPA","Reef flat",3.11
"Comoros",2020,"Moheli island","Moheli National Park","Nkandzoni",NA,"Partially Restricted","National Park",NA,"Acropora digitate","acd",22.44,8.96,2,"HC","acd","-12.2443","43.3972","LIT","Moheli MPA","Moheli MPA","Reef flat",12.67
"Comoros",2020,"Moheli island","Moheli National Park","Nkandzoni",NA,"Partially Restricted","National Park",NA,"Acropora submassive","acs",1.5,1.5,2,"HC","acs","-12.2443","43.3972","LIT","Moheli MPA","Moheli MPA","Reef flat",2.12
"Comoros",2020,"Moheli island","Moheli National Park","Nkandzoni",NA,"Partially Restricted","National Park",NA,"Acropora tabulate","act",0,0,2,"HC","act","-12.2443","43.3972","LIT","Moheli MPA","Moheli MPA","Reef flat",0
"Comoros",2020,"Moheli island","Moheli National Park","Nkandzoni",NA,"Partially Restricted","National Park",NA,"Algae-coralline","ACOR",0,0,1,"ACOR",NA,"-12.2443","43.3972","LIT","Moheli MPA","Moheli MPA","Reef flat",0
"Comoros",2020,"Moheli island","Moheli National Park","Nkandzoni",NA,"Partially Restricted","National Park",NA,"Algae-macro/fleshy","AMAC",0,0,1,"AMAC",NA,"-12.2443","43.3972","LIT","Moheli MPA","Moheli MPA","Reef flat",0
"Comoros",2020,"Moheli island","Moheli National Park","Nkandzoni",NA,"Partially Restricted","National Park",NA,"Algae-turf","ATRF",0,0,1,"ATRF",NA,"-12.2443","43.3972","LIT","Moheli MPA","Moheli MPA","Reef flat",0
"Comoros",2020,"Moheli island","Moheli National Park","Nkandzoni",NA,"Partially Restricted","National Park",NA,"Algae-Halimeda","AHAL",0,0,1,"AHAL",NA,"-12.2443","43.3972","LIT","Moheli MPA","Moheli MPA","Reef flat",0
"Comoros",2020,"Moheli island","Moheli National Park","Nkandzoni",NA,"Partially Restricted","National Park",NA,"Bare substrate","BS",0,0,1,"BS",NA,"-12.2443","43.3972","LIT","Moheli MPA","Moheli MPA","Reef flat",0
"Comoros",2020,"Moheli island","Moheli National Park","Nkandzoni",NA,"Partially Restricted","National Park",NA,"Dead Standing coral","DC",25,9,1,"DC",NA,"-12.2443","43.3972","LIT","Moheli MPA","Moheli MPA","Reef flat",12.73
"Comoros",2020,"Moheli island","Moheli National Park","Nkandzoni",NA,"Partially Restricted","National Park",NA,"encrusting","ce",8.2,4.2,2,"HC","ce","-12.2443","43.3972","LIT","Moheli MPA","Moheli MPA","Reef flat",5.94
"Comoros",2020,"Moheli island","Moheli National Park","Nkandzoni",NA,"Partially Restricted","National Park",NA,"Favia","fav",0,0,3,"HC","cm","-12.2443","43.3972","LIT","Moheli MPA","Moheli MPA","Reef flat",0
"Comoros",2020,"Moheli island","Moheli National Park","Nkandzoni",NA,"Partially Restricted","National Park",NA,"foliaceous","cf",0,0,2,"HC","cf","-12.2443","43.3972","LIT","Moheli MPA","Moheli MPA","Reef flat",0
"Comoros",2020,"Moheli island","Moheli National Park","Nkandzoni",NA,"Partially Restricted","National Park",NA,"Fungia","fun",0,0,3,"HC","mush","-12.2443","43.3972","LIT","Moheli MPA","Moheli MPA","Reef flat",0
"Comoros",2020,"Moheli island","Moheli National Park","Nkandzoni",NA,"Partially Restricted","National Park",NA,"Herpolitha","her",0,0,3,"HC","mush","-12.2443","43.3972","LIT","Moheli MPA","Moheli MPA","Reef flat",0
"Comoros",2020,"Moheli island","Moheli National Park","Nkandzoni",NA,"Partially Restricted","National Park",NA,"massive","cm",9.7,2.5,2,"HC","cm","-12.2443","43.3972","LIT","Moheli MPA","Moheli MPA","Reef flat",3.54
"Comoros",2020,"Moheli island","Moheli National Park","Nkandzoni",NA,"Partially Restricted","National Park",NA,"Montipora","mtp",0,0,3,"HC","ce/cf/cb","-12.2443","43.3972","LIT","Moheli MPA","Moheli MPA","Reef flat",0
"Comoros",2020,"Moheli island","Moheli National Park","Nkandzoni",NA,"Partially Restricted","National Park",NA,"Pocillopora","poc",0,0,3,"HC","cb","-12.2443","43.3972","LIT","Moheli MPA","Moheli MPA","Reef flat",0
"Comoros",2020,"Moheli island","Moheli National Park","Nkandzoni",NA,"Partially Restricted","National Park",NA,"Recent Dead Coral","RDC",6,3.8,1,"RDC",NA,"-12.2443","43.3972","LIT","Moheli MPA","Moheli MPA","Reef flat",5.37
"Comoros",2020,"Moheli island","Moheli National Park","Nkandzoni",NA,"Partially Restricted","National Park",NA,"Rubble","RUB",0,0,1,"RUB",NA,"-12.2443","43.3972","LIT","Moheli MPA","Moheli MPA","Reef flat",0
"Comoros",2020,"Moheli island","Moheli National Park","Nkandzoni",NA,"Partially Restricted","National Park",NA,"Sand","SND",9.16,1.96,1,"SND",NA,"-12.2443","43.3972","LIT","Moheli MPA","Moheli MPA","Reef flat",2.77
"Comoros",2020,"Moheli island","Moheli National Park","Nkandzoni",NA,"Partially Restricted","National Park",NA,"Seriatopora","ser",0,0,3,"HC","cb","-12.2443","43.3972","LIT","Moheli MPA","Moheli MPA","Reef flat",0
"Comoros",2020,"Moheli island","Moheli National Park","Nkandzoni",NA,"Partially Restricted","National Park",NA,"Soft coral","SC",0.8,0.8,1,"SC",NA,"-12.2443","43.3972","LIT","Moheli MPA","Moheli MPA","Reef flat",1.13
"Comoros",2020,"Moheli island","Moheli National Park","Nkandzoni",NA,"Partially Restricted","National Park",NA,"Sponge","Spog",0,0,2,"INV","Spog","-12.2443","43.3972","LIT","Moheli MPA","Moheli MPA","Reef flat",0
"Comoros",2020,"Moheli island","Moheli National Park","Nkandzoni",NA,"Partially Restricted","National Park",NA,"submassive","cs",0,0,2,"HC","cs","-12.2443","43.3972","LIT","Moheli MPA","Moheli MPA","Reef flat",0
"Comoros",2020,"Moheli island","Moheli National Park","Nkandzoni",NA,"Partially Restricted","National Park",NA,"Unidentified","UNID",7,7,1,"UNID",NA,"-12.2443","43.3972","LIT","Moheli MPA","Moheli MPA","Reef flat",9.9
"Comoros",2020,"Moheli island","Moheli National Park","Mea",NA,"Partially Restricted","National Park",NA,"Acropora","acr",0,0,3,"HC","","-12.38165","43.73766667","LIT","Moheli MPA","Moheli MPA","Reef flat",0
"Comoros",2020,"Moheli island","Moheli National Park","Mea",NA,"Partially Restricted","National Park",NA,"Acropora branching","acb",37.1,3.5,2,"HC","acb","-12.38165","43.73766667","LIT","Moheli MPA","Moheli MPA","Reef flat",4.95
"Comoros",2020,"Moheli island","Moheli National Park","Mea",NA,"Partially Restricted","National Park",NA,"Acropora digitate","acd",20.6,1.4,2,"HC","acd","-12.38165","43.73766667","LIT","Moheli MPA","Moheli MPA","Reef flat",1.98
"Comoros",2020,"Moheli island","Moheli National Park","Mea",NA,"Partially Restricted","National Park",NA,"Acropora submassive","acs",0,0,2,"HC","acs","-12.38165","43.73766667","LIT","Moheli MPA","Moheli MPA","Reef flat",0
"Comoros",2020,"Moheli island","Moheli National Park","Mea",NA,"Partially Restricted","National Park",NA,"Acropora tabulate","act",3.9,3.5,2,"HC","act","-12.38165","43.73766667","LIT","Moheli MPA","Moheli MPA","Reef flat",4.95
"Comoros",2020,"Moheli island","Moheli National Park","Mea",NA,"Partially Restricted","National Park",NA,"Algae-coralline","ACOR",0,0,1,"ACOR",NA,"-12.38165","43.73766667","LIT","Moheli MPA","Moheli MPA","Reef flat",0
"Comoros",2020,"Moheli island","Moheli National Park","Mea",NA,"Partially Restricted","National Park",NA,"Algae-macro/fleshy","AMAC",0,0,1,"AMAC",NA,"-12.38165","43.73766667","LIT","Moheli MPA","Moheli MPA","Reef flat",0
"Comoros",2020,"Moheli island","Moheli National Park","Mea",NA,"Partially Restricted","National Park",NA,"Algae-turf","ATRF",0,0,1,"ATRF",NA,"-12.38165","43.73766667","LIT","Moheli MPA","Moheli MPA","Reef flat",0
"Comoros",2020,"Moheli island","Moheli National Park","Mea",NA,"Partially Restricted","National Park",NA,"Algae-Halimeda","AHAL",0,0,1,"AHAL",NA,"-12.38165","43.73766667","LIT","Moheli MPA","Moheli MPA","Reef flat",0
"Comoros",2020,"Moheli island","Moheli National Park","Mea",NA,"Partially Restricted","National Park",NA,"Bare substrate","BS",0,0,1,"BS",NA,"-12.38165","43.73766667","LIT","Moheli MPA","Moheli MPA","Reef flat",0
"Comoros",2020,"Moheli island","Moheli National Park","Mea",NA,"Partially Restricted","National Park",NA,"Dead Standing coral","DC",11.8,1.6,1,"DC",NA,"-12.38165","43.73766667","LIT","Moheli MPA","Moheli MPA","Reef flat",2.26
"Comoros",2020,"Moheli island","Moheli National Park","Mea",NA,"Partially Restricted","National Park",NA,"encrusting","ce",3.2,0,2,"HC","ce","-12.38165","43.73766667","LIT","Moheli MPA","Moheli MPA","Reef flat",0
"Comoros",2020,"Moheli island","Moheli National Park","Mea",NA,"Partially Restricted","National Park",NA,"Favia","fav",0,0,3,"HC","cm","-12.38165","43.73766667","LIT","Moheli MPA","Moheli MPA","Reef flat",0
"Comoros",2020,"Moheli island","Moheli National Park","Mea",NA,"Partially Restricted","National Park",NA,"foliaceous","cf",0,0,2,"HC","cf","-12.38165","43.73766667","LIT","Moheli MPA","Moheli MPA","Reef flat",0
"Comoros",2020,"Moheli island","Moheli National Park","Mea",NA,"Partially Restricted","National Park",NA,"Fungia","fun",0.4,0.4,3,"HC","mush","-12.38165","43.73766667","LIT","Moheli MPA","Moheli MPA","Reef flat",0.57
"Comoros",2020,"Moheli island","Moheli National Park","Mea",NA,"Partially Restricted","National Park",NA,"Herpolitha","her",0,0,3,"HC","mush","-12.38165","43.73766667","LIT","Moheli MPA","Moheli MPA","Reef flat",0
"Comoros",2020,"Moheli island","Moheli National Park","Mea",NA,"Partially Restricted","National Park",NA,"massive","cm",5.8,1.4,2,"HC","cm","-12.38165","43.73766667","LIT","Moheli MPA","Moheli MPA","Reef flat",1.98
"Comoros",2020,"Moheli island","Moheli National Park","Mea",NA,"Partially Restricted","National Park",NA,"Montipora","mtp",0,0,3,"HC","ce/cf/cb","-12.38165","43.73766667","LIT","Moheli MPA","Moheli MPA","Reef flat",0
"Comoros",2020,"Moheli island","Moheli National Park","Mea",NA,"Partially Restricted","National Park",NA,"Pocillopora","poc",0,0,3,"HC","cb","-12.38165","43.73766667","LIT","Moheli MPA","Moheli MPA","Reef flat",0
"Comoros",2020,"Moheli island","Moheli National Park","Mea",NA,"Partially Restricted","National Park",NA,"Recent Dead Coral","RDC",3,0.2,1,"RDC",NA,"-12.38165","43.73766667","LIT","Moheli MPA","Moheli MPA","Reef flat",0.28
"Comoros",2020,"Moheli island","Moheli National Park","Mea",NA,"Partially Restricted","National Park",NA,"Rubble","RUB",0,0,1,"RUB",NA,"-12.38165","43.73766667","LIT","Moheli MPA","Moheli MPA","Reef flat",0
"Comoros",2020,"Moheli island","Moheli National Park","Mea",NA,"Partially Restricted","National Park",NA,"Sand","SND",6.5,0.5,1,"SND",NA,"-12.38165","43.73766667","LIT","Moheli MPA","Moheli MPA","Reef flat",0.71
"Comoros",2020,"Moheli island","Moheli National Park","Mea",NA,"Partially Restricted","National Park",NA,"Seriatopora","ser",0,0,3,"HC","cb","-12.38165","43.73766667","LIT","Moheli MPA","Moheli MPA","Reef flat",0
"Comoros",2020,"Moheli island","Moheli National Park","Mea",NA,"Partially Restricted","National Park",NA,"Soft coral","SC",0,0,1,"SC",NA,"-12.38165","43.73766667","LIT","Moheli MPA","Moheli MPA","Reef flat",0
"Comoros",2020,"Moheli island","Moheli National Park","Mea",NA,"Partially Restricted","National Park",NA,"Sponge","Spog",0.3,0.3,2,"INV","Spog","-12.38165","43.73766667","LIT","Moheli MPA","Moheli MPA","Reef flat",0.42
"Comoros",2020,"Moheli island","Moheli National Park","Mea",NA,"Partially Restricted","National Park",NA,"submassive","cs",1,0.2,2,"HC","cs","-12.38165","43.73766667","LIT","Moheli MPA","Moheli MPA","Reef flat",0.28
"Comoros",2020,"Moheli island","Moheli National Park","Mea",NA,"Partially Restricted","National Park",NA,"Unidentified","UNID",6.4,1.6,1,"UNID",NA,"-12.38165","43.73766667","LIT","Moheli MPA","Moheli MPA","Reef flat",2.26
"Comoros",2022,"Moheli island","Moimbao","Barakani",NA,"Partially Restricted","Community Reserve",NA,"Acropora","acr",10.2,2.5,3,"HC","","-12.29296667","43.62386667","PIT","Moheli MPA","Moheli MPA","Reef flat",5.59
"Comoros",2022,"Moheli island","Moimbao","Barakani",NA,"Partially Restricted","Community Reserve",NA,"Acropora branching","acb",0,0,2,"HC","acb","-12.29296667","43.62386667","PIT","Moheli MPA","Moheli MPA","Reef flat",0
"Comoros",2022,"Moheli island","Moimbao","Barakani",NA,"Partially Restricted","Community Reserve",NA,"Acropora digitate","acd",0,0,2,"HC","acd","-12.29296667","43.62386667","PIT","Moheli MPA","Moheli MPA","Reef flat",0
"Comoros",2022,"Moheli island","Moimbao","Barakani",NA,"Partially Restricted","Community Reserve",NA,"Acropora submassive","acs",0,0,2,"HC","acs","-12.29296667","43.62386667","PIT","Moheli MPA","Moheli MPA","Reef flat",0
"Comoros",2022,"Moheli island","Moimbao","Barakani",NA,"Partially Restricted","Community Reserve",NA,"Acropora tabulate","act",2.45,2.45,2,"HC","act","-12.29296667","43.62386667","PIT","Moheli MPA","Moheli MPA","Reef flat",5.48
"Comoros",2022,"Moheli island","Moimbao","Barakani",NA,"Partially Restricted","Community Reserve",NA,"Algae-coralline","ACOR",3.27,2.1,1,"ACOR",NA,"-12.29296667","43.62386667","PIT","Moheli MPA","Moheli MPA","Reef flat",4.7
"Comoros",2022,"Moheli island","Moimbao","Barakani",NA,"Partially Restricted","Community Reserve",NA,"Algae-macro/fleshy","AMAC",0.41,0.41,1,"AMAC",NA,"-12.29296667","43.62386667","PIT","Moheli MPA","Moheli MPA","Reef flat",0.91
"Comoros",2022,"Moheli island","Moimbao","Barakani",NA,"Partially Restricted","Community Reserve",NA,"Algae-turf","ATRF",0,0,1,"ATRF",NA,"-12.29296667","43.62386667","PIT","Moheli MPA","Moheli MPA","Reef flat",0
"Comoros",2022,"Moheli island","Moimbao","Barakani",NA,"Partially Restricted","Community Reserve",NA,"Algae-Halimeda","AHAL",0.41,0.41,1,"AHAL",NA,"-12.29296667","43.62386667","PIT","Moheli MPA","Moheli MPA","Reef flat",0.91
"Comoros",2022,"Moheli island","Moimbao","Barakani",NA,"Partially Restricted","Community Reserve",NA,"Bare substrate","BS",12.24,5.59,1,"BS",NA,"-12.29296667","43.62386667","PIT","Moheli MPA","Moheli MPA","Reef flat",12.5
"Comoros",2022,"Moheli island","Moimbao","Barakani",NA,"Partially Restricted","Community Reserve",NA,"Dead Standing coral","DC",0.82,0.5,1,"DC",NA,"-12.29296667","43.62386667","PIT","Moheli MPA","Moheli MPA","Reef flat",1.12
"Comoros",2022,"Moheli island","Moimbao","Barakani",NA,"Partially Restricted","Community Reserve",NA,"encrusting","ce",8.57,2.45,2,"HC","ce","-12.29296667","43.62386667","PIT","Moheli MPA","Moheli MPA","Reef flat",5.48
"Comoros",2022,"Moheli island","Moimbao","Barakani",NA,"Partially Restricted","Community Reserve",NA,"Favia","fav",0,0,3,"HC","cm","-12.29296667","43.62386667","PIT","Moheli MPA","Moheli MPA","Reef flat",0
"Comoros",2022,"Moheli island","Moimbao","Barakani",NA,"Partially Restricted","Community Reserve",NA,"foliaceous","cf",2.04,1.58,2,"HC","cf","-12.29296667","43.62386667","PIT","Moheli MPA","Moheli MPA","Reef flat",3.53
"Comoros",2022,"Moheli island","Moimbao","Barakani",NA,"Partially Restricted","Community Reserve",NA,"Fungia","fun",0,0,3,"HC","mush","-12.29296667","43.62386667","PIT","Moheli MPA","Moheli MPA","Reef flat",0
"Comoros",2022,"Moheli island","Moimbao","Barakani",NA,"Partially Restricted","Community Reserve",NA,"Herpolitha","her",2.04,2.04,3,"HC","mush","-12.29296667","43.62386667","PIT","Moheli MPA","Moheli MPA","Reef flat",4.56
"Comoros",2022,"Moheli island","Moimbao","Barakani",NA,"Partially Restricted","Community Reserve",NA,"massive","cm",15.92,9.94,2,"HC","cm","-12.29296667","43.62386667","PIT","Moheli MPA","Moheli MPA","Reef flat",22.23
"Comoros",2022,"Moheli island","Moimbao","Barakani",NA,"Partially Restricted","Community Reserve",NA,"Montipora","mtp",0,0,3,"HC","ce/cf/cb","-12.29296667","43.62386667","PIT","Moheli MPA","Moheli MPA","Reef flat",0
"Comoros",2022,"Moheli island","Moimbao","Barakani",NA,"Partially Restricted","Community Reserve",NA,"Pocillopora","poc",0.41,0.41,3,"HC","cb","-12.29296667","43.62386667","PIT","Moheli MPA","Moheli MPA","Reef flat",0.91
"Comoros",2022,"Moheli island","Moimbao","Barakani",NA,"Partially Restricted","Community Reserve",NA,"Recent Dead Coral","RDC",0,0,1,"RDC",NA,"-12.29296667","43.62386667","PIT","Moheli MPA","Moheli MPA","Reef flat",0
"Comoros",2022,"Moheli island","Moimbao","Barakani",NA,"Partially Restricted","Community Reserve",NA,"Rubble","RUB",4.49,2.77,1,"RUB",NA,"-12.29296667","43.62386667","PIT","Moheli MPA","Moheli MPA","Reef flat",6.19
"Comoros",2022,"Moheli island","Moimbao","Barakani",NA,"Partially Restricted","Community Reserve",NA,"Sand","SND",10.2,9.2,1,"SND",NA,"-12.29296667","43.62386667","PIT","Moheli MPA","Moheli MPA","Reef flat",20.56
"Comoros",2022,"Moheli island","Moimbao","Barakani",NA,"Partially Restricted","Community Reserve",NA,"Seriatopora","ser",0.41,0.41,3,"HC","cb","-12.29296667","43.62386667","PIT","Moheli MPA","Moheli MPA","Reef flat",0.91
"Comoros",2022,"Moheli island","Moimbao","Barakani",NA,"Partially Restricted","Community Reserve",NA,"Soft coral","SC",12.24,5.04,1,"SC",NA,"-12.29296667","43.62386667","PIT","Moheli MPA","Moheli MPA","Reef flat",11.27
"Comoros",2022,"Moheli island","Moimbao","Barakani",NA,"Partially Restricted","Community Reserve",NA,"Sponge","Spog",0,0,2,"INV","Spog","-12.29296667","43.62386667","PIT","Moheli MPA","Moheli MPA","Reef flat",0
"Comoros",2022,"Moheli island","Moimbao","Barakani",NA,"Partially Restricted","Community Reserve",NA,"submassive","cs",13.88,3.84,2,"HC","cs","-12.29296667","43.62386667","PIT","Moheli MPA","Moheli MPA","Reef flat",8.59
"Comoros",2022,"Moheli island","Moimbao","Barakani",NA,"Partially Restricted","Community Reserve",NA,"Unidentified","UNID",0,0,1,"UNID",NA,"-12.29296667","43.62386667","PIT","Moheli MPA","Moheli MPA","Reef flat",0
