Eco_region,Country,Year,sub-national,MPA,Site,Station,Station_corrected,family,density.ind.ha.
Malindi-Chale,Kenya,2005,Tiwi-Chale,Open access,Diani_Chale,Bwanga,Bwanga,Scarinae,373
Malindi-Chale,Kenya,2006,Tiwi-Chale,Open access,Diani_Chale,Bwanga,Bwanga,Scarinae,40
Malindi-Chale,Kenya,2001,Tiwi-Chale,Open access,Diani_Chale,Chidibwi_peremede,Chidibwi_peremede,Scarinae,53
Malindi-Chale,Kenya,2001,Tiwi-Chale,Open access,Diani_Chale,Chidzamba_cha_mavovo,Chidzamba_cha_mavovo,Scarinae,173
Malindi-Chale,Kenya,2004,Tiwi-Chale,Open access,Diani_Chale,Chidzamba_cha_mavovo,Chidzamba_cha_mavovo,Scarinae,133
Malindi-Chale,Kenya,2005,Tiwi-Chale,Open access,Diani_Chale,Chidzamba_cha_mavovo,Chidzamba_cha_mavovo,Scarinae,147
Malindi-Chale,Kenya,2006,Tiwi-Chale,Open access,Diani_Chale,Chidzamba_cha_mavovo,Chidzamba_cha_mavovo,Scarinae,107
Malindi-Chale,Kenya,2005,Tiwi-Chale,Open access,Diani_Chale,Chidzamba_cha_mavovo,Chidzamba_cha_mavovo,Epinephelidae,27
Malindi-Chale,Kenya,2001,Tiwi-Chale,Open access,Diani_Chale,Chidzamba_cha_mekka,Chidzamba_cha_mekka,Scarinae,67
Malindi-Chale,Kenya,2002,Tiwi-Chale,Open access,Diani_Chale,Chidzamba_cha_mekka,Chidzamba_cha_mekka,Scarinae,13
Malindi-Chale,Kenya,2003,Tiwi-Chale,Open access,Diani_Chale,Chidzamba_cha_mekka,Chidzamba_cha_mekka,Scarinae,133
Malindi-Chale,Kenya,2004,Tiwi-Chale,Open access,Diani_Chale,Chidzamba_cha_mekka,Chidzamba_cha_mekka,Scarinae,480
Malindi-Chale,Kenya,2005,Tiwi-Chale,Open access,Diani_Chale,Chidzamba_cha_mekka,Chidzamba_cha_mekka,Scarinae,880
Malindi-Chale,Kenya,2006,Tiwi-Chale,Open access,Diani_Chale,Chidzamba_cha_mekka,Chidzamba_cha_mekka,Scarinae,520
Malindi-Chale,Kenya,2001,Tiwi-Chale,Open access,Diani_Chale,Chidzamba_cha_mekka,Chidzamba_cha_mekka,Epinephelidae,13
Malindi-Chale,Kenya,2001,Tiwi-Chale,Open access,Diani_Chale,Chidzamba_cha_mtsangani,Chidzamba_cha_mtsangani,Scarinae,53
Malindi-Chale,Kenya,2002,Tiwi-Chale,Open access,Diani_Chale,Chidzamba_cha_mwambogoya,Chidzamba_cha_mwambogoya,Scarinae,13
Malindi-Chale,Kenya,2003,Tiwi-Chale,Open access,Diani_Chale,Chidzamba_cha_mwambogoya,Chidzamba_cha_mwambogoya,Scarinae,53
Malindi-Chale,Kenya,2004,Tiwi-Chale,Open access,Diani_Chale,Chidzamba_cha_mwambogoya,Chidzamba_cha_mwambogoya,Scarinae,67
Malindi-Chale,Kenya,2005,Tiwi-Chale,Open access,Diani_Chale,Chidzamba_cha_mwambogoya,Chidzamba_cha_mwambogoya,Scarinae,360
Malindi-Chale,Kenya,2006,Tiwi-Chale,Open access,Diani_Chale,Chidzamba_cha_mwambogoya,Chidzamba_cha_mwambogoya,Scarinae,507
Malindi-Chale,Kenya,2002,Tiwi-Chale,Open access,Diani_Chale,Chilirani,Chilirani,Scarinae,320
Malindi-Chale,Kenya,2005,Tiwi-Chale,Open access,Diani_Chale,Doa_la_maweni,Doa_la_maweni,Scarinae,160
Malindi-Chale,Kenya,2006,Tiwi-Chale,Open access,Diani_Chale,Doa_la_maweni,Doa_la_maweni,Scarinae,53
Malindi-Chale,Kenya,2005,Tiwi-Chale,Open access,Diani_Chale,Doa_la_msusa,Doa_la_msusa,Scarinae,13
Malindi-Chale,Kenya,2006,Tiwi-Chale,Open access,Diani_Chale,Doa_la_msusa,Doa_la_msusa,Scarinae,27
Malindi-Chale,Kenya,2001,Tiwi-Chale,Open access,Diani_Chale,Gaani,Gaani,Scarinae,707
Malindi-Chale,Kenya,2003,Tiwi-Chale,Open access,Diani_Chale,Gaani,Gaani,Scarinae,27
Malindi-Chale,Kenya,2001,Tiwi-Chale,Open access,Diani_Chale,Guruti_ya_pappilloni,Guruti_ya_pappilloni,Scarinae,53
Malindi-Chale,Kenya,2001,Tiwi-Chale,Open access,Diani_Chale,Guruti_ya_pappilloni,Guruti_ya_pappilloni,Epinephelidae,13
Malindi-Chale,Kenya,2001,Tiwi-Chale,Open access,Diani_Chale,Hungani,Hungani,Scarinae,93
Malindi-Chale,Kenya,2005,Tiwi-Chale,Open access,Diani_Chale,Jambe,Jambe,Scarinae,133
Malindi-Chale,Kenya,2006,Tiwi-Chale,Open access,Diani_Chale,Jambe,Jambe,Scarinae,53
Malindi-Chale,Kenya,2002,Tiwi-Chale,Open access,Diani_Chale,Kibororiani,Kibororiani,Scarinae,60
Malindi-Chale,Kenya,2002,Tiwi-Chale,Open access,Diani_Chale,Kibororiani,Kibororiani,Epinephelidae,10
Malindi-Chale,Kenya,2001,Tiwi-Chale,Open access,Diani_Chale,Komeo_la_Mwananyamala,Komeo_la_Mwananyamala,Scarinae,80
Malindi-Chale,Kenya,2001,Tiwi-Chale,Open access,Diani_Chale,Konodzuru,Konodzuru,Scarinae,227
Malindi-Chale,Kenya,2001,Tiwi-Chale,Open access,Diani_Chale,Ligagana,Ligagana,Scarinae,280
Malindi-Chale,Kenya,2003,Tiwi-Chale,Open access,Diani_Chale,Ligagana,Ligagana,Scarinae,533
Malindi-Chale,Kenya,2004,Tiwi-Chale,Open access,Diani_Chale,Ligagana,Ligagana,Scarinae,200
Malindi-Chale,Kenya,2005,Tiwi-Chale,Open access,Diani_Chale,Ligagana,Ligagana,Scarinae,253
Malindi-Chale,Kenya,2006,Tiwi-Chale,Open access,Diani_Chale,Ligagana,Ligagana,Scarinae,547
Malindi-Chale,Kenya,2001,Tiwi-Chale,Open access,Diani_Chale,Limwinyumwinyu,Limwinyumwinyu,Scarinae,307
Malindi-Chale,Kenya,2002,Tiwi-Chale,Open access,Diani_Chale,Limwinyumwinyu,Limwinyumwinyu,Scarinae,267
Malindi-Chale,Kenya,2003,Tiwi-Chale,Open access,Diani_Chale,Limwinyumwinyu,Limwinyumwinyu,Scarinae,80
Malindi-Chale,Kenya,2004,Tiwi-Chale,Open access,Diani_Chale,Limwinyumwinyu,Limwinyumwinyu,Scarinae,67
Malindi-Chale,Kenya,2005,Tiwi-Chale,Open access,Diani_Chale,Limwinyumwinyu,Limwinyumwinyu,Scarinae,40
Malindi-Chale,Kenya,2006,Tiwi-Chale,Open access,Diani_Chale,Limwinyumwinyu,Limwinyumwinyu,Scarinae,787
Malindi-Chale,Kenya,2001,Tiwi-Chale,Open access,Diani_Chale,Makonde,Makonde,Scarinae,13
Malindi-Chale,Kenya,2003,Tiwi-Chale,Open access,Diani_Chale,Makonde,Makonde,Scarinae,187
Malindi-Chale,Kenya,2004,Tiwi-Chale,Open access,Diani_Chale,Makonde,Makonde,Scarinae,120
Malindi-Chale,Kenya,2005,Tiwi-Chale,Open access,Diani_Chale,Makonde,Makonde,Scarinae,693
Malindi-Chale,Kenya,2006,Tiwi-Chale,Open access,Diani_Chale,Makonde,Makonde,Scarinae,147
Malindi-Chale,Kenya,2001,Tiwi-Chale,Open access,Diani_Chale,Makonde,Makonde,Epinephelidae,40
Malindi-Chale,Kenya,2002,Tiwi-Chale,Open access,Diani_Chale,Malubwi,Malubwi,Scarinae,67
Malindi-Chale,Kenya,2002,Tiwi-Chale,Open access,Diani_Chale,Malubwi,Malubwi,Epinephelidae,13
Malindi-Chale,Kenya,2001,Tiwi-Chale,Open access,Diani_Chale,Masikati,Masikati,Scarinae,67
Malindi-Chale,Kenya,2001,Tiwi-Chale,Open access,Diani_Chale,Mchingamo_mwadudu,Mchingamo_mwadudu,Scarinae,40
Malindi-Chale,Kenya,2004,Tiwi-Chale,Open access,Diani_Chale,Mchingamo_mwadudu,Mchingamo_mwadudu,Scarinae,13
Malindi-Chale,Kenya,2005,Tiwi-Chale,Open access,Diani_Chale,Mchingamo_mwadudu,Mchingamo_mwadudu,Scarinae,547
Malindi-Chale,Kenya,2006,Tiwi-Chale,Open access,Diani_Chale,Mchingamo_mwadudu,Mchingamo_mwadudu,Epinephelidae,13
Malindi-Chale,Kenya,2005,Tiwi-Chale,Open access,Diani_Chale,Mkingamo_gazi,Mkingamo_gazi,Scarinae,800
Malindi-Chale,Kenya,2006,Tiwi-Chale,Open access,Diani_Chale,Mkingamo_gazi,Mkingamo_gazi,Scarinae,587
Malindi-Chale,Kenya,2001,Tiwi-Chale,Open access,Diani_Chale,Mkono_wa_gutu,Mkono_wa_gutu,Scarinae,133
Malindi-Chale,Kenya,2002,Tiwi-Chale,Open access,Diani_Chale,Mkono_wa_gutu,Mkono_wa_gutu,Scarinae,53
Malindi-Chale,Kenya,2001,Tiwi-Chale,Open access,Diani_Chale,Mtengo,Mtengo,Scarinae,227
Malindi-Chale,Kenya,2002,Tiwi-Chale,Open access,Diani_Chale,Mtengo,Mtengo,Scarinae,230
Malindi-Chale,Kenya,2003,Tiwi-Chale,Open access,Diani_Chale,Mtengo,Mtengo,Scarinae,147
Malindi-Chale,Kenya,2004,Tiwi-Chale,Open access,Diani_Chale,Mtengo,Mtengo,Scarinae,160
Malindi-Chale,Kenya,2005,Tiwi-Chale,Open access,Diani_Chale,Mtengo,Mtengo,Scarinae,27
Malindi-Chale,Kenya,2006,Tiwi-Chale,Open access,Diani_Chale,Mtengo,Mtengo,Scarinae,280
Malindi-Chale,Kenya,2001,Tiwi-Chale,Open access,Diani_Chale,Mwagogo,Mwagogo,Scarinae,280
Malindi-Chale,Kenya,2005,Tiwi-Chale,Open access,Diani_Chale,Mwagogo,Mwagogo,Scarinae,27
Malindi-Chale,Kenya,2006,Tiwi-Chale,Open access,Diani_Chale,Mwagogo,Mwagogo,Scarinae,80
Malindi-Chale,Kenya,2001,Tiwi-Chale,Open access,Diani_Chale,Mwamba_mkubwa,Mwamba_mkubwa,Scarinae,107
Malindi-Chale,Kenya,2005,Tiwi-Chale,Open access,Diani_Chale,Mwamba_mkubwa,Mwamba_mkubwa,Scarinae,53
Malindi-Chale,Kenya,2001,Tiwi-Chale,Open access,Diani_Chale,Mwamba_wa_Chala,Mwamba_wa_Chala,Scarinae,173
Malindi-Chale,Kenya,2003,Tiwi-Chale,Open access,Diani_Chale,Mwamba_wa_Chala,Mwamba_wa_Chala,Scarinae,173
Malindi-Chale,Kenya,2004,Tiwi-Chale,Open access,Diani_Chale,Mwamba_wa_Chala,Mwamba_wa_Chala,Scarinae,400
Malindi-Chale,Kenya,2005,Tiwi-Chale,Open access,Diani_Chale,Mwamba_wa_Chala,Mwamba_wa_Chala,Scarinae,27
Malindi-Chale,Kenya,2006,Tiwi-Chale,Open access,Diani_Chale,Mwamba_wa_Chala,Mwamba_wa_Chala,Scarinae,53
Malindi-Chale,Kenya,2002,Tiwi-Chale,Open access,Diani_Chale,Mwamba_wa_Chala,Mwamba_wa_Chala,Epinephelidae,13
Malindi-Chale,Kenya,2006,Tiwi-Chale,Open access,Diani_Chale,Mwamba_wa_Chala,Mwamba_wa_Chala,Scarinae,80
Malindi-Chale,Kenya,2001,Tiwi-Chale,Open access,Diani_Chale,Mwamba_wa_Mwatajiri,Mwamba_wa_Mwatajiri,Scarinae,533
Malindi-Chale,Kenya,2002,Tiwi-Chale,Open access,Diani_Chale,Mwamba_wa_Mwatajiri,Mwamba_wa_Mwatajiri,Scarinae,13
Malindi-Chale,Kenya,2003,Tiwi-Chale,Open access,Diani_Chale,Mwamba_wa_Mwatajiri,Mwamba_wa_Mwatajiri,Scarinae,40
Malindi-Chale,Kenya,2004,Tiwi-Chale,Open access,Diani_Chale,Mwamba_wa_Mwatajiri,Mwamba_wa_Mwatajiri,Scarinae,67
Malindi-Chale,Kenya,2005,Tiwi-Chale,Open access,Diani_Chale,Mwamba_wa_Mwatajiri,Mwamba_wa_Mwatajiri,Scarinae,573
Malindi-Chale,Kenya,2006,Tiwi-Chale,Open access,Diani_Chale,Mwamba_wa_Mwatajiri,Mwamba_wa_Mwatajiri,Scarinae,40
Malindi-Chale,Kenya,2001,Tiwi-Chale,Open access,Diani_Chale,Mwamba_wa_Rashidi,Mwamba_wa_Rashidi,Scarinae,67
Malindi-Chale,Kenya,2002,Tiwi-Chale,Open access,Diani_Chale,Mwamba_wa_Rashidi,Mwamba_wa_Rashidi,Scarinae,213
Malindi-Chale,Kenya,2003,Tiwi-Chale,Open access,Diani_Chale,Mwamba_wa_Rashidi,Mwamba_wa_Rashidi,Scarinae,53
Malindi-Chale,Kenya,2004,Tiwi-Chale,Open access,Diani_Chale,Mwamba_wa_Rashidi,Mwamba_wa_Rashidi,Scarinae,360
Malindi-Chale,Kenya,2005,Tiwi-Chale,Open access,Diani_Chale,Mwamba_wa_Rashidi,Mwamba_wa_Rashidi,Scarinae,13
Malindi-Chale,Kenya,2006,Tiwi-Chale,Open access,Diani_Chale,Mwamba_wa_Rashidi,Mwamba_wa_Rashidi,Scarinae,520
Malindi-Chale,Kenya,2003,Tiwi-Chale,Open access,Diani_Chale,Mwanadzinani,Mwanadzinani,Scarinae,67
Malindi-Chale,Kenya,2004,Tiwi-Chale,Open access,Diani_Chale,Mwanadzinani,Mwanadzinani,Scarinae,67
Malindi-Chale,Kenya,2005,Tiwi-Chale,Open access,Diani_Chale,Mwanadzinani,Mwanadzinani,Scarinae,80
Malindi-Chale,Kenya,2006,Tiwi-Chale,Open access,Diani_Chale,Mwanadzinani,Mwanadzinani,Scarinae,80
Malindi-Chale,Kenya,2002,Tiwi-Chale,Open access,Diani_Chale,Mwanadzinani,Mwanadzinani,Epinephelidae,40
Malindi-Chale,Kenya,2005,Tiwi-Chale,Open access,Diani_Chale,Mwanadzinani,Mwanadzinani,Epinephelidae,13
Malindi-Chale,Kenya,2001,Tiwi-Chale,Open access,Diani_Chale,Mwananyamala,Mwananyamala,Scarinae,53
Malindi-Chale,Kenya,2002,Tiwi-Chale,Open access,Diani_Chale,Mwanyundo,Mwanyundo,Scarinae,67
Malindi-Chale,Kenya,2003,Tiwi-Chale,Open access,Diani_Chale,Mwanyundo,Mwanyundo,Scarinae,320
Malindi-Chale,Kenya,2004,Tiwi-Chale,Open access,Diani_Chale,Mwanyundo,Mwanyundo,Scarinae,360
Malindi-Chale,Kenya,2005,Tiwi-Chale,Open access,Diani_Chale,Mwanyundo,Mwanyundo,Scarinae,133
Malindi-Chale,Kenya,2005,Tiwi-Chale,Open access,Diani_Chale,Mwanyundo,Mwanyundo,Scarinae,40
Malindi-Chale,Kenya,2006,Tiwi-Chale,Open access,Diani_Chale,Mwanyundo,Mwanyundo,Scarinae,213
Malindi-Chale,Kenya,2001,Tiwi-Chale,Open access,Diani_Chale,Mwaromba,Mwaromba,Scarinae,280
Malindi-Chale,Kenya,2003,Tiwi-Chale,Open access,Diani_Chale,Mwaromba,Mwaromba,Scarinae,133
Malindi-Chale,Kenya,2004,Tiwi-Chale,Open access,Diani_Chale,Mwaromba,Mwaromba,Scarinae,160
Malindi-Chale,Kenya,2005,Tiwi-Chale,Open access,Diani_Chale,Mwaromba,Mwaromba,Scarinae,733
Malindi-Chale,Kenya,2006,Tiwi-Chale,Open access,Diani_Chale,Mwaromba,Mwaromba,Scarinae,147
Malindi-Chale,Kenya,2006,Tiwi-Chale,Open access,Diani_Chale,Mwaromba,Mwaromba,Scarinae,40
Malindi-Chale,Kenya,2003,Tiwi-Chale,Open access,Diani_Chale,Mwaromba,Mwaromba,Epinephelidae,40
Malindi-Chale,Kenya,2005,Tiwi-Chale,Open access,Diani_Chale,Mzima,Mzima,Scarinae,440
Malindi-Chale,Kenya,2002,Tiwi-Chale,Open access,Diani_Chale,Nguma,Nguma,Scarinae,360
Malindi-Chale,Kenya,2003,Tiwi-Chale,Open access,Diani_Chale,Nguma,Nguma,Scarinae,267
Malindi-Chale,Kenya,2004,Tiwi-Chale,Open access,Diani_Chale,Nguma,Nguma,Scarinae,53
Malindi-Chale,Kenya,2005,Tiwi-Chale,Open access,Diani_Chale,Nguma,Nguma,Scarinae,53
Malindi-Chale,Kenya,2006,Tiwi-Chale,Open access,Diani_Chale,Nguma,Nguma,Scarinae,640
Malindi-Chale,Kenya,2002,Tiwi-Chale,Open access,Diani_Chale,Nguma,Nguma,Epinephelidae,20
Malindi-Chale,Kenya,2005,Tiwi-Chale,Open access,Diani_Chale,Ngunguluni,Ngunguluni,Scarinae,200
Malindi-Chale,Kenya,2001,Tiwi-Chale,Open access,Diani_Chale,Njau,Njau,Scarinae,213
Malindi-Chale,Kenya,2005,Tiwi-Chale,Open access,Diani_Chale,Njau,Njau,Scarinae,53
Malindi-Chale,Kenya,2006,Tiwi-Chale,Open access,Diani_Chale,Njau,Njau,Scarinae,80
Malindi-Chale,Kenya,2001,Tiwi-Chale,Open access,Diani_Chale,Seacrest_lagoon,Seacrest_lagoon,Scarinae,27
Malindi-Chale,Kenya,2005,Tiwi-Chale,Open access,Diani_Chale,Shimo_la_chitsanga,Shimo_la_chitsanga,Scarinae,147
Malindi-Chale,Kenya,2002,Tiwi-Chale,Open access,Diani_Chale,shimo_la_mlango,shimo_la_mlango,Scarinae,27
Malindi-Chale,Kenya,2003,Tiwi-Chale,Open access,Diani_Chale,shimo_la_mlango,shimo_la_mlango,Scarinae,267
Malindi-Chale,Kenya,2004,Tiwi-Chale,Open access,Diani_Chale,shimo_la_mlango,shimo_la_mlango,Scarinae,107
Malindi-Chale,Kenya,2005,Tiwi-Chale,Open access,Diani_Chale,shimo_la_mlango,shimo_la_mlango,Scarinae,53
Malindi-Chale,Kenya,2003,Tiwi-Chale,Open access,Diani_Chale,Tsipitali,Tsipitali,Scarinae,627
Malindi-Chale,Kenya,2004,Tiwi-Chale,Open access,Diani_Chale,Tsipitali,Tsipitali,Scarinae,240
Malindi-Chale,Kenya,2005,Tiwi-Chale,Open access,Diani_Chale,Tsipitali,Tsipitali,Scarinae,133
Malindi-Chale,Kenya,2005,Tiwi-Chale,Open access,Diani_Chale,Tsipitali,Tsipitali,Scarinae,27
Malindi-Chale,Kenya,2006,Tiwi-Chale,Open access,Diani_Chale,Tsipitali,Tsipitali,Scarinae,147
Malindi-Chale,Kenya,2001,Tiwi-Chale,Open access,Diani_Chale,Vidzyani,Vidzyani,Scarinae,40
Kiunga-Lamu,Kenya,2001,Kiunga-Lamu,Reserve,Kiunga_MNR,Ashwei,Ashwei,Scarinae,333
Kiunga-Lamu,Kenya,2002,Kiunga-Lamu,Reserve,Kiunga_MNR,Ashwei,Ashwei,Scarinae,256
Kiunga-Lamu,Kenya,1999,Kiunga-Lamu,Reserve,Kiunga_MNR,Bomani,Bomani,Scarinae,160
Kiunga-Lamu,Kenya,2000,Kiunga-Lamu,Reserve,Kiunga_MNR,Bomani,Bomani,Scarinae,71
Kiunga-Lamu,Kenya,2001,Kiunga-Lamu,Reserve,Kiunga_MNR,Bomani,Bomani,Scarinae,747
Kiunga-Lamu,Kenya,2002,Kiunga-Lamu,Reserve,Kiunga_MNR,Bomani,Bomani,Scarinae,504
Kiunga-Lamu,Kenya,2004,Kiunga-Lamu,Reserve,Kiunga_MNR,Bomani,Bomani,Scarinae,457
Kiunga-Lamu,Kenya,2005,Kiunga-Lamu,Reserve,Kiunga_MNR,Bomani,Bomani,Scarinae,1114
Kiunga-Lamu,Kenya,2006,Kiunga-Lamu,Reserve,Kiunga_MNR,Bomani,Bomani,Scarinae,160
Kiunga-Lamu,Kenya,2007,Kiunga-Lamu,Reserve,Kiunga_MNR,Bomani,Bomani,Scarinae,2430
Kiunga-Lamu,Kenya,2008,Kiunga-Lamu,Reserve,Kiunga_MNR,Bomani,Bomani,Scarinae,1640
Kiunga-Lamu,Kenya,2000,Kiunga-Lamu,Reserve,Kiunga_MNR,Bomani,Bomani,Epinephelidae,18
Kiunga-Lamu,Kenya,2001,Kiunga-Lamu,Reserve,Kiunga_MNR,Bomani,Bomani,Epinephelidae,147
Kiunga-Lamu,Kenya,2004,Kiunga-Lamu,Reserve,Kiunga_MNR,Bomani,Bomani,Epinephelidae,6
Kiunga-Lamu,Kenya,2005,Kiunga-Lamu,Reserve,Kiunga_MNR,Bomani,Bomani,Epinephelidae,6
Kiunga-Lamu,Kenya,2006,Kiunga-Lamu,Reserve,Kiunga_MNR,Bomani,Bomani,Epinephelidae,13
Kiunga-Lamu,Kenya,2007,Kiunga-Lamu,Reserve,Kiunga_MNR,Bomani,Bomani,Epinephelidae,110
Kiunga-Lamu,Kenya,2008,Kiunga-Lamu,Reserve,Kiunga_MNR,Bomani,Bomani,Epinephelidae,1120
Kiunga-Lamu,Kenya,1999,Kiunga-Lamu,Reserve,Kiunga_MNR,Boso,Ch._Boso,Scarinae,331
Kiunga-Lamu,Kenya,2000,Kiunga-Lamu,Reserve,Kiunga_MNR,Boso,Ch._Boso,Scarinae,223
Kiunga-Lamu,Kenya,2001,Kiunga-Lamu,Reserve,Kiunga_MNR,Boso,Ch._Boso,Scarinae,825
Kiunga-Lamu,Kenya,2002,Kiunga-Lamu,Reserve,Kiunga_MNR,Boso,Ch._Boso,Scarinae,1203
Kiunga-Lamu,Kenya,2003,Kiunga-Lamu,Reserve,Kiunga_MNR,Boso,Ch._Boso,Scarinae,311
Kiunga-Lamu,Kenya,2004,Kiunga-Lamu,Reserve,Kiunga_MNR,Boso,Ch._Boso,Scarinae,145
Kiunga-Lamu,Kenya,2005,Kiunga-Lamu,Reserve,Kiunga_MNR,Boso,Ch._Boso,Scarinae,445
Kiunga-Lamu,Kenya,2006,Kiunga-Lamu,Reserve,Kiunga_MNR,Boso,Ch._Boso,Scarinae,2230
Kiunga-Lamu,Kenya,2007,Kiunga-Lamu,Reserve,Kiunga_MNR,Boso,Ch._Boso,Scarinae,1535
Kiunga-Lamu,Kenya,2008,Kiunga-Lamu,Reserve,Kiunga_MNR,Boso,Ch._Boso,Scarinae,907
Kiunga-Lamu,Kenya,2008,Kiunga-Lamu,Reserve,Kiunga_MNR,Boso,Ch._Boso,Epinephelidae,120
Kiunga-Lamu,Kenya,2000,Kiunga-Lamu,Reserve,Kiunga_MNR,Boso,Ch._Boso,Epinephelidae,13
Kiunga-Lamu,Kenya,2001,Kiunga-Lamu,Reserve,Kiunga_MNR,Boso,Ch._Boso,Epinephelidae,5
Kiunga-Lamu,Kenya,2002,Kiunga-Lamu,Reserve,Kiunga_MNR,Boso,Ch._Boso,Epinephelidae,47
Kiunga-Lamu,Kenya,2004,Kiunga-Lamu,Reserve,Kiunga_MNR,Boso,Ch._Boso,Epinephelidae,5
Kiunga-Lamu,Kenya,2005,Kiunga-Lamu,Reserve,Kiunga_MNR,Boso,Ch._Boso,Epinephelidae,80
Kiunga-Lamu,Kenya,2006,Kiunga-Lamu,Reserve,Kiunga_MNR,Boso,Ch._Boso,Epinephelidae,45
Kiunga-Lamu,Kenya,2007,Kiunga-Lamu,Reserve,Kiunga_MNR,Boso,Ch._Boso,Epinephelidae,50
Kiunga-Lamu,Kenya,2008,Kiunga-Lamu,Reserve,Kiunga_MNR,Boso,Ch._Boso,Epinephelidae,387
Kiunga-Lamu,Kenya,2002,Kiunga-Lamu,Reserve,Kiunga_MNR,Ch._Boso,Ch._Boso,Scarinae,13
Kiunga-Lamu,Kenya,2005,Kiunga-Lamu,Reserve,Kiunga_MNR,Ch._Boso,Ch._Boso,Scarinae,733
Kiunga-Lamu,Kenya,2006,Kiunga-Lamu,Reserve,Kiunga_MNR,Ch._Boso,Ch._Boso,Scarinae,90
Kiunga-Lamu,Kenya,2007,Kiunga-Lamu,Reserve,Kiunga_MNR,Ch._Boso,Ch._Boso,Scarinae,40
Kiunga-Lamu,Kenya,2008,Kiunga-Lamu,Reserve,Kiunga_MNR,Ch._Boso,Ch._Boso,Scarinae,147
Kiunga-Lamu,Kenya,2008,Kiunga-Lamu,Reserve,Kiunga_MNR,Ch._Boso,Ch._Boso,Epinephelidae,80
Kiunga-Lamu,Kenya,2001,Kiunga-Lamu,Reserve,Kiunga_MNR,Ch._Boso,Ch._Boso,Epinephelidae,80
Kiunga-Lamu,Kenya,2002,Kiunga-Lamu,Reserve,Kiunga_MNR,Ch._Boso,Ch._Boso,Epinephelidae,173
Kiunga-Lamu,Kenya,2004,Kiunga-Lamu,Reserve,Kiunga_MNR,Ch._Boso,Ch._Boso,Epinephelidae,93
Kiunga-Lamu,Kenya,2005,Kiunga-Lamu,Reserve,Kiunga_MNR,Ch._Boso,Ch._Boso,Epinephelidae,120
Kiunga-Lamu,Kenya,2007,Kiunga-Lamu,Reserve,Kiunga_MNR,Ch._Boso,Ch._Boso,Epinephelidae,160
Kiunga-Lamu,Kenya,1999,Kiunga-Lamu,Reserve,Kiunga_MNR,Ch.Chano,Ch.Chano,Scarinae,587
Kiunga-Lamu,Kenya,2000,Kiunga-Lamu,Reserve,Kiunga_MNR,Ch.Chano,Ch.Chano,Scarinae,100
Kiunga-Lamu,Kenya,2001,Kiunga-Lamu,Reserve,Kiunga_MNR,Ch.Chano,Ch.Chano,Scarinae,67
Kiunga-Lamu,Kenya,2002,Kiunga-Lamu,Reserve,Kiunga_MNR,Ch.Chano,Ch.Chano,Scarinae,275
Kiunga-Lamu,Kenya,2005,Kiunga-Lamu,Reserve,Kiunga_MNR,Ch.Chano,Ch.Chano,Scarinae,67
Kiunga-Lamu,Kenya,2006,Kiunga-Lamu,Reserve,Kiunga_MNR,Ch.Chano,Ch.Chano,Scarinae,227
Kiunga-Lamu,Kenya,1999,Kiunga-Lamu,Reserve,Kiunga_MNR,Ch.Chano,Ch.Chano,Epinephelidae,147
Kiunga-Lamu,Kenya,2000,Kiunga-Lamu,Reserve,Kiunga_MNR,Ch.Chano,Ch.Chano,Epinephelidae,70
Kiunga-Lamu,Kenya,2001,Kiunga-Lamu,Reserve,Kiunga_MNR,Ch.Chano,Ch.Chano,Epinephelidae,53
Kiunga-Lamu,Kenya,2002,Kiunga-Lamu,Reserve,Kiunga_MNR,Ch.Chano,Ch.Chano,Epinephelidae,15
Kiunga-Lamu,Kenya,2004,Kiunga-Lamu,Reserve,Kiunga_MNR,Ch.Chano,Ch.Chano,Epinephelidae,100
Kiunga-Lamu,Kenya,2005,Kiunga-Lamu,Reserve,Kiunga_MNR,Ch.Chano,Ch.Chano,Epinephelidae,27
Kiunga-Lamu,Kenya,2006,Kiunga-Lamu,Reserve,Kiunga_MNR,Ch.Chano,Ch.Chano,Epinephelidae,107
Kiunga-Lamu,Kenya,2007,Kiunga-Lamu,Reserve,Kiunga_MNR,Ch.Chano,Ch.Chano,Epinephelidae,1333
Kiunga-Lamu,Kenya,1999,Kiunga-Lamu,Reserve,Kiunga_MNR,Ch._Hindi,Ch._Hindi,Scarinae,352
Kiunga-Lamu,Kenya,2001,Kiunga-Lamu,Reserve,Kiunga_MNR,Ch._Hindi,Ch._Hindi,Scarinae,1600
Kiunga-Lamu,Kenya,2006,Kiunga-Lamu,Reserve,Kiunga_MNR,Ch._Hindi,Ch._Hindi,Scarinae,53
Kiunga-Lamu,Kenya,2008,Kiunga-Lamu,Reserve,Kiunga_MNR,Ch._Hindi,Ch._Hindi,Scarinae,10
Kiunga-Lamu,Kenya,2008,Kiunga-Lamu,Reserve,Kiunga_MNR,Ch._Hindi,Ch._Hindi,Epinephelidae,13
Kiunga-Lamu,Kenya,1999,Kiunga-Lamu,Reserve,Kiunga_MNR,Ch._Hindi,Ch._Hindi,Epinephelidae,8
Kiunga-Lamu,Kenya,2001,Kiunga-Lamu,Reserve,Kiunga_MNR,Ch._Hindi,Ch._Hindi,Epinephelidae,120
Kiunga-Lamu,Kenya,2005,Kiunga-Lamu,Reserve,Kiunga_MNR,Ch._Hindi,Ch._Hindi,Epinephelidae,20
Kiunga-Lamu,Kenya,2006,Kiunga-Lamu,Reserve,Kiunga_MNR,Ch._Hindi,Ch._Hindi,Epinephelidae,40
Kiunga-Lamu,Kenya,2008,Kiunga-Lamu,Reserve,Kiunga_MNR,Ch._Hindi,Ch._Hindi,Epinephelidae,10
Kiunga-Lamu,Kenya,2000,Kiunga-Lamu,Reserve,Kiunga_MNR,Ch._Kui,Kui,Epinephelidae,420
Kiunga-Lamu,Kenya,2000,Kiunga-Lamu,Reserve,Kiunga_MNR,Ch._magogoni,Ch._magogoni,Scarinae,200
Kiunga-Lamu,Kenya,2000,Kiunga-Lamu,Reserve,Kiunga_MNR,Ch._magogoni,Ch._magogoni,Epinephelidae,900
Kiunga-Lamu,Kenya,1999,Kiunga-Lamu,Reserve,Kiunga_MNR,Ch._Mongo_Shariff,Ch._Mongo_Shariff,Scarinae,147
Kiunga-Lamu,Kenya,2000,Kiunga-Lamu,Reserve,Kiunga_MNR,Ch._Mongo_Shariff,Ch._Mongo_Shariff,Scarinae,280
Kiunga-Lamu,Kenya,2001,Kiunga-Lamu,Reserve,Kiunga_MNR,Ch._Mongo_Shariff,Ch._Mongo_Shariff,Scarinae,933
Kiunga-Lamu,Kenya,2002,Kiunga-Lamu,Reserve,Kiunga_MNR,Ch._Mongo_Shariff,Ch._Mongo_Shariff,Scarinae,127
Kiunga-Lamu,Kenya,2005,Kiunga-Lamu,Reserve,Kiunga_MNR,Ch._Mongo_Shariff,Ch._Mongo_Shariff,Scarinae,13533
Kiunga-Lamu,Kenya,2006,Kiunga-Lamu,Reserve,Kiunga_MNR,Ch._Mongo_Shariff,Ch._Mongo_Shariff,Scarinae,5440
Kiunga-Lamu,Kenya,2008,Kiunga-Lamu,Reserve,Kiunga_MNR,Ch._Mongo_Shariff,Ch._Mongo_Shariff,Epinephelidae,173
Kiunga-Lamu,Kenya,1999,Kiunga-Lamu,Reserve,Kiunga_MNR,Ch._Mongo_Shariff,Ch._Mongo_Shariff,Epinephelidae,40
Kiunga-Lamu,Kenya,2000,Kiunga-Lamu,Reserve,Kiunga_MNR,Ch._Mongo_Shariff,Ch._Mongo_Shariff,Epinephelidae,450
Kiunga-Lamu,Kenya,2001,Kiunga-Lamu,Reserve,Kiunga_MNR,Ch._Mongo_Shariff,Ch._Mongo_Shariff,Epinephelidae,200
Kiunga-Lamu,Kenya,2002,Kiunga-Lamu,Reserve,Kiunga_MNR,Ch._Mongo_Shariff,Ch._Mongo_Shariff,Epinephelidae,160
Kiunga-Lamu,Kenya,2004,Kiunga-Lamu,Reserve,Kiunga_MNR,Ch._Mongo_Shariff,Ch._Mongo_Shariff,Epinephelidae,300
Kiunga-Lamu,Kenya,2005,Kiunga-Lamu,Reserve,Kiunga_MNR,Ch._Mongo_Shariff,Ch._Mongo_Shariff,Epinephelidae,200
Kiunga-Lamu,Kenya,2006,Kiunga-Lamu,Reserve,Kiunga_MNR,Ch._Mongo_Shariff,Ch._Mongo_Shariff,Epinephelidae,13
Kiunga-Lamu,Kenya,1999,Kiunga-Lamu,Reserve,Kiunga_MNR,Ch._Mvundeni,Ch._Mvundeni,Scarinae,1140
Kiunga-Lamu,Kenya,2002,Kiunga-Lamu,Reserve,Kiunga_MNR,Ch._Mvundeni,Ch._Mvundeni,Scarinae,244
Kiunga-Lamu,Kenya,1999,Kiunga-Lamu,Reserve,Kiunga_MNR,Ch._Mvundeni,Ch._Mvundeni,Epinephelidae,140
Kiunga-Lamu,Kenya,2002,Kiunga-Lamu,Reserve,Kiunga_MNR,Ch._Mvundeni,Ch._Mvundeni,Epinephelidae,89
Kiunga-Lamu,Kenya,2008,Kiunga-Lamu,Reserve,Kiunga_MNR,Ch.Chano,Ch.Chano,Epinephelidae,107
Kiunga-Lamu,Kenya,1999,Kiunga-Lamu,Reserve,Kiunga_MNR,Chole,Chole,Scarinae,110
Kiunga-Lamu,Kenya,2000,Kiunga-Lamu,Reserve,Kiunga_MNR,Chole,Chole,Scarinae,335
Kiunga-Lamu,Kenya,2001,Kiunga-Lamu,Reserve,Kiunga_MNR,Chole,Chole,Scarinae,656
Kiunga-Lamu,Kenya,2002,Kiunga-Lamu,Reserve,Kiunga_MNR,Chole,Chole,Scarinae,553
Kiunga-Lamu,Kenya,2003,Kiunga-Lamu,Reserve,Kiunga_MNR,Chole,Chole,Scarinae,160
Kiunga-Lamu,Kenya,2004,Kiunga-Lamu,Reserve,Kiunga_MNR,Chole,Chole,Scarinae,191
Kiunga-Lamu,Kenya,2005,Kiunga-Lamu,Reserve,Kiunga_MNR,Chole,Chole,Scarinae,4745
Kiunga-Lamu,Kenya,2006,Kiunga-Lamu,Reserve,Kiunga_MNR,Chole,Chole,Scarinae,2011
Kiunga-Lamu,Kenya,2007,Kiunga-Lamu,Reserve,Kiunga_MNR,Chole,Chole,Scarinae,540
Kiunga-Lamu,Kenya,2007,Kiunga-Lamu,Reserve,Kiunga_MNR,Chole,Chole,Scarinae,793
Kiunga-Lamu,Kenya,2008,Kiunga-Lamu,Reserve,Kiunga_MNR,Chole,Chole,Scarinae,240
Kiunga-Lamu,Kenya,2008,Kiunga-Lamu,Reserve,Kiunga_MNR,Chole,Chole,Epinephelidae,120
Kiunga-Lamu,Kenya,1999,Kiunga-Lamu,Reserve,Kiunga_MNR,Chole,Chole,Epinephelidae,10
Kiunga-Lamu,Kenya,2000,Kiunga-Lamu,Reserve,Kiunga_MNR,Chole,Chole,Epinephelidae,20
Kiunga-Lamu,Kenya,2001,Kiunga-Lamu,Reserve,Kiunga_MNR,Chole,Chole,Epinephelidae,144
Kiunga-Lamu,Kenya,2002,Kiunga-Lamu,Reserve,Kiunga_MNR,Chole,Chole,Epinephelidae,3
Kiunga-Lamu,Kenya,2004,Kiunga-Lamu,Reserve,Kiunga_MNR,Chole,Chole,Epinephelidae,9
Kiunga-Lamu,Kenya,2005,Kiunga-Lamu,Reserve,Kiunga_MNR,Chole,Chole,Epinephelidae,274
Kiunga-Lamu,Kenya,2006,Kiunga-Lamu,Reserve,Kiunga_MNR,Chole,Chole,Epinephelidae,6
Kiunga-Lamu,Kenya,2007,Kiunga-Lamu,Reserve,Kiunga_MNR,Chole,Chole,Epinephelidae,40
Kiunga-Lamu,Kenya,2007,Kiunga-Lamu,Reserve,Kiunga_MNR,Chole,Chole,Epinephelidae,33
Kiunga-Lamu,Kenya,2008,Kiunga-Lamu,Reserve,Kiunga_MNR,Chole,Chole,Epinephelidae,173
Kiunga-Lamu,Kenya,2007,Kiunga-Lamu,Reserve,Kiunga_MNR,Chongoni,Chongoni,Scarinae,40
Kiunga-Lamu,Kenya,2007,Kiunga-Lamu,Reserve,Kiunga_MNR,Chongoni,Chongoni,Epinephelidae,200
Kiunga-Lamu,Kenya,2003,Kiunga-Lamu,Reserve,Kiunga_MNR,Ishakani,Ishakani,Scarinae,40
Kiunga-Lamu,Kenya,1999,Kiunga-Lamu,Reserve,Kiunga_MNR,Kadhikia,Kadhikia,Scarinae,690
Kiunga-Lamu,Kenya,2004,Kiunga-Lamu,Reserve,Kiunga_MNR,Kadhikia,Kadhikia,Scarinae,480
Kiunga-Lamu,Kenya,2006,Kiunga-Lamu,Reserve,Kiunga_MNR,Kadhikia,Kadhikia,Scarinae,3515
Kiunga-Lamu,Kenya,1999,Kiunga-Lamu,Reserve,Kiunga_MNR,Kadhikia,Kadhikia,Epinephelidae,60
Kiunga-Lamu,Kenya,2004,Kiunga-Lamu,Reserve,Kiunga_MNR,Kadhikia,Kadhikia,Epinephelidae,1467
Kiunga-Lamu,Kenya,2006,Kiunga-Lamu,Reserve,Kiunga_MNR,Kadhikia,Kadhikia,Epinephelidae,635
Kiunga-Lamu,Kenya,1999,Kiunga-Lamu,Reserve,Kiunga_MNR,Kijiweni,Kijiweni,Scarinae,147
Kiunga-Lamu,Kenya,2001,Kiunga-Lamu,Reserve,Kiunga_MNR,Kijiweni,Kijiweni,Scarinae,747
Kiunga-Lamu,Kenya,2002,Kiunga-Lamu,Reserve,Kiunga_MNR,Kijiweni,Kijiweni,Scarinae,96
Kiunga-Lamu,Kenya,2003,Kiunga-Lamu,Reserve,Kiunga_MNR,Kijiweni,Kijiweni,Scarinae,80
Kiunga-Lamu,Kenya,2004,Kiunga-Lamu,Reserve,Kiunga_MNR,Kijiweni,Kijiweni,Scarinae,96
Kiunga-Lamu,Kenya,2005,Kiunga-Lamu,Reserve,Kiunga_MNR,Kijiweni,Kijiweni,Scarinae,376
Kiunga-Lamu,Kenya,2006,Kiunga-Lamu,Reserve,Kiunga_MNR,Kijiweni,Kijiweni,Scarinae,660
Kiunga-Lamu,Kenya,2007,Kiunga-Lamu,Reserve,Kiunga_MNR,Kijiweni,Kijiweni,Scarinae,5200
Kiunga-Lamu,Kenya,2008,Kiunga-Lamu,Reserve,Kiunga_MNR,Kijiweni,Kijiweni,Scarinae,53
Kiunga-Lamu,Kenya,2005,Kiunga-Lamu,Reserve,Kiunga_MNR,Kijiweni,Kijiweni,Epinephelidae,24
Kiunga-Lamu,Kenya,2006,Kiunga-Lamu,Reserve,Kiunga_MNR,Kijiweni,Kijiweni,Epinephelidae,65
Kiunga-Lamu,Kenya,2007,Kiunga-Lamu,Reserve,Kiunga_MNR,Kijiweni,Kijiweni,Epinephelidae,120
Kiunga-Lamu,Kenya,1999,Kiunga-Lamu,Reserve,Kiunga_MNR,Kishanga,Kishanga,Scarinae,187
Kiunga-Lamu,Kenya,2000,Kiunga-Lamu,Reserve,Kiunga_MNR,Kishanga,Kishanga,Scarinae,747
Kiunga-Lamu,Kenya,2001,Kiunga-Lamu,Reserve,Kiunga_MNR,Kishanga,Kishanga,Scarinae,356
Kiunga-Lamu,Kenya,2002,Kiunga-Lamu,Reserve,Kiunga_MNR,Kishanga,Kishanga,Scarinae,753
Kiunga-Lamu,Kenya,2004,Kiunga-Lamu,Reserve,Kiunga_MNR,Kishanga,Kishanga,Scarinae,147
Kiunga-Lamu,Kenya,2005,Kiunga-Lamu,Reserve,Kiunga_MNR,Kishanga,Kishanga,Scarinae,187
Kiunga-Lamu,Kenya,2006,Kiunga-Lamu,Reserve,Kiunga_MNR,Kishanga,Kishanga,Scarinae,1154
Kiunga-Lamu,Kenya,2007,Kiunga-Lamu,Reserve,Kiunga_MNR,Kishanga,Kishanga,Scarinae,590
Kiunga-Lamu,Kenya,2008,Kiunga-Lamu,Reserve,Kiunga_MNR,Kishanga,Kishanga,Scarinae,293
Kiunga-Lamu,Kenya,1999,Kiunga-Lamu,Reserve,Kiunga_MNR,Kishanga,Kishanga,Epinephelidae,40
Kiunga-Lamu,Kenya,2000,Kiunga-Lamu,Reserve,Kiunga_MNR,Kishanga,Kishanga,Epinephelidae,40
Kiunga-Lamu,Kenya,2001,Kiunga-Lamu,Reserve,Kiunga_MNR,Kishanga,Kishanga,Epinephelidae,4
Kiunga-Lamu,Kenya,2006,Kiunga-Lamu,Reserve,Kiunga_MNR,Kishanga,Kishanga,Epinephelidae,46
Kiunga-Lamu,Kenya,2007,Kiunga-Lamu,Reserve,Kiunga_MNR,Kishanga,Kishanga,Epinephelidae,1080
Kiunga-Lamu,Kenya,2008,Kiunga-Lamu,Reserve,Kiunga_MNR,Kishanga,Kishanga,Epinephelidae,67
Kiunga-Lamu,Kenya,1999,Kiunga-Lamu,Reserve,Kiunga_MNR,Kiungamwini,Kiungamwini,Scarinae,467
Kiunga-Lamu,Kenya,2003,Kiunga-Lamu,Reserve,Kiunga_MNR,Kiwayu_North,Kiwayu,Scarinae,160
Kiunga-Lamu,Kenya,1999,Kiunga-Lamu,Reserve,Kiunga_MNR,Kui,Kui,Scarinae,440
Kiunga-Lamu,Kenya,2000,Kiunga-Lamu,Reserve,Kiunga_MNR,Kui,Kui,Scarinae,333
Kiunga-Lamu,Kenya,2001,Kiunga-Lamu,Reserve,Kiunga_MNR,Kui,Kui,Scarinae,267
Kiunga-Lamu,Kenya,2002,Kiunga-Lamu,Reserve,Kiunga_MNR,Kui,Kui,Scarinae,314
Kiunga-Lamu,Kenya,2003,Kiunga-Lamu,Reserve,Kiunga_MNR,Kui,Kui,Scarinae,113
Kiunga-Lamu,Kenya,2004,Kiunga-Lamu,Reserve,Kiunga_MNR,Kui,Kui,Scarinae,467
Kiunga-Lamu,Kenya,2005,Kiunga-Lamu,Reserve,Kiunga_MNR,Kui,Kui,Scarinae,1686
Kiunga-Lamu,Kenya,2006,Kiunga-Lamu,Reserve,Kiunga_MNR,Kui,Kui,Scarinae,166
Kiunga-Lamu,Kenya,2007,Kiunga-Lamu,Reserve,Kiunga_MNR,Kui,Kui,Scarinae,573
Kiunga-Lamu,Kenya,2008,Kiunga-Lamu,Reserve,Kiunga_MNR,Kui,Kui,Scarinae,2000
Kiunga-Lamu,Kenya,2008,Kiunga-Lamu,Reserve,Kiunga_MNR,Kui,Kui,Epinephelidae,93
Kiunga-Lamu,Kenya,1999,Kiunga-Lamu,Reserve,Kiunga_MNR,Kui,Kui,Epinephelidae,22
Kiunga-Lamu,Kenya,2000,Kiunga-Lamu,Reserve,Kiunga_MNR,Kui,Kui,Epinephelidae,33
Kiunga-Lamu,Kenya,2001,Kiunga-Lamu,Reserve,Kiunga_MNR,Kui,Kui,Epinephelidae,40
Kiunga-Lamu,Kenya,2002,Kiunga-Lamu,Reserve,Kiunga_MNR,Kui,Kui,Epinephelidae,3
Kiunga-Lamu,Kenya,2003,Kiunga-Lamu,Reserve,Kiunga_MNR,Kui,Kui,Epinephelidae,47
Kiunga-Lamu,Kenya,2007,Kiunga-Lamu,Reserve,Kiunga_MNR,Kui,Kui,Epinephelidae,333
Kiunga-Lamu,Kenya,2008,Kiunga-Lamu,Reserve,Kiunga_MNR,Kui,Kui,Epinephelidae,457
Kiunga-Lamu,Kenya,1999,Kiunga-Lamu,Reserve,Kiunga_MNR,Kupi,Kupi,Scarinae,100
Kiunga-Lamu,Kenya,2000,Kiunga-Lamu,Reserve,Kiunga_MNR,Kupi,Kupi,Scarinae,120
Kiunga-Lamu,Kenya,2001,Kiunga-Lamu,Reserve,Kiunga_MNR,Kupi,Kupi,Scarinae,496
Kiunga-Lamu,Kenya,2002,Kiunga-Lamu,Reserve,Kiunga_MNR,Kupi,Kupi,Scarinae,960
Kiunga-Lamu,Kenya,2003,Kiunga-Lamu,Reserve,Kiunga_MNR,Kupi,Kupi,Scarinae,160
Kiunga-Lamu,Kenya,2005,Kiunga-Lamu,Reserve,Kiunga_MNR,Kupi,Kupi,Scarinae,960
Kiunga-Lamu,Kenya,2006,Kiunga-Lamu,Reserve,Kiunga_MNR,Kupi,Kupi,Scarinae,1069
Kiunga-Lamu,Kenya,2006,Kiunga-Lamu,Reserve,Kiunga_MNR,Kupi,Kupi,Scarinae,1431
Kiunga-Lamu,Kenya,2007,Kiunga-Lamu,Reserve,Kiunga_MNR,Kupi,Kupi,Scarinae,9600
Kiunga-Lamu,Kenya,2008,Kiunga-Lamu,Reserve,Kiunga_MNR,Kupi,Kupi,Scarinae,1147
Kiunga-Lamu,Kenya,1999,Kiunga-Lamu,Reserve,Kiunga_MNR,Kupi,Kupi,Epinephelidae,20
Kiunga-Lamu,Kenya,2001,Kiunga-Lamu,Reserve,Kiunga_MNR,Kupi,Kupi,Epinephelidae,56
Kiunga-Lamu,Kenya,2005,Kiunga-Lamu,Reserve,Kiunga_MNR,Kupi,Kupi,Epinephelidae,280
Kiunga-Lamu,Kenya,2006,Kiunga-Lamu,Reserve,Kiunga_MNR,Kupi,Kupi,Epinephelidae,23
Kiunga-Lamu,Kenya,2006,Kiunga-Lamu,Reserve,Kiunga_MNR,Kupi,Kupi,Epinephelidae,169
Kiunga-Lamu,Kenya,2007,Kiunga-Lamu,Reserve,Kiunga_MNR,Kupi,Kupi,Epinephelidae,500
Kiunga-Lamu,Kenya,2008,Kiunga-Lamu,Reserve,Kiunga_MNR,Kupi,Kupi,Epinephelidae,27
Kiunga-Lamu,Kenya,2001,Kiunga-Lamu,Reserve,Kiunga_MNR,Kwa_Mwarabu,Kwa_Mwarabu,Scarinae,67
Kiunga-Lamu,Kenya,2002,Kiunga-Lamu,Reserve,Kiunga_MNR,Kwa_Mwarabu,Kwa_Mwarabu,Scarinae,367
Kiunga-Lamu,Kenya,2003,Kiunga-Lamu,Reserve,Kiunga_MNR,Kwa_Mwarabu,Kwa_Mwarabu,Scarinae,300
Kiunga-Lamu,Kenya,1999,Kiunga-Lamu,Reserve,Kiunga_MNR,Kwa_Radi,Kwa_Radi,Scarinae,400
Kiunga-Lamu,Kenya,2000,Kiunga-Lamu,Reserve,Kiunga_MNR,Kwa_Radi,Kwa_Radi,Scarinae,160
Kiunga-Lamu,Kenya,2001,Kiunga-Lamu,Reserve,Kiunga_MNR,Kwa_Radi,Kwa_Radi,Scarinae,138
Kiunga-Lamu,Kenya,2002,Kiunga-Lamu,Reserve,Kiunga_MNR,Kwa_Radi,Kwa_Radi,Scarinae,280
Kiunga-Lamu,Kenya,2003,Kiunga-Lamu,Reserve,Kiunga_MNR,Kwa_Radi,Kwa_Radi,Scarinae,133
Kiunga-Lamu,Kenya,2004,Kiunga-Lamu,Reserve,Kiunga_MNR,Kwa_Radi,Kwa_Radi,Scarinae,200
Kiunga-Lamu,Kenya,2005,Kiunga-Lamu,Reserve,Kiunga_MNR,Kwa_Radi,Kwa_Radi,Scarinae,200
Kiunga-Lamu,Kenya,2006,Kiunga-Lamu,Reserve,Kiunga_MNR,Kwa_Radi,Kwa_Radi,Scarinae,864
Kiunga-Lamu,Kenya,2007,Kiunga-Lamu,Reserve,Kiunga_MNR,Kwa_Radi,Kwa_Radi,Scarinae,672
Kiunga-Lamu,Kenya,2008,Kiunga-Lamu,Reserve,Kiunga_MNR,Kwa_Radi,Kwa_Radi,Scarinae,74
Kiunga-Lamu,Kenya,1999,Kiunga-Lamu,Reserve,Kiunga_MNR,Kwa_Radi,Kwa_Radi,Epinephelidae,53
Kiunga-Lamu,Kenya,2000,Kiunga-Lamu,Reserve,Kiunga_MNR,Kwa_Radi,Kwa_Radi,Epinephelidae,20
Kiunga-Lamu,Kenya,2001,Kiunga-Lamu,Reserve,Kiunga_MNR,Kwa_Radi,Kwa_Radi,Epinephelidae,9
Kiunga-Lamu,Kenya,2002,Kiunga-Lamu,Reserve,Kiunga_MNR,Kwa_Radi,Kwa_Radi,Epinephelidae,4
Kiunga-Lamu,Kenya,2003,Kiunga-Lamu,Reserve,Kiunga_MNR,Kwa_Radi,Kwa_Radi,Epinephelidae,680
Kiunga-Lamu,Kenya,2004,Kiunga-Lamu,Reserve,Kiunga_MNR,Kwa_Radi,Kwa_Radi,Epinephelidae,24
Kiunga-Lamu,Kenya,2005,Kiunga-Lamu,Reserve,Kiunga_MNR,Kwa_Radi,Kwa_Radi,Epinephelidae,104
Kiunga-Lamu,Kenya,2006,Kiunga-Lamu,Reserve,Kiunga_MNR,Kwa_Radi,Kwa_Radi,Epinephelidae,132
Kiunga-Lamu,Kenya,2007,Kiunga-Lamu,Reserve,Kiunga_MNR,Kwa_Radi,Kwa_Radi,Epinephelidae,108
Kiunga-Lamu,Kenya,2008,Kiunga-Lamu,Reserve,Kiunga_MNR,Kwa_Radi,Kwa_Radi,Epinephelidae,377
Kiunga-Lamu,Kenya,2001,Kiunga-Lamu,Reserve,Kiunga_MNR,Magogoni,Ch._magogoni,Scarinae,1600
Kiunga-Lamu,Kenya,2001,Kiunga-Lamu,Reserve,Kiunga_MNR,Magogoni,Ch._magogoni,Epinephelidae,147
Kiunga-Lamu,Kenya,2001,Kiunga-Lamu,Reserve,Kiunga_MNR,Melini,Melini,Scarinae,40000
Kiunga-Lamu,Kenya,2004,Kiunga-Lamu,Reserve,Kiunga_MNR,Melini,Melini,Scarinae,1000
Kiunga-Lamu,Kenya,2004,Kiunga-Lamu,Reserve,Kiunga_MNR,Melini,Melini,Epinephelidae,130
Kiunga-Lamu,Kenya,1999,Kiunga-Lamu,Reserve,Kiunga_MNR,Mike's_inner,Mikes_inner,Scarinae,86
Kiunga-Lamu,Kenya,2000,Kiunga-Lamu,Reserve,Kiunga_MNR,Mike's_inner,Mikes_inner,Scarinae,104
Kiunga-Lamu,Kenya,2001,Kiunga-Lamu,Reserve,Kiunga_MNR,Mike's_inner,Mikes_inner,Scarinae,40
Kiunga-Lamu,Kenya,2002,Kiunga-Lamu,Reserve,Kiunga_MNR,Mike's_inner,Mikes_inner,Scarinae,249
Kiunga-Lamu,Kenya,2004,Kiunga-Lamu,Reserve,Kiunga_MNR,Mike's_inner,Mikes_inner,Scarinae,28
Kiunga-Lamu,Kenya,2005,Kiunga-Lamu,Reserve,Kiunga_MNR,Mike's_inner,Mikes_inner,Scarinae,18
Kiunga-Lamu,Kenya,2006,Kiunga-Lamu,Reserve,Kiunga_MNR,Mike's_inner,Mikes_inner,Scarinae,73
Kiunga-Lamu,Kenya,2007,Kiunga-Lamu,Reserve,Kiunga_MNR,Mike's_inner,Mikes_inner,Scarinae,230
Kiunga-Lamu,Kenya,2008,Kiunga-Lamu,Reserve,Kiunga_MNR,Mike's_inner,Mikes_inner,Scarinae,396
Kiunga-Lamu,Kenya,2008,Kiunga-Lamu,Reserve,Kiunga_MNR,Mike's_inner,Mikes_inner,Epinephelidae,93
Kiunga-Lamu,Kenya,1999,Kiunga-Lamu,Reserve,Kiunga_MNR,Mike's_inner,Mikes_inner,Epinephelidae,17
Kiunga-Lamu,Kenya,2000,Kiunga-Lamu,Reserve,Kiunga_MNR,Mike's_inner,Mikes_inner,Epinephelidae,16
Kiunga-Lamu,Kenya,2001,Kiunga-Lamu,Reserve,Kiunga_MNR,Mike's_inner,Mikes_inner,Epinephelidae,20
Kiunga-Lamu,Kenya,2002,Kiunga-Lamu,Reserve,Kiunga_MNR,Mike's_inner,Mikes_inner,Epinephelidae,9
Kiunga-Lamu,Kenya,2003,Kiunga-Lamu,Reserve,Kiunga_MNR,Mike's_inner,Mikes_inner,Epinephelidae,33
Kiunga-Lamu,Kenya,2005,Kiunga-Lamu,Reserve,Kiunga_MNR,Mike's_inner,Mikes_inner,Epinephelidae,18
Kiunga-Lamu,Kenya,2006,Kiunga-Lamu,Reserve,Kiunga_MNR,Mike's_inner,Mikes_inner,Epinephelidae,22
Kiunga-Lamu,Kenya,2007,Kiunga-Lamu,Reserve,Kiunga_MNR,Mike's_inner,Mikes_inner,Epinephelidae,15
Kiunga-Lamu,Kenya,2008,Kiunga-Lamu,Reserve,Kiunga_MNR,Mike's_inner,Mikes_inner,Epinephelidae,169
Kiunga-Lamu,Kenya,1999,Kiunga-Lamu,Reserve,Kiunga_MNR,Mike's_outer,Mikes_outer,Scarinae,463
Kiunga-Lamu,Kenya,2000,Kiunga-Lamu,Reserve,Kiunga_MNR,Mike's_outer,Mikes_outer,Scarinae,94
Kiunga-Lamu,Kenya,2001,Kiunga-Lamu,Reserve,Kiunga_MNR,Mike's_outer,Mikes_outer,Scarinae,400
Kiunga-Lamu,Kenya,2002,Kiunga-Lamu,Reserve,Kiunga_MNR,Mike's_outer,Mikes_outer,Scarinae,575
Kiunga-Lamu,Kenya,2004,Kiunga-Lamu,Reserve,Kiunga_MNR,Mike's_outer,Mikes_outer,Scarinae,140
Kiunga-Lamu,Kenya,2005,Kiunga-Lamu,Reserve,Kiunga_MNR,Mike's_outer,Mikes_outer,Scarinae,140
Kiunga-Lamu,Kenya,2006,Kiunga-Lamu,Reserve,Kiunga_MNR,Mike's_outer,Mikes_outer,Scarinae,640
Kiunga-Lamu,Kenya,2007,Kiunga-Lamu,Reserve,Kiunga_MNR,Mike's_outer,Mikes_outer,Scarinae,695
Kiunga-Lamu,Kenya,2008,Kiunga-Lamu,Reserve,Kiunga_MNR,Mike's_outer,Mikes_outer,Scarinae,335
Kiunga-Lamu,Kenya,2008,Kiunga-Lamu,Reserve,Kiunga_MNR,Mike's_outer,Mikes_outer,Epinephelidae,13
Kiunga-Lamu,Kenya,1999,Kiunga-Lamu,Reserve,Kiunga_MNR,Mike's_outer,Mikes_outer,Epinephelidae,10
Kiunga-Lamu,Kenya,2000,Kiunga-Lamu,Reserve,Kiunga_MNR,Mike's_outer,Mikes_outer,Epinephelidae,31
Kiunga-Lamu,Kenya,2002,Kiunga-Lamu,Reserve,Kiunga_MNR,Mike's_outer,Mikes_outer,Epinephelidae,25
Kiunga-Lamu,Kenya,2005,Kiunga-Lamu,Reserve,Kiunga_MNR,Mike's_outer,Mikes_outer,Epinephelidae,7
Kiunga-Lamu,Kenya,2006,Kiunga-Lamu,Reserve,Kiunga_MNR,Mike's_outer,Mikes_outer,Epinephelidae,51
Kiunga-Lamu,Kenya,2007,Kiunga-Lamu,Reserve,Kiunga_MNR,Mike's_outer,Mikes_outer,Epinephelidae,22
Kiunga-Lamu,Kenya,2008,Kiunga-Lamu,Reserve,Kiunga_MNR,Mike's_outer,Mikes_outer,Epinephelidae,110
Kiunga-Lamu,Kenya,2001,Kiunga-Lamu,Reserve,Kiunga_MNR,Mketeni,Mketeni,Scarinae,207
Kiunga-Lamu,Kenya,2001,Kiunga-Lamu,Reserve,Kiunga_MNR,Mketeni,Mketeni,Epinephelidae,7
Kiunga-Lamu,Kenya,1999,Kiunga-Lamu,Reserve,Kiunga_MNR,Mkokoni_Coral_Garden,Mkokoni_Coral_Garden,Scarinae,760
Kiunga-Lamu,Kenya,2000,Kiunga-Lamu,Reserve,Kiunga_MNR,Mkokoni_Coral_Garden,Mkokoni_Coral_Garden,Scarinae,109
Kiunga-Lamu,Kenya,2001,Kiunga-Lamu,Reserve,Kiunga_MNR,Mkokoni_Coral_Garden,Mkokoni_Coral_Garden,Scarinae,270
Kiunga-Lamu,Kenya,2002,Kiunga-Lamu,Reserve,Kiunga_MNR,Mkokoni_Coral_Garden,Mkokoni_Coral_Garden,Scarinae,245
Kiunga-Lamu,Kenya,2005,Kiunga-Lamu,Reserve,Kiunga_MNR,Mkokoni_Coral_Garden,Mkokoni_Coral_Garden,Scarinae,645
Kiunga-Lamu,Kenya,2006,Kiunga-Lamu,Reserve,Kiunga_MNR,Mkokoni_Coral_Garden,Mkokoni_Coral_Garden,Scarinae,680
Kiunga-Lamu,Kenya,2007,Kiunga-Lamu,Reserve,Kiunga_MNR,Mkokoni_Coral_Garden,Mkokoni_Coral_Garden,Scarinae,412
Kiunga-Lamu,Kenya,2008,Kiunga-Lamu,Reserve,Kiunga_MNR,Mkokoni_Coral_Garden,Mkokoni_Coral_Garden,Scarinae,455
Kiunga-Lamu,Kenya,2000,Kiunga-Lamu,Reserve,Kiunga_MNR,Mkokoni_Coral_Garden,Mkokoni_Coral_Garden,Epinephelidae,20
Kiunga-Lamu,Kenya,2001,Kiunga-Lamu,Reserve,Kiunga_MNR,Mkokoni_Coral_Garden,Mkokoni_Coral_Garden,Epinephelidae,10
Kiunga-Lamu,Kenya,2002,Kiunga-Lamu,Reserve,Kiunga_MNR,Mkokoni_Coral_Garden,Mkokoni_Coral_Garden,Epinephelidae,10
Kiunga-Lamu,Kenya,2004,Kiunga-Lamu,Reserve,Kiunga_MNR,Mkokoni_Coral_Garden,Mkokoni_Coral_Garden,Epinephelidae,7
Kiunga-Lamu,Kenya,2005,Kiunga-Lamu,Reserve,Kiunga_MNR,Mkokoni_Coral_Garden,Mkokoni_Coral_Garden,Epinephelidae,10
Kiunga-Lamu,Kenya,2006,Kiunga-Lamu,Reserve,Kiunga_MNR,Mkokoni_Coral_Garden,Mkokoni_Coral_Garden,Epinephelidae,7
Kiunga-Lamu,Kenya,2007,Kiunga-Lamu,Reserve,Kiunga_MNR,Mkokoni_Coral_Garden,Mkokoni_Coral_Garden,Epinephelidae,138
Kiunga-Lamu,Kenya,2008,Kiunga-Lamu,Reserve,Kiunga_MNR,Mkokoni_Coral_Garden,Mkokoni_Coral_Garden,Epinephelidae,157
Kiunga-Lamu,Kenya,1999,Kiunga-Lamu,Reserve,Kiunga_MNR,Ml._Hindi,Ch._Hindi,Scarinae,480
Kiunga-Lamu,Kenya,2000,Kiunga-Lamu,Reserve,Kiunga_MNR,Ml._Hindi,Ch._Hindi,Scarinae,720
Kiunga-Lamu,Kenya,2001,Kiunga-Lamu,Reserve,Kiunga_MNR,Ml._Hindi,Ch._Hindi,Scarinae,189
Kiunga-Lamu,Kenya,2002,Kiunga-Lamu,Reserve,Kiunga_MNR,Ml._Hindi,Ch._Hindi,Scarinae,640
Kiunga-Lamu,Kenya,2006,Kiunga-Lamu,Reserve,Kiunga_MNR,Ml._Hindi,Ch._Hindi,Scarinae,280
Kiunga-Lamu,Kenya,2007,Kiunga-Lamu,Reserve,Kiunga_MNR,Ml._Hindi,Ch._Hindi,Scarinae,1320
Kiunga-Lamu,Kenya,2008,Kiunga-Lamu,Reserve,Kiunga_MNR,Ml._Hindi,Ch._Hindi,Scarinae,107
Kiunga-Lamu,Kenya,2008,Kiunga-Lamu,Reserve,Kiunga_MNR,Ml._Hindi,Ch._Hindi,Epinephelidae,13
Kiunga-Lamu,Kenya,1999,Kiunga-Lamu,Reserve,Kiunga_MNR,Ml._Hindi,Ch._Hindi,Epinephelidae,60
Kiunga-Lamu,Kenya,2000,Kiunga-Lamu,Reserve,Kiunga_MNR,Ml._Hindi,Ch._Hindi,Epinephelidae,27
Kiunga-Lamu,Kenya,2001,Kiunga-Lamu,Reserve,Kiunga_MNR,Ml._Hindi,Ch._Hindi,Epinephelidae,29
Kiunga-Lamu,Kenya,2002,Kiunga-Lamu,Reserve,Kiunga_MNR,Ml._Hindi,Ch._Hindi,Epinephelidae,40
Kiunga-Lamu,Kenya,2005,Kiunga-Lamu,Reserve,Kiunga_MNR,Ml._Hindi,Ch._Hindi,Epinephelidae,140
Kiunga-Lamu,Kenya,2006,Kiunga-Lamu,Reserve,Kiunga_MNR,Ml._Hindi,Ch._Hindi,Epinephelidae,13
Kiunga-Lamu,Kenya,2007,Kiunga-Lamu,Reserve,Kiunga_MNR,Ml._Hindi,Ch._Hindi,Epinephelidae,180
Kiunga-Lamu,Kenya,1999,Kiunga-Lamu,Reserve,Kiunga_MNR,Mlango_Mkuu,Mlango_Mkuu,Scarinae,2960
Kiunga-Lamu,Kenya,2000,Kiunga-Lamu,Reserve,Kiunga_MNR,Mlango_Mkuu,Mlango_Mkuu,Scarinae,100
Kiunga-Lamu,Kenya,2001,Kiunga-Lamu,Reserve,Kiunga_MNR,Mlango_Mkuu,Mlango_Mkuu,Scarinae,504
Kiunga-Lamu,Kenya,1999,Kiunga-Lamu,Reserve,Kiunga_MNR,Mlango_Mkuu,Mlango_Mkuu,Epinephelidae,107
Kiunga-Lamu,Kenya,2001,Kiunga-Lamu,Reserve,Kiunga_MNR,Mlango_Mkuu,Mlango_Mkuu,Epinephelidae,168
Kiunga-Lamu,Kenya,2003,Kiunga-Lamu,Reserve,Kiunga_MNR,Mpupu,Mpupu,Epinephelidae,13
Kiunga-Lamu,Kenya,1999,Kiunga-Lamu,Reserve,Kiunga_MNR,Mw._Mkuu,Mw._Mkuu,Scarinae,720
Kiunga-Lamu,Kenya,2000,Kiunga-Lamu,Reserve,Kiunga_MNR,Mw._Mkuu,Mw._Mkuu,Scarinae,207
Kiunga-Lamu,Kenya,2001,Kiunga-Lamu,Reserve,Kiunga_MNR,Mw._Mkuu,Mw._Mkuu,Scarinae,600
Kiunga-Lamu,Kenya,2002,Kiunga-Lamu,Reserve,Kiunga_MNR,Mw._Mkuu,Mw._Mkuu,Scarinae,65
Kiunga-Lamu,Kenya,2003,Kiunga-Lamu,Reserve,Kiunga_MNR,Mw._Mkuu,Mw._Mkuu,Scarinae,160
Kiunga-Lamu,Kenya,2004,Kiunga-Lamu,Reserve,Kiunga_MNR,Mw._Mkuu,Mw._Mkuu,Scarinae,80
Kiunga-Lamu,Kenya,2005,Kiunga-Lamu,Reserve,Kiunga_MNR,Mw._Mkuu,Mw._Mkuu,Scarinae,80
Kiunga-Lamu,Kenya,2006,Kiunga-Lamu,Reserve,Kiunga_MNR,Mw._Mkuu,Mw._Mkuu,Scarinae,760
Kiunga-Lamu,Kenya,2007,Kiunga-Lamu,Reserve,Kiunga_MNR,Mw._Mkuu,Mw._Mkuu,Scarinae,349
Kiunga-Lamu,Kenya,2008,Kiunga-Lamu,Reserve,Kiunga_MNR,Mw._Mkuu,Mw._Mkuu,Scarinae,248
Kiunga-Lamu,Kenya,2008,Kiunga-Lamu,Reserve,Kiunga_MNR,Mw._Mkuu,Mw._Mkuu,Epinephelidae,67
Kiunga-Lamu,Kenya,1999,Kiunga-Lamu,Reserve,Kiunga_MNR,Mw._Mkuu,Mw._Mkuu,Epinephelidae,120
Kiunga-Lamu,Kenya,2000,Kiunga-Lamu,Reserve,Kiunga_MNR,Mw._Mkuu,Mw._Mkuu,Epinephelidae,7
Kiunga-Lamu,Kenya,2002,Kiunga-Lamu,Reserve,Kiunga_MNR,Mw._Mkuu,Mw._Mkuu,Epinephelidae,10
Kiunga-Lamu,Kenya,2006,Kiunga-Lamu,Reserve,Kiunga_MNR,Mw._Mkuu,Mw._Mkuu,Epinephelidae,149
Kiunga-Lamu,Kenya,2008,Kiunga-Lamu,Reserve,Kiunga_MNR,Mw._Mkuu,Mw._Mkuu,Epinephelidae,40
Kiunga-Lamu,Kenya,2006,Kiunga-Lamu,Reserve,Kiunga_MNR,Rubu_out,Rubu,Scarinae,3486
Kiunga-Lamu,Kenya,2001,Kiunga-Lamu,Reserve,Kiunga_MNR,Shili,Shili,Scarinae,1600
Kiunga-Lamu,Kenya,2002,Kiunga-Lamu,Reserve,Kiunga_MNR,Shili,Shili,Scarinae,347
Kiunga-Lamu,Kenya,2003,Kiunga-Lamu,Reserve,Kiunga_MNR,Shili,Shili,Scarinae,693
Kiunga-Lamu,Kenya,2004,Kiunga-Lamu,Reserve,Kiunga_MNR,Shili,Shili,Scarinae,1036
Kiunga-Lamu,Kenya,2005,Kiunga-Lamu,Reserve,Kiunga_MNR,Shili,Shili,Scarinae,1036
Kiunga-Lamu,Kenya,2006,Kiunga-Lamu,Reserve,Kiunga_MNR,Shili,Shili,Scarinae,508
Kiunga-Lamu,Kenya,2007,Kiunga-Lamu,Reserve,Kiunga_MNR,Shili,Shili,Scarinae,949
Kiunga-Lamu,Kenya,2008,Kiunga-Lamu,Reserve,Kiunga_MNR,Shili,Shili,Scarinae,520
Kiunga-Lamu,Kenya,2002,Kiunga-Lamu,Reserve,Kiunga_MNR,Shili,Shili,Epinephelidae,80
Kiunga-Lamu,Kenya,2004,Kiunga-Lamu,Reserve,Kiunga_MNR,Shili,Shili,Epinephelidae,145
Kiunga-Lamu,Kenya,2005,Kiunga-Lamu,Reserve,Kiunga_MNR,Shili,Shili,Epinephelidae,145
Kiunga-Lamu,Kenya,2007,Kiunga-Lamu,Reserve,Kiunga_MNR,Shili,Shili,Epinephelidae,17
Kiunga-Lamu,Kenya,1999,Kiunga-Lamu,Reserve,Kiunga_MNR,Shimo_la_Tewa,Shimo_la_Tewa,Scarinae,32
Kiunga-Lamu,Kenya,2000,Kiunga-Lamu,Reserve,Kiunga_MNR,Shimo_la_Tewa,Shimo_la_Tewa,Scarinae,76
Kiunga-Lamu,Kenya,2001,Kiunga-Lamu,Reserve,Kiunga_MNR,Shimo_la_Tewa,Shimo_la_Tewa,Scarinae,173
Kiunga-Lamu,Kenya,2002,Kiunga-Lamu,Reserve,Kiunga_MNR,Shimo_la_Tewa,Shimo_la_Tewa,Scarinae,140
Kiunga-Lamu,Kenya,2003,Kiunga-Lamu,Reserve,Kiunga_MNR,Shimo_la_Tewa,Shimo_la_Tewa,Scarinae,267
Kiunga-Lamu,Kenya,2004,Kiunga-Lamu,Reserve,Kiunga_MNR,Shimo_la_Tewa,Shimo_la_Tewa,Scarinae,290
Kiunga-Lamu,Kenya,2005,Kiunga-Lamu,Reserve,Kiunga_MNR,Shimo_la_Tewa,Shimo_la_Tewa,Scarinae,620
Kiunga-Lamu,Kenya,2006,Kiunga-Lamu,Reserve,Kiunga_MNR,Shimo_la_Tewa,Shimo_la_Tewa,Scarinae,893
Kiunga-Lamu,Kenya,2008,Kiunga-Lamu,Reserve,Kiunga_MNR,Shimo_la_Tewa,Shimo_la_Tewa,Scarinae,100
Kiunga-Lamu,Kenya,2008,Kiunga-Lamu,Reserve,Kiunga_MNR,Shimo_la_Tewa,Shimo_la_Tewa,Epinephelidae,13
Kiunga-Lamu,Kenya,2000,Kiunga-Lamu,Reserve,Kiunga_MNR,Shimo_la_Tewa,Shimo_la_Tewa,Epinephelidae,53
Kiunga-Lamu,Kenya,2002,Kiunga-Lamu,Reserve,Kiunga_MNR,Shimo_la_Tewa,Shimo_la_Tewa,Epinephelidae,27
Kiunga-Lamu,Kenya,2006,Kiunga-Lamu,Reserve,Kiunga_MNR,Shimo_la_Tewa,Shimo_la_Tewa,Epinephelidae,67
Kiunga-Lamu,Kenya,2008,Kiunga-Lamu,Reserve,Kiunga_MNR,Shimo_la_Tewa,Shimo_la_Tewa,Epinephelidae,40
Kiunga-Lamu,Kenya,2001,Kiunga-Lamu,Reserve,Kiunga_MNR,Soio,Soio,Scarinae,333
Kiunga-Lamu,Kenya,2002,Kiunga-Lamu,Reserve,Kiunga_MNR,Soio,Soio,Scarinae,618
Kiunga-Lamu,Kenya,2001,Kiunga-Lamu,Reserve,Kiunga_MNR,Soio,Soio,Epinephelidae,120
Kiunga-Lamu,Kenya,2002,Kiunga-Lamu,Reserve,Kiunga_MNR,Soio,Soio,Epinephelidae,18
Kiunga-Lamu,Kenya,2003,Kiunga-Lamu,Open access,Lamu,Baia_Allegra,Baia_Allegra,Scarinae,13667
Kiunga-Lamu,Kenya,2005,Kiunga-Lamu,Open access,Lamu,Baia_Allegra,Baia_Allegra,Scarinae,40
Kiunga-Lamu,Kenya,2005,Kiunga-Lamu,Open access,Lamu,Baia_Allegra,Baia_Allegra,Epinephelidae,13
Kiunga-Lamu,Kenya,2014,Kiunga-Lamu,Open access,Lamu,Iweni,Iweni,Scarinae,400
Kiunga-Lamu,Kenya,2015,Kiunga-Lamu,Open access,Lamu,Iweni,Iweni,Scarinae,67
Kiunga-Lamu,Kenya,2016,Kiunga-Lamu,Open access,Lamu,Iweni,Iweni,Scarinae,600
Kiunga-Lamu,Kenya,2005,Kiunga-Lamu,Open access,Lamu,Iweni,Iweni,Scarinae,347
Kiunga-Lamu,Kenya,2006,Kiunga-Lamu,Open access,Lamu,Iweni,Iweni,Scarinae,680
Kiunga-Lamu,Kenya,2008,Kiunga-Lamu,Open access,Lamu,Iweni,Iweni,Scarinae,400
Kiunga-Lamu,Kenya,2014,Kiunga-Lamu,Open access,Lamu,Iweni,Iweni,Epinephelidae,120
Kiunga-Lamu,Kenya,2016,Kiunga-Lamu,Open access,Lamu,Iweni,Iweni,Epinephelidae,140
Kiunga-Lamu,Kenya,2008,Kiunga-Lamu,Open access,Lamu,Iweni,Iweni,Epinephelidae,160
Kiunga-Lamu,Kenya,2005,Kiunga-Lamu,Open access,Lamu,Iweni,Iweni,Epinephelidae,493
Kiunga-Lamu,Kenya,2006,Kiunga-Lamu,Open access,Lamu,Iweni,Iweni,Epinephelidae,13
Kiunga-Lamu,Kenya,2008,Kiunga-Lamu,Open access,Lamu,Iweni,Iweni,Epinephelidae,120
Kiunga-Lamu,Kenya,2014,Kiunga-Lamu,Open access,Lamu,Kinyika_Inner,Kinyika_inner,Scarinae,227
Kiunga-Lamu,Kenya,2005,Kiunga-Lamu,Open access,Lamu,Kinyika_Inner,Kinyika_inner,Scarinae,13
Kiunga-Lamu,Kenya,2006,Kiunga-Lamu,Open access,Lamu,Kinyika_Inner,Kinyika_inner,Scarinae,227
Kiunga-Lamu,Kenya,2008,Kiunga-Lamu,Open access,Lamu,Kinyika_Inner,Kinyika_inner,Scarinae,227
Kiunga-Lamu,Kenya,2014,Kiunga-Lamu,Open access,Lamu,Kinyika_Inner,Kinyika_inner,Epinephelidae,67
Kiunga-Lamu,Kenya,2008,Kiunga-Lamu,Open access,Lamu,Kinyika_Inner,Kinyika_inner,Epinephelidae,27
Kiunga-Lamu,Kenya,2005,Kiunga-Lamu,Open access,Lamu,Kinyika_Inner,Kinyika_inner,Epinephelidae,67
Kiunga-Lamu,Kenya,2008,Kiunga-Lamu,Open access,Lamu,Kinyika_Inner,Kinyika_inner,Epinephelidae,787
Kiunga-Lamu,Kenya,2006,Kiunga-Lamu,Open access,Lamu,Kinyika_Outer,Kinyika_outer,Scarinae,13
Kiunga-Lamu,Kenya,2014,Kiunga-Lamu,Open access,Lamu,Majongooni,Majongooni,Scarinae,600
Kiunga-Lamu,Kenya,2014,Kiunga-Lamu,Open access,Lamu,Manda-Toto,Manda-Toto,Scarinae,40
Kiunga-Lamu,Kenya,2016,Kiunga-Lamu,Open access,Lamu,Manda-Toto,Manda-Toto,Scarinae,380
Kiunga-Lamu,Kenya,2016,Kiunga-Lamu,Open access,Lamu,Manda-Toto,Manda-Toto,Epinephelidae,20
Kiunga-Lamu,Kenya,2014,Kiunga-Lamu,Open access,Lamu,Mlangoni-Manda,Mlangoni-Manda,Scarinae,40
Kiunga-Lamu,Kenya,2014,Kiunga-Lamu,Open access,Lamu,Mlangoni-Manda,Mlangoni-Manda,Epinephelidae,13
Kiunga-Lamu,Kenya,2006,Kiunga-Lamu,Open access,Lamu,Mw._Kitau,Mw._Kitau,Scarinae,1093
Kiunga-Lamu,Kenya,2008,Kiunga-Lamu,Open access,Lamu,Mw._Kitau,Mw._Kitau,Epinephelidae,13
Kiunga-Lamu,Kenya,2005,Kiunga-Lamu,Open access,Lamu,Mw._Kitau,Mw._Kitau,Epinephelidae,40
Kiunga-Lamu,Kenya,2006,Kiunga-Lamu,Open access,Lamu,Mw._Kitau,Mw._Kitau,Epinephelidae,267
Kiunga-Lamu,Kenya,2008,Kiunga-Lamu,Open access,Lamu,Mw._Kitau,Mw._Kitau,Epinephelidae,40
Kiunga-Lamu,Kenya,2015,Kiunga-Lamu,Open access,Lamu,Mw._Pate,Mw._Pate,Scarinae,53
Kiunga-Lamu,Kenya,2016,Kiunga-Lamu,Open access,Lamu,Mw._Pate,Mw._Pate,Scarinae,3440
Kiunga-Lamu,Kenya,2003,Kiunga-Lamu,Open access,Lamu,Mw._Pate,Mw._Pate,Scarinae,900
Kiunga-Lamu,Kenya,2016,Kiunga-Lamu,Open access,Lamu,Mw._Pate,Mw._Pate,Epinephelidae,40
Kiunga-Lamu,Kenya,2003,Kiunga-Lamu,Open access,Lamu,Mwamba_Nguri,Mwamba_Nguri,Epinephelidae,80
Kiunga-Lamu,Kenya,2014,Kiunga-Lamu,Open access,Lamu,Pezali_Rock,Pezali_Rock,Scarinae,320
Kiunga-Lamu,Kenya,2016,Kiunga-Lamu,Open access,Lamu,Pezali_Rock,Pezali_Rock,Scarinae,1560
Kiunga-Lamu,Kenya,2005,Kiunga-Lamu,Open access,Lamu,Pezali_Rock,Pezali_Rock,Scarinae,1747
Kiunga-Lamu,Kenya,2006,Kiunga-Lamu,Open access,Lamu,Pezali_Rock,Pezali_Rock,Scarinae,1093
Kiunga-Lamu,Kenya,2008,Kiunga-Lamu,Open access,Lamu,Pezali_Rock,Pezali_Rock,Scarinae,320
Kiunga-Lamu,Kenya,2014,Kiunga-Lamu,Open access,Lamu,Pezali_Rock,Pezali_Rock,Epinephelidae,27
Kiunga-Lamu,Kenya,2016,Kiunga-Lamu,Open access,Lamu,Pezali_Rock,Pezali_Rock,Epinephelidae,120
Kiunga-Lamu,Kenya,2008,Kiunga-Lamu,Open access,Lamu,Pezali_Rock,Pezali_Rock,Epinephelidae,80
Kiunga-Lamu,Kenya,2003,Kiunga-Lamu,Open access,Lamu,Pezali_Rock,Pezali_Rock,Epinephelidae,13
Kiunga-Lamu,Kenya,2005,Kiunga-Lamu,Open access,Lamu,Pezali_Rock,Pezali_Rock,Epinephelidae,67
Kiunga-Lamu,Kenya,2006,Kiunga-Lamu,Open access,Lamu,Pezali_Rock,Pezali_Rock,Epinephelidae,120
Kiunga-Lamu,Kenya,2008,Kiunga-Lamu,Open access,Lamu,Pezali_Rock,Pezali_Rock,Epinephelidae,27
Kiunga-Lamu,Kenya,2014,Kiunga-Lamu,Open access,Lamu,Tenewi_North,Tenewi_North,Scarinae,13
Kiunga-Lamu,Kenya,2006,Kiunga-Lamu,Open access,Lamu,Tenewi_North,Tenewi_North,Scarinae,13
Kiunga-Lamu,Kenya,2008,Kiunga-Lamu,Open access,Lamu,Tenewi_North,Tenewi_North,Epinephelidae,40
Kiunga-Lamu,Kenya,2003,Kiunga-Lamu,Open access,Lamu,Tenewi_North,Tenewi_North,Epinephelidae,40
Kiunga-Lamu,Kenya,2014,Kiunga-Lamu,Open access,Lamu,Tenewi_South,Tenewi_South,Scarinae,90
Kiunga-Lamu,Kenya,2015,Kiunga-Lamu,Open access,Lamu,Tenewi_South,Tenewi_South,Scarinae,80
Kiunga-Lamu,Kenya,2016,Kiunga-Lamu,Open access,Lamu,Tenewi_South,Tenewi_South,Scarinae,1640
Kiunga-Lamu,Kenya,2006,Kiunga-Lamu,Open access,Lamu,Tenewi_South,Tenewi_South,Scarinae,90
Kiunga-Lamu,Kenya,2008,Kiunga-Lamu,Open access,Lamu,Tenewi_South,Tenewi_South,Scarinae,33
Kiunga-Lamu,Kenya,2014,Kiunga-Lamu,Open access,Lamu,Tenewi_South,Tenewi_South,Epinephelidae,10
Kiunga-Lamu,Kenya,2016,Kiunga-Lamu,Open access,Lamu,Tenewi_South,Tenewi_South,Epinephelidae,120
Kiunga-Lamu,Kenya,2003,Kiunga-Lamu,Open access,Lamu,Tenewi_South,Tenewi_South,Epinephelidae,27
Kiunga-Lamu,Kenya,2005,Kiunga-Lamu,Open access,Lamu,Tenewi_South,Tenewi_South,Epinephelidae,13
Kiunga-Lamu,Kenya,2006,Kiunga-Lamu,Open access,Lamu,Tenewi_South,Tenewi_South,Epinephelidae,10
Kiunga-Lamu,Kenya,2008,Kiunga-Lamu,Open access,Lamu,Tenewi_South,Tenewi_South,Epinephelidae,27
Kiunga-Lamu,Kenya,2003,Kiunga-Lamu,Open access,Lamu,Zoppa,Zoppa,Scarinae,27
Malindi-Chale,Kenya,2009,Malindi-Watamu,Park,Malindi Marine National Park,Coral_Garden_i,Old_Coral_Garden,Scarinae,207
Malindi-Chale,Kenya,2009,Malindi-Watamu,Park,Malindi Marine National Park,Coral_Garden_i,Old_Coral_Garden,Epinephelidae,20
Malindi-Chale,Kenya,2009,Malindi-Watamu,Park,Malindi Marine National Park,Coral_Garden_ii,New_Coral_Garden,Scarinae,632
Malindi-Chale,Kenya,2009,Malindi-Watamu,Park,Malindi Marine National Park,Coral_Garden_ii,New_Coral_Garden,Epinephelidae,32
Malindi-Chale,Kenya,2015,Malindi-Watamu,Open access,Malindi,Mayungu,Mayungu,Scarinae,53
Malindi-Chale,Kenya,2015,Malindi-Watamu,Open access,Malindi,Mayungu,Mayungu,Scarinae,27
Malindi-Chale,Kenya,2015,Malindi-Watamu,Open access,Malindi,Mayungu,Mayungu,Scarinae,7
Malindi-Chale,Kenya,2015,Malindi-Watamu,Open access,Malindi,Mayungu,Mayungu,Scarinae,167
Malindi-Chale,Kenya,2005,Malindi-Watamu,Open access,Malindi,Mayungu,Mayungu,Scarinae,200
Malindi-Chale,Kenya,2006,Malindi-Watamu,Open access,Malindi,Mayungu,Mayungu,Scarinae,1733
Malindi-Chale,Kenya,2006,Malindi-Watamu,Open access,Malindi,Mayungu,Mayungu,Scarinae,747
Malindi-Chale,Kenya,2007,Malindi-Watamu,Open access,Malindi,Mayungu,Mayungu,Scarinae,90
Malindi-Chale,Kenya,2008,Malindi-Watamu,Open access,Malindi,Mayungu,Mayungu,Scarinae,140
Malindi-Chale,Kenya,2009,Malindi-Watamu,Open access,Malindi,Mayungu,Mayungu,Scarinae,200
Malindi-Chale,Kenya,2010,Malindi-Watamu,Open access,Malindi,Mayungu,Mayungu,Scarinae,307
Malindi-Chale,Kenya,2012,Malindi-Watamu,Open access,Malindi,Mayungu,Mayungu,Scarinae,192
Malindi-Chale,Kenya,2013,Malindi-Watamu,Open access,Malindi,Mayungu,Mayungu,Scarinae,880
Malindi-Chale,Kenya,2008,Malindi-Watamu,Open access,Malindi,Mayungu,Mayungu,Scarinae,140
Malindi-Chale,Kenya,2009,Malindi-Watamu,Open access,Malindi,Mayungu,Mayungu,Scarinae,232
Malindi-Chale,Kenya,2007,Malindi-Watamu,Open access,Malindi,Mayungu,Mayungu,Epinephelidae,3
Malindi-Chale,Kenya,2008,Malindi-Watamu,Open access,Malindi,Mayungu,Mayungu,Epinephelidae,10
Malindi-Chale,Kenya,2009,Malindi-Watamu,Open access,Malindi,Mayungu,Mayungu,Epinephelidae,7
Malindi-Chale,Kenya,2011,Malindi-Watamu,Open access,Malindi,Mayungu,Mayungu,Epinephelidae,73
Malindi-Chale,Kenya,2012,Malindi-Watamu,Open access,Malindi,Mayungu,Mayungu,Epinephelidae,8
Malindi-Chale,Kenya,2008,Malindi-Watamu,Open access,Malindi,Mayungu,Mayungu,Epinephelidae,10
Malindi-Chale,Kenya,2009,Malindi-Watamu,Open access,Malindi,Mayungu,Mayungu,Epinephelidae,16
Malindi-Chale,Kenya,2015,Malindi-Watamu,Park,Malindi Marine National Park,New_coral_garden,New_Coral_Garden,Scarinae,40
Malindi-Chale,Kenya,2008,Malindi-Watamu,Park,Malindi Marine National Park,New_coral_garden,New_Coral_Garden,Scarinae,200
Malindi-Chale,Kenya,2009,Malindi-Watamu,Park,Malindi Marine National Park,New_coral_garden,New_Coral_Garden,Scarinae,418
Malindi-Chale,Kenya,2010,Malindi-Watamu,Park,Malindi Marine National Park,New_coral_garden,New_Coral_Garden,Scarinae,200
Malindi-Chale,Kenya,2011,Malindi-Watamu,Park,Malindi Marine National Park,New_coral_garden,New_Coral_Garden,Scarinae,573
Malindi-Chale,Kenya,2012,Malindi-Watamu,Park,Malindi Marine National Park,New_coral_garden,New_Coral_Garden,Scarinae,87
Malindi-Chale,Kenya,2013,Malindi-Watamu,Park,Malindi Marine National Park,New_coral_garden,New_Coral_Garden,Scarinae,1680
Malindi-Chale,Kenya,2008,Malindi-Watamu,Park,Malindi Marine National Park,New_coral_garden,New_Coral_Garden,Scarinae,493
Malindi-Chale,Kenya,2008,Malindi-Watamu,Park,Malindi Marine National Park,New_coral_garden,New_Coral_Garden,Scarinae,107
Malindi-Chale,Kenya,2008,Malindi-Watamu,Park,Malindi Marine National Park,New_coral_garden,New_Coral_Garden,Epinephelidae,16
Malindi-Chale,Kenya,2009,Malindi-Watamu,Park,Malindi Marine National Park,New_coral_garden,New_Coral_Garden,Epinephelidae,51
Malindi-Chale,Kenya,2010,Malindi-Watamu,Park,Malindi Marine National Park,New_coral_garden,New_Coral_Garden,Epinephelidae,7
Malindi-Chale,Kenya,2011,Malindi-Watamu,Park,Malindi Marine National Park,New_coral_garden,New_Coral_Garden,Epinephelidae,800
Malindi-Chale,Kenya,2012,Malindi-Watamu,Park,Malindi Marine National Park,New_coral_garden,New_Coral_Garden,Epinephelidae,20
Malindi-Chale,Kenya,2013,Malindi-Watamu,Park,Malindi Marine National Park,New_coral_garden,New_Coral_Garden,Epinephelidae,80
Malindi-Chale,Kenya,2008,Malindi-Watamu,Park,Malindi Marine National Park,New_coral_garden,New_Coral_Garden,Epinephelidae,13
Malindi-Chale,Kenya,2008,Malindi-Watamu,Park,Malindi Marine National Park,New_coral_garden,New_Coral_Garden,Epinephelidae,27
Malindi-Chale,Kenya,2015,Malindi-Watamu,Park,Malindi Marine National Park,North_Reef,North_Reef,Scarinae,600
Malindi-Chale,Kenya,2004,Malindi-Watamu,Park,Malindi Marine National Park,North_Reef,North_Reef,Scarinae,200
Malindi-Chale,Kenya,2005,Malindi-Watamu,Park,Malindi Marine National Park,North_Reef,North_Reef,Scarinae,332
Malindi-Chale,Kenya,2006,Malindi-Watamu,Park,Malindi Marine National Park,North_Reef,North_Reef,Scarinae,2600
Malindi-Chale,Kenya,2007,Malindi-Watamu,Park,Malindi Marine National Park,North_Reef,North_Reef,Scarinae,147
Malindi-Chale,Kenya,2008,Malindi-Watamu,Park,Malindi Marine National Park,North_Reef,North_Reef,Scarinae,293
Malindi-Chale,Kenya,2009,Malindi-Watamu,Park,Malindi Marine National Park,North_Reef,North_Reef,Scarinae,180
Malindi-Chale,Kenya,2010,Malindi-Watamu,Park,Malindi Marine National Park,North_Reef,North_Reef,Scarinae,147
Malindi-Chale,Kenya,2011,Malindi-Watamu,Park,Malindi Marine National Park,North_Reef,North_Reef,Scarinae,340
Malindi-Chale,Kenya,2012,Malindi-Watamu,Park,Malindi Marine National Park,North_Reef,North_Reef,Scarinae,140
Malindi-Chale,Kenya,2013,Malindi-Watamu,Park,Malindi Marine National Park,North_Reef,North_Reef,Scarinae,3080
Malindi-Chale,Kenya,2008,Malindi-Watamu,Park,Malindi Marine National Park,North_Reef,North_Reef,Scarinae,293
Malindi-Chale,Kenya,2015,Malindi-Watamu,Park,Malindi Marine National Park,North_Reef,North_Reef,Epinephelidae,20
Malindi-Chale,Kenya,2004,Malindi-Watamu,Park,Malindi Marine National Park,North_Reef,North_Reef,Epinephelidae,29
Malindi-Chale,Kenya,2006,Malindi-Watamu,Park,Malindi Marine National Park,North_Reef,North_Reef,Epinephelidae,520
Malindi-Chale,Kenya,2007,Malindi-Watamu,Park,Malindi Marine National Park,North_Reef,North_Reef,Epinephelidae,20
Malindi-Chale,Kenya,2008,Malindi-Watamu,Park,Malindi Marine National Park,North_Reef,North_Reef,Epinephelidae,7
Malindi-Chale,Kenya,2009,Malindi-Watamu,Park,Malindi Marine National Park,North_Reef,North_Reef,Epinephelidae,20
Malindi-Chale,Kenya,2011,Malindi-Watamu,Park,Malindi Marine National Park,North_Reef,North_Reef,Epinephelidae,160
Malindi-Chale,Kenya,2012,Malindi-Watamu,Park,Malindi Marine National Park,North_Reef,North_Reef,Epinephelidae,7
Malindi-Chale,Kenya,2008,Malindi-Watamu,Park,Malindi Marine National Park,North_Reef,North_Reef,Epinephelidae,7
Malindi-Chale,Kenya,2008,Malindi-Watamu,Park,Malindi Marine National Park,North_Reef,North_Reef,Epinephelidae,13
Malindi-Chale,Kenya,2004,Malindi-Watamu,Park,Malindi Marine National Park,Old_Coral_garden,Old_Coral_Garden,Scarinae,467
Malindi-Chale,Kenya,2005,Malindi-Watamu,Park,Malindi Marine National Park,Old_Coral_garden,Old_Coral_Garden,Scarinae,292
Malindi-Chale,Kenya,2006,Malindi-Watamu,Park,Malindi Marine National Park,Old_Coral_garden,Old_Coral_Garden,Scarinae,2187
Malindi-Chale,Kenya,2006,Malindi-Watamu,Park,Malindi Marine National Park,Old_Coral_garden,Old_Coral_Garden,Scarinae,1360
Malindi-Chale,Kenya,2007,Malindi-Watamu,Park,Malindi Marine National Park,Old_Coral_garden,Old_Coral_Garden,Scarinae,478
Malindi-Chale,Kenya,2008,Malindi-Watamu,Park,Malindi Marine National Park,Old_Coral_garden,Old_Coral_Garden,Scarinae,484
Malindi-Chale,Kenya,2009,Malindi-Watamu,Park,Malindi Marine National Park,Old_Coral_garden,Old_Coral_Garden,Scarinae,213
Malindi-Chale,Kenya,2010,Malindi-Watamu,Park,Malindi Marine National Park,Old_Coral_garden,Old_Coral_Garden,Scarinae,647
Malindi-Chale,Kenya,2012,Malindi-Watamu,Park,Malindi Marine National Park,Old_Coral_garden,Old_Coral_Garden,Scarinae,240
Malindi-Chale,Kenya,2013,Malindi-Watamu,Park,Malindi Marine National Park,Old_Coral_garden,Old_Coral_Garden,Scarinae,1800
Malindi-Chale,Kenya,2015,Malindi-Watamu,Park,Malindi Marine National Park,Old_Coral_garden,Old_Coral_Garden,Epinephelidae,20
Malindi-Chale,Kenya,2004,Malindi-Watamu,Park,Malindi Marine National Park,Old_Coral_garden,Old_Coral_Garden,Epinephelidae,50
Malindi-Chale,Kenya,2005,Malindi-Watamu,Park,Malindi Marine National Park,Old_Coral_garden,Old_Coral_Garden,Epinephelidae,92
Malindi-Chale,Kenya,2006,Malindi-Watamu,Park,Malindi Marine National Park,Old_Coral_garden,Old_Coral_Garden,Epinephelidae,107
Malindi-Chale,Kenya,2006,Malindi-Watamu,Park,Malindi Marine National Park,Old_Coral_garden,Old_Coral_Garden,Epinephelidae,933
Malindi-Chale,Kenya,2007,Malindi-Watamu,Park,Malindi Marine National Park,Old_Coral_garden,Old_Coral_Garden,Epinephelidae,20
Malindi-Chale,Kenya,2008,Malindi-Watamu,Park,Malindi Marine National Park,Old_Coral_garden,Old_Coral_Garden,Epinephelidae,18
Malindi-Chale,Kenya,2009,Malindi-Watamu,Park,Malindi Marine National Park,Old_Coral_garden,Old_Coral_Garden,Epinephelidae,17
Malindi-Chale,Kenya,2010,Malindi-Watamu,Park,Malindi Marine National Park,Old_Coral_garden,Old_Coral_Garden,Epinephelidae,13
Malindi-Chale,Kenya,2012,Malindi-Watamu,Park,Malindi Marine National Park,Old_Coral_garden,Old_Coral_Garden,Epinephelidae,7
Malindi-Chale,Kenya,2013,Malindi-Watamu,Park,Malindi Marine National Park,Old_Coral_garden,Old_Coral_Garden,Epinephelidae,40
Malindi-Chale,Kenya,2014,Malindi-Watamu,Open access,Malindi,Che_shale,Che_shale,Scarinae,740
Malindi-Chale,Kenya,2015,Malindi-Watamu,Open access,Malindi,Che_shale,Che_shale,Scarinae,53
Malindi-Chale,Kenya,2015,Malindi-Watamu,Open access,Malindi,Che_shale,Che_shale,Scarinae,40
Malindi-Chale,Kenya,2014,Malindi-Watamu,Open access,Malindi,Kichwa_cha_kati,Kichwa_cha_kati,Scarinae,600
Malindi-Chale,Kenya,2015,Malindi-Watamu,Open access,Malindi,Kichwa_cha_kati,Kichwa_cha_kati,Scarinae,40
Malindi-Chale,Kenya,2014,Malindi-Watamu,Open access,Malindi,Marereni,Marereni,Scarinae,780
Malindi-Chale,Kenya,2004,Kilifi-Mombasa,Park,Mombasa Marine National Park,Coral_Garden,Coral_Garden_Mombasa,Scarinae,270
Malindi-Chale,Kenya,2005,Kilifi-Mombasa,Park,Mombasa Marine National Park,Coral_Garden,Coral_Garden_Mombasa,Scarinae,233
Malindi-Chale,Kenya,2006,Kilifi-Mombasa,Park,Mombasa Marine National Park,Coral_Garden,Coral_Garden_Mombasa,Scarinae,1227
Malindi-Chale,Kenya,2006,Kilifi-Mombasa,Park,Mombasa Marine National Park,Coral_Garden,Coral_Garden_Mombasa,Scarinae,827
Malindi-Chale,Kenya,2007,Kilifi-Mombasa,Park,Mombasa Marine National Park,Coral_Garden,Coral_Garden_Mombasa,Scarinae,389
Malindi-Chale,Kenya,2008,Kilifi-Mombasa,Park,Mombasa Marine National Park,Coral_Garden,Coral_Garden_Mombasa,Scarinae,333
Malindi-Chale,Kenya,2009,Kilifi-Mombasa,Park,Mombasa Marine National Park,Coral_Garden,Coral_Garden_Mombasa,Scarinae,44
Malindi-Chale,Kenya,2010,Kilifi-Mombasa,Park,Mombasa Marine National Park,Coral_Garden,Coral_Garden_Mombasa,Scarinae,230
Malindi-Chale,Kenya,2011,Kilifi-Mombasa,Park,Mombasa Marine National Park,Coral_Garden,Coral_Garden_Mombasa,Scarinae,182
Malindi-Chale,Kenya,2012,Kilifi-Mombasa,Park,Mombasa Marine National Park,Coral_Garden,Coral_Garden_Mombasa,Scarinae,80
Malindi-Chale,Kenya,2013,Kilifi-Mombasa,Park,Mombasa Marine National Park,Coral_Garden,Coral_Garden_Mombasa,Scarinae,2280
Malindi-Chale,Kenya,2008,Kilifi-Mombasa,Park,Mombasa Marine National Park,Coral_Garden,Coral_Garden_Mombasa,Scarinae,333
Malindi-Chale,Kenya,2009,Kilifi-Mombasa,Park,Mombasa Marine National Park,Coral_Garden,Coral_Garden_Mombasa,Scarinae,70
Malindi-Chale,Kenya,2004,Kilifi-Mombasa,Park,Mombasa Marine National Park,Coral_Garden,Coral_Garden_Mombasa,Epinephelidae,33
Malindi-Chale,Kenya,2005,Kilifi-Mombasa,Park,Mombasa Marine National Park,Coral_Garden,Coral_Garden_Mombasa,Epinephelidae,17
Malindi-Chale,Kenya,2006,Kilifi-Mombasa,Park,Mombasa Marine National Park,Coral_Garden,Coral_Garden_Mombasa,Epinephelidae,533
Malindi-Chale,Kenya,2006,Kilifi-Mombasa,Park,Mombasa Marine National Park,Coral_Garden,Coral_Garden_Mombasa,Epinephelidae,80
Malindi-Chale,Kenya,2007,Kilifi-Mombasa,Park,Mombasa Marine National Park,Coral_Garden,Coral_Garden_Mombasa,Epinephelidae,18
Malindi-Chale,Kenya,2008,Kilifi-Mombasa,Park,Mombasa Marine National Park,Coral_Garden,Coral_Garden_Mombasa,Epinephelidae,33
Malindi-Chale,Kenya,2009,Kilifi-Mombasa,Park,Mombasa Marine National Park,Coral_Garden,Coral_Garden_Mombasa,Epinephelidae,36
Malindi-Chale,Kenya,2010,Kilifi-Mombasa,Park,Mombasa Marine National Park,Coral_Garden,Coral_Garden_Mombasa,Epinephelidae,10
Malindi-Chale,Kenya,2011,Kilifi-Mombasa,Park,Mombasa Marine National Park,Coral_Garden,Coral_Garden_Mombasa,Epinephelidae,97
Malindi-Chale,Kenya,2013,Kilifi-Mombasa,Park,Mombasa Marine National Park,Coral_Garden,Coral_Garden_Mombasa,Epinephelidae,80
Malindi-Chale,Kenya,2008,Kilifi-Mombasa,Park,Mombasa Marine National Park,Coral_Garden,Coral_Garden_Mombasa,Epinephelidae,33
Malindi-Chale,Kenya,2009,Kilifi-Mombasa,Park,Mombasa Marine National Park,Coral_Garden,Coral_Garden_Mombasa,Epinephelidae,80
Malindi-Chale,Kenya,2009,Kilifi-Mombasa,Park,Mombasa Marine National Park,Coral_Garden,Coral_Garden_Mombasa,Epinephelidae,133
Malindi-Chale,Kenya,2008,Kilifi-Mombasa,Reserve,Mombasa Marine National Park,Kasa,Kasa,Epinephelidae,200
Malindi-Chale,Kenya,2008,Kilifi-Mombasa,Reserve,Mombasa Marine National Park,Likoni,Likoni,Epinephelidae,147
Malindi-Chale,Kenya,2005,Kilifi-Mombasa,Reserve,Mombasa Marine National Park,Nyali,Nyali,Scarinae,228
Malindi-Chale,Kenya,2006,Kilifi-Mombasa,Reserve,Mombasa Marine National Park,Nyali,Nyali,Scarinae,360
Malindi-Chale,Kenya,2006,Kilifi-Mombasa,Reserve,Mombasa Marine National Park,Nyali,Nyali,Scarinae,160
Malindi-Chale,Kenya,2007,Kilifi-Mombasa,Reserve,Mombasa Marine National Park,Nyali,Nyali,Scarinae,333
Malindi-Chale,Kenya,2008,Kilifi-Mombasa,Reserve,Mombasa Marine National Park,Nyali,Nyali,Scarinae,13
Malindi-Chale,Kenya,2009,Kilifi-Mombasa,Reserve,Mombasa Marine National Park,Nyali,Nyali,Scarinae,323
Malindi-Chale,Kenya,2010,Kilifi-Mombasa,Reserve,Mombasa Marine National Park,Nyali,Nyali,Scarinae,407
Malindi-Chale,Kenya,2011,Kilifi-Mombasa,Reserve,Mombasa Marine National Park,Nyali,Nyali,Scarinae,93
Malindi-Chale,Kenya,2012,Kilifi-Mombasa,Reserve,Mombasa Marine National Park,Nyali,Nyali,Scarinae,87
Malindi-Chale,Kenya,2013,Kilifi-Mombasa,Reserve,Mombasa Marine National Park,Nyali,Nyali,Scarinae,1280
Malindi-Chale,Kenya,2008,Kilifi-Mombasa,Reserve,Mombasa Marine National Park,Nyali,Nyali,Scarinae,13
Malindi-Chale,Kenya,2009,Kilifi-Mombasa,Reserve,Mombasa Marine National Park,Nyali,Nyali,Scarinae,567
Malindi-Chale,Kenya,2005,Kilifi-Mombasa,Reserve,Mombasa Marine National Park,Nyali,Nyali,Epinephelidae,36
Malindi-Chale,Kenya,2006,Kilifi-Mombasa,Reserve,Mombasa Marine National Park,Nyali,Nyali,Epinephelidae,27
Malindi-Chale,Kenya,2007,Kilifi-Mombasa,Reserve,Mombasa Marine National Park,Nyali,Nyali,Epinephelidae,31
Malindi-Chale,Kenya,2009,Kilifi-Mombasa,Reserve,Mombasa Marine National Park,Nyali,Nyali,Epinephelidae,3
Malindi-Chale,Kenya,2010,Kilifi-Mombasa,Reserve,Mombasa Marine National Park,Nyali,Nyali,Epinephelidae,7
Malindi-Chale,Kenya,2009,Kilifi-Mombasa,Reserve,Mombasa Marine National Park,Nyali,Nyali,Epinephelidae,7
Malindi-Chale,Kenya,2008,Kilifi-Mombasa,Reserve,Mombasa Marine National Park,Nyali,Nyali,Epinephelidae,13
Malindi-Chale,Kenya,2005,Kilifi-Mombasa,Reserve,Mombasa Marine National Park,Ras_Iwatine,Ras_Iwatine,Scarinae,113
Malindi-Chale,Kenya,2006,Kilifi-Mombasa,Reserve,Mombasa Marine National Park,Ras_Iwatine,Ras_Iwatine,Scarinae,1413
Malindi-Chale,Kenya,2006,Kilifi-Mombasa,Reserve,Mombasa Marine National Park,Ras_Iwatine,Ras_Iwatine,Scarinae,53
Malindi-Chale,Kenya,2007,Kilifi-Mombasa,Reserve,Mombasa Marine National Park,Ras_Iwatine,Ras_Iwatine,Scarinae,149
Malindi-Chale,Kenya,2008,Kilifi-Mombasa,Reserve,Mombasa Marine National Park,Ras_Iwatine,Ras_Iwatine,Scarinae,147
Malindi-Chale,Kenya,2009,Kilifi-Mombasa,Reserve,Mombasa Marine National Park,Ras_Iwatine,Ras_Iwatine,Scarinae,244
Malindi-Chale,Kenya,2010,Kilifi-Mombasa,Reserve,Mombasa Marine National Park,Ras_Iwatine,Ras_Iwatine,Scarinae,300
Malindi-Chale,Kenya,2011,Kilifi-Mombasa,Reserve,Mombasa Marine National Park,Ras_Iwatine,Ras_Iwatine,Scarinae,187
Malindi-Chale,Kenya,2012,Kilifi-Mombasa,Reserve,Mombasa Marine National Park,Ras_Iwatine,Ras_Iwatine,Scarinae,120
Malindi-Chale,Kenya,2013,Kilifi-Mombasa,Reserve,Mombasa Marine National Park,Ras_Iwatine,Ras_Iwatine,Scarinae,1640
Malindi-Chale,Kenya,2008,Kilifi-Mombasa,Reserve,Mombasa Marine National Park,Ras_Iwatine,Ras_Iwatine,Scarinae,147
Malindi-Chale,Kenya,2009,Kilifi-Mombasa,Reserve,Mombasa Marine National Park,Ras_Iwatine,Ras_Iwatine,Scarinae,368
Malindi-Chale,Kenya,2005,Kilifi-Mombasa,Reserve,Mombasa Marine National Park,Ras_Iwatine,Ras_Iwatine,Epinephelidae,47
Malindi-Chale,Kenya,2007,Kilifi-Mombasa,Reserve,Mombasa Marine National Park,Ras_Iwatine,Ras_Iwatine,Epinephelidae,218
Malindi-Chale,Kenya,2008,Kilifi-Mombasa,Reserve,Mombasa Marine National Park,Ras_Iwatine,Ras_Iwatine,Epinephelidae,7
Malindi-Chale,Kenya,2013,Kilifi-Mombasa,Reserve,Mombasa Marine National Park,Ras_Iwatine,Ras_Iwatine,Epinephelidae,240
Malindi-Chale,Kenya,2008,Kilifi-Mombasa,Reserve,Mombasa Marine National Park,Ras_Iwatine,Ras_Iwatine,Epinephelidae,7
Malindi-Chale,Kenya,2008,Kilifi-Mombasa,Reserve,Mombasa Marine National Park,Shark_point,Shark_point,Epinephelidae,240
Malindi-Chale,Kenya,2004,Kilifi-Mombasa,Park,Mombasa Marine National Park,Starfish,Starfish,Scarinae,113
Malindi-Chale,Kenya,2005,Kilifi-Mombasa,Park,Mombasa Marine National Park,Starfish,Starfish,Scarinae,337
Malindi-Chale,Kenya,2006,Kilifi-Mombasa,Park,Mombasa Marine National Park,Starfish,Starfish,Scarinae,560
Malindi-Chale,Kenya,2006,Kilifi-Mombasa,Park,Mombasa Marine National Park,Starfish,Starfish,Scarinae,880
Malindi-Chale,Kenya,2007,Kilifi-Mombasa,Park,Mombasa Marine National Park,Starfish,Starfish,Scarinae,633
Malindi-Chale,Kenya,2008,Kilifi-Mombasa,Park,Mombasa Marine National Park,Starfish,Starfish,Scarinae,607
Malindi-Chale,Kenya,2009,Kilifi-Mombasa,Park,Mombasa Marine National Park,Starfish,Starfish,Scarinae,132
Malindi-Chale,Kenya,2010,Kilifi-Mombasa,Park,Mombasa Marine National Park,Starfish,Starfish,Scarinae,40
Malindi-Chale,Kenya,2011,Kilifi-Mombasa,Park,Mombasa Marine National Park,Starfish,Starfish,Scarinae,255
Malindi-Chale,Kenya,2012,Kilifi-Mombasa,Park,Mombasa Marine National Park,Starfish,Starfish,Scarinae,193
Malindi-Chale,Kenya,2013,Kilifi-Mombasa,Park,Mombasa Marine National Park,Starfish,Starfish,Scarinae,2208
Malindi-Chale,Kenya,2008,Kilifi-Mombasa,Park,Mombasa Marine National Park,Starfish,Starfish,Scarinae,607
Malindi-Chale,Kenya,2009,Kilifi-Mombasa,Park,Mombasa Marine National Park,Starfish,Starfish,Scarinae,220
Malindi-Chale,Kenya,2005,Kilifi-Mombasa,Park,Mombasa Marine National Park,Starfish,Starfish,Epinephelidae,7
Malindi-Chale,Kenya,2006,Kilifi-Mombasa,Park,Mombasa Marine National Park,Starfish,Starfish,Epinephelidae,587
Malindi-Chale,Kenya,2006,Kilifi-Mombasa,Park,Mombasa Marine National Park,Starfish,Starfish,Epinephelidae,27
Malindi-Chale,Kenya,2008,Kilifi-Mombasa,Park,Mombasa Marine National Park,Starfish,Starfish,Epinephelidae,13
Malindi-Chale,Kenya,2009,Kilifi-Mombasa,Park,Mombasa Marine National Park,Starfish,Starfish,Epinephelidae,8
Malindi-Chale,Kenya,2010,Kilifi-Mombasa,Park,Mombasa Marine National Park,Starfish,Starfish,Epinephelidae,7
Malindi-Chale,Kenya,2011,Kilifi-Mombasa,Park,Mombasa Marine National Park,Starfish,Starfish,Epinephelidae,7
Malindi-Chale,Kenya,2013,Kilifi-Mombasa,Park,Mombasa Marine National Park,Starfish,Starfish,Epinephelidae,64
Malindi-Chale,Kenya,2008,Kilifi-Mombasa,Park,Mombasa Marine National Park,Starfish,Starfish,Epinephelidae,13
Malindi-Chale,Kenya,2008,Kilifi-Mombasa,Park,Mombasa Marine National Park,Starfish,Starfish,Epinephelidae,27
Malindi-Chale,Kenya,2008,Kilifi-Mombasa,Reserve,Mombasa Marine National Reserve,Vuma,Vuma,Epinephelidae,200
Msambweni-Kisite,Kenya,2011,Msambweni-Kisite,Open access,Shimoni,Baazo,Baazo,Scarinae,600
Msambweni-Kisite,Kenya,2012,Msambweni-Kisite,Open access,Shimoni,Baazo,Baazo,Epinephelidae,40
Msambweni-Kisite,Kenya,2011,Msambweni-Kisite,Open access,Shimoni,Baazo,Baazo,Epinephelidae,680
Msambweni-Kisite,Kenya,2012,Msambweni-Kisite,Open access,Shimoni,Baazo,Baazo,Epinephelidae,147
Msambweni-Kisite,Kenya,2012,Msambweni-Kisite,Open access,Shimoni,Funzi,Funzi,Scarinae,120
Msambweni-Kisite,Kenya,2012,Msambweni-Kisite,Open access,Shimoni,Funzi,Funzi,Epinephelidae,300
Msambweni-Kisite,Kenya,2014,Msambweni-Kisite,Open access,Shimoni,Jiwe_Jahazi,Jiwe_Jahazi,Scarinae,180
Msambweni-Kisite,Kenya,2011,Msambweni-Kisite,Open access,Shimoni,Jiwe_Jahazi,Jiwe_Jahazi,Scarinae,60
Msambweni-Kisite,Kenya,2012,Msambweni-Kisite,Open access,Shimoni,Jiwe_Jahazi,Jiwe_Jahazi,Scarinae,740
Msambweni-Kisite,Kenya,2013,Msambweni-Kisite,Open access,Shimoni,Jiwe_Jahazi,Jiwe_Jahazi,Scarinae,500
Msambweni-Kisite,Kenya,2011,Msambweni-Kisite,Open access,Shimoni,Jiwe_Jahazi,Jiwe_Jahazi,Epinephelidae,220
Msambweni-Kisite,Kenya,2012,Msambweni-Kisite,Open access,Shimoni,Jiwe_Jahazi,Jiwe_Jahazi,Epinephelidae,20
Msambweni-Kisite,Kenya,2013,Msambweni-Kisite,Open access,Shimoni,Jiwe_Jahazi,Jiwe_Jahazi,Epinephelidae,0
Msambweni-Kisite,Kenya,2005,Msambweni-Kisite,Open access,Shimoni,K-Light_House,K-Light_House,Scarinae,596
Msambweni-Kisite,Kenya,2006,Msambweni-Kisite,Open access,Shimoni,K-Light_House,K-Light_House,Scarinae,1680
Msambweni-Kisite,Kenya,2006,Msambweni-Kisite,Open access,Shimoni,K-Light_House,K-Light_House,Scarinae,2427
Msambweni-Kisite,Kenya,2007,Msambweni-Kisite,Open access,Shimoni,K-Light_House,K-Light_House,Scarinae,867
Msambweni-Kisite,Kenya,2008,Msambweni-Kisite,Open access,Shimoni,K-Light_House,K-Light_House,Scarinae,427
Msambweni-Kisite,Kenya,2009,Msambweni-Kisite,Open access,Shimoni,K-Light_House,K-Light_House,Scarinae,860
Msambweni-Kisite,Kenya,2010,Msambweni-Kisite,Open access,Shimoni,K-Light_House,K-Light_House,Scarinae,473
Msambweni-Kisite,Kenya,2008,Msambweni-Kisite,Open access,Shimoni,K-Light_House,K-Light_House,Scarinae,373
Msambweni-Kisite,Kenya,2009,Msambweni-Kisite,Open access,Shimoni,K-Light_House,K-Light_House,Scarinae,727
Msambweni-Kisite,Kenya,2005,Msambweni-Kisite,Open access,Shimoni,K-Light_House,K-Light_House,Epinephelidae,44
Msambweni-Kisite,Kenya,2006,Msambweni-Kisite,Open access,Shimoni,K-Light_House,K-Light_House,Epinephelidae,1093
Msambweni-Kisite,Kenya,2007,Msambweni-Kisite,Open access,Shimoni,K-Light_House,K-Light_House,Epinephelidae,77
Msambweni-Kisite,Kenya,2008,Msambweni-Kisite,Open access,Shimoni,K-Light_House,K-Light_House,Epinephelidae,17
Msambweni-Kisite,Kenya,2009,Msambweni-Kisite,Open access,Shimoni,K-Light_House,K-Light_House,Epinephelidae,40
Msambweni-Kisite,Kenya,2008,Msambweni-Kisite,Open access,Shimoni,K-Light_House,K-Light_House,Epinephelidae,33
Msambweni-Kisite,Kenya,2009,Msambweni-Kisite,Open access,Shimoni,K-Light_House,K-Light_House,Epinephelidae,7
Msambweni-Kisite,Kenya,2012,Msambweni-Kisite,Open access,Shimoni,Kibuyuni,Kibuyuni,Scarinae,72
Msambweni-Kisite,Kenya,2013,Msambweni-Kisite,Open access,Shimoni,Kibuyuni,Kibuyuni,Scarinae,667
Msambweni-Kisite,Kenya,2014,Msambweni-Kisite,Open access,Shimoni,Kibuyuni,Kibuyuni,Scarinae,1320
Msambweni-Kisite,Kenya,2015,Msambweni-Kisite,Open access,Shimoni,Kibuyuni,Kibuyuni,Scarinae,620
Msambweni-Kisite,Kenya,2011,Msambweni-Kisite,Open access,Shimoni,Kijambani,Kijambani,Scarinae,200
Msambweni-Kisite,Kenya,2012,Msambweni-Kisite,Open access,Shimoni,Kiromo,Kiromo,Scarinae,1040
Msambweni-Kisite,Kenya,2013,Msambweni-Kisite,Open access,Shimoni,Kiromo,Kiromo,Scarinae,867
Msambweni-Kisite,Kenya,2014,Msambweni-Kisite,Open access,Shimoni,Kiromo,Kiromo,Scarinae,400
Msambweni-Kisite,Kenya,2014,Msambweni-Kisite,Open access,Shimoni,Kiromo,Kiromo,Epinephelidae,20
Msambweni-Kisite,Kenya,2013,Msambweni-Kisite,Park,Shimoni,Kisite-Exposed,Kisite-Exposed,Scarinae,147
Msambweni-Kisite,Kenya,2013,Msambweni-Kisite,Park,Shimoni,Kisite-Exposed,Kisite-Exposed,Scarinae,80
Msambweni-Kisite,Kenya,2014,Msambweni-Kisite,Park,Shimoni,Kisite-Exposed,Kisite-Exposed,Scarinae,400
Msambweni-Kisite,Kenya,2004,Msambweni-Kisite,Park,Shimoni,Kisite-Exposed,Kisite-Exposed,Scarinae,602
Msambweni-Kisite,Kenya,2005,Msambweni-Kisite,Park,Shimoni,Kisite-Exposed,Kisite-Exposed,Scarinae,792
Msambweni-Kisite,Kenya,2006,Msambweni-Kisite,Park,Shimoni,Kisite-Exposed,Kisite-Exposed,Scarinae,2320
Msambweni-Kisite,Kenya,2006,Msambweni-Kisite,Park,Shimoni,Kisite-Exposed,Kisite-Exposed,Scarinae,1813
Msambweni-Kisite,Kenya,2007,Msambweni-Kisite,Park,Shimoni,Kisite-Exposed,Kisite-Exposed,Scarinae,349
Msambweni-Kisite,Kenya,2008,Msambweni-Kisite,Park,Shimoni,Kisite-Exposed,Kisite-Exposed,Scarinae,510
Msambweni-Kisite,Kenya,2009,Msambweni-Kisite,Park,Shimoni,Kisite-Exposed,Kisite-Exposed,Scarinae,320
Msambweni-Kisite,Kenya,2010,Msambweni-Kisite,Park,Shimoni,Kisite-Exposed,Kisite-Exposed,Scarinae,173
Msambweni-Kisite,Kenya,2008,Msambweni-Kisite,Park,Shimoni,Kisite-Exposed,Kisite-Exposed,Scarinae,393
Msambweni-Kisite,Kenya,2009,Msambweni-Kisite,Park,Shimoni,Kisite-Exposed,Kisite-Exposed,Scarinae,248
Msambweni-Kisite,Kenya,2014,Msambweni-Kisite,Park,Shimoni,Kisite-Exposed,Kisite-Exposed,Epinephelidae,170
Msambweni-Kisite,Kenya,2004,Msambweni-Kisite,Park,Shimoni,Kisite-Exposed,Kisite-Exposed,Epinephelidae,162
Msambweni-Kisite,Kenya,2005,Msambweni-Kisite,Park,Shimoni,Kisite-Exposed,Kisite-Exposed,Epinephelidae,260
Msambweni-Kisite,Kenya,2006,Msambweni-Kisite,Park,Shimoni,Kisite-Exposed,Kisite-Exposed,Epinephelidae,560
Msambweni-Kisite,Kenya,2007,Msambweni-Kisite,Park,Shimoni,Kisite-Exposed,Kisite-Exposed,Epinephelidae,40
Msambweni-Kisite,Kenya,2008,Msambweni-Kisite,Park,Shimoni,Kisite-Exposed,Kisite-Exposed,Epinephelidae,113
Msambweni-Kisite,Kenya,2009,Msambweni-Kisite,Park,Shimoni,Kisite-Exposed,Kisite-Exposed,Epinephelidae,63
Msambweni-Kisite,Kenya,2010,Msambweni-Kisite,Park,Shimoni,Kisite-Exposed,Kisite-Exposed,Epinephelidae,13
Msambweni-Kisite,Kenya,2008,Msambweni-Kisite,Park,Shimoni,Kisite-Exposed,Kisite-Exposed,Epinephelidae,40
Msambweni-Kisite,Kenya,2009,Msambweni-Kisite,Park,Shimoni,Kisite-Exposed,Kisite-Exposed,Epinephelidae,72
Msambweni-Kisite,Kenya,2008,Msambweni-Kisite,Park,Shimoni,Kisite-Exposed,Kisite-Exposed,Epinephelidae,53
Msambweni-Kisite,Kenya,2010,Msambweni-Kisite,Park,Shimoni,Kisite-Sheltered,Kisite-Sheltered,Scarinae,2340
Msambweni-Kisite,Kenya,2013,Msambweni-Kisite,Park,Shimoni,Kisite-Sheltered,Kisite-Sheltered,Scarinae,800
Msambweni-Kisite,Kenya,2015,Msambweni-Kisite,Park,Shimoni,Kisite-Sheltered,Kisite-Sheltered,Scarinae,2180
Msambweni-Kisite,Kenya,2014,Msambweni-Kisite,Park,Shimoni,Kisite-Sheltered,Kisite-Sheltered,Scarinae,260
Msambweni-Kisite,Kenya,2004,Msambweni-Kisite,Park,Shimoni,Kisite-Sheltered,Kisite-Sheltered,Scarinae,640
Msambweni-Kisite,Kenya,2005,Msambweni-Kisite,Park,Shimoni,Kisite-Sheltered,Kisite-Sheltered,Scarinae,1104
Msambweni-Kisite,Kenya,2006,Msambweni-Kisite,Park,Shimoni,Kisite-Sheltered,Kisite-Sheltered,Scarinae,2453
Msambweni-Kisite,Kenya,2006,Msambweni-Kisite,Park,Shimoni,Kisite-Sheltered,Kisite-Sheltered,Scarinae,907
Msambweni-Kisite,Kenya,2007,Msambweni-Kisite,Park,Shimoni,Kisite-Sheltered,Kisite-Sheltered,Scarinae,672
Msambweni-Kisite,Kenya,2008,Msambweni-Kisite,Park,Shimoni,Kisite-Sheltered,Kisite-Sheltered,Scarinae,280
Msambweni-Kisite,Kenya,2009,Msambweni-Kisite,Park,Shimoni,Kisite-Sheltered,Kisite-Sheltered,Scarinae,553
Msambweni-Kisite,Kenya,2010,Msambweni-Kisite,Park,Shimoni,Kisite-Sheltered,Kisite-Sheltered,Scarinae,87
Msambweni-Kisite,Kenya,2008,Msambweni-Kisite,Park,Shimoni,Kisite-Sheltered,Kisite-Sheltered,Scarinae,227
Msambweni-Kisite,Kenya,2009,Msambweni-Kisite,Park,Shimoni,Kisite-Sheltered,Kisite-Sheltered,Scarinae,153
Msambweni-Kisite,Kenya,2010,Msambweni-Kisite,Park,Shimoni,Kisite-Sheltered,Kisite-Sheltered,Epinephelidae,320
Msambweni-Kisite,Kenya,2015,Msambweni-Kisite,Park,Shimoni,Kisite-Sheltered,Kisite-Sheltered,Epinephelidae,80
Msambweni-Kisite,Kenya,2014,Msambweni-Kisite,Park,Shimoni,Kisite-Sheltered,Kisite-Sheltered,Epinephelidae,90
Msambweni-Kisite,Kenya,2004,Msambweni-Kisite,Park,Shimoni,Kisite-Sheltered,Kisite-Sheltered,Epinephelidae,1533
Msambweni-Kisite,Kenya,2005,Msambweni-Kisite,Park,Shimoni,Kisite-Sheltered,Kisite-Sheltered,Epinephelidae,128
Msambweni-Kisite,Kenya,2006,Msambweni-Kisite,Park,Shimoni,Kisite-Sheltered,Kisite-Sheltered,Epinephelidae,320
Msambweni-Kisite,Kenya,2006,Msambweni-Kisite,Park,Shimoni,Kisite-Sheltered,Kisite-Sheltered,Epinephelidae,320
Msambweni-Kisite,Kenya,2007,Msambweni-Kisite,Park,Shimoni,Kisite-Sheltered,Kisite-Sheltered,Epinephelidae,284
Msambweni-Kisite,Kenya,2008,Msambweni-Kisite,Park,Shimoni,Kisite-Sheltered,Kisite-Sheltered,Epinephelidae,140
Msambweni-Kisite,Kenya,2009,Msambweni-Kisite,Park,Shimoni,Kisite-Sheltered,Kisite-Sheltered,Epinephelidae,317
Msambweni-Kisite,Kenya,2010,Msambweni-Kisite,Park,Shimoni,Kisite-Sheltered,Kisite-Sheltered,Epinephelidae,7
Msambweni-Kisite,Kenya,2008,Msambweni-Kisite,Park,Shimoni,Kisite-Sheltered,Kisite-Sheltered,Epinephelidae,73
Msambweni-Kisite,Kenya,2009,Msambweni-Kisite,Park,Shimoni,Kisite-Sheltered,Kisite-Sheltered,Epinephelidae,7
Msambweni-Kisite,Kenya,2008,Msambweni-Kisite,Park,Shimoni,Kisite-Sheltered,Kisite-Sheltered,Epinephelidae,80
Msambweni-Kisite,Kenya,2012,Msambweni-Kisite,Park,Shimoni,Kisite_Deep,Kisite_Deep,Scarinae,240
Msambweni-Kisite,Kenya,2014,Msambweni-Kisite,Park,Shimoni,Kisite_Deep,Kisite_Deep,Scarinae,813
Msambweni-Kisite,Kenya,2012,Msambweni-Kisite,Park,Shimoni,Kisite_Deep,Kisite_Deep,Epinephelidae,20
Msambweni-Kisite,Kenya,2014,Msambweni-Kisite,Park,Shimoni,Kisite_Deep,Kisite_Deep,Epinephelidae,13
Msambweni-Kisite,Kenya,2010,Msambweni-Kisite,Open access,Shimoni,Magomeni,Magomeni,Scarinae,940
Msambweni-Kisite,Kenya,2012,Msambweni-Kisite,Park,Shimoni,Makokokwe,Makokokwe,Scarinae,520
Msambweni-Kisite,Kenya,2013,Msambweni-Kisite,Park,Shimoni,Makokokwe,Makokokwe,Scarinae,987
Msambweni-Kisite,Kenya,2014,Msambweni-Kisite,Park,Shimoni,Makokokwe,Makokokwe,Scarinae,340
Msambweni-Kisite,Kenya,2014,Msambweni-Kisite,Park,Shimoni,Makokokwe,Makokokwe,Epinephelidae,30
Msambweni-Kisite,Kenya,2008,Msambweni-Kisite,Park,Shimoni,Makokokwe,Makokokwe,Epinephelidae,27
Msambweni-Kisite,Kenya,2014,Msambweni-Kisite,Open access,Shimoni,Masolini,Masolini,Scarinae,387
Msambweni-Kisite,Kenya,2010,Msambweni-Kisite,Open access,Shimoni,Mkwiro,Mkwiro,Scarinae,840
Msambweni-Kisite,Kenya,2012,Msambweni-Kisite,Open access,Shimoni,Mkwiro,Mkwiro,Scarinae,320
Msambweni-Kisite,Kenya,2014,Msambweni-Kisite,Open access,Shimoni,Mkwiro,Mkwiro,Scarinae,187
Msambweni-Kisite,Kenya,2005,Msambweni-Kisite,Open access,Shimoni,Mkwiro,Mkwiro,Scarinae,330
Msambweni-Kisite,Kenya,2006,Msambweni-Kisite,Open access,Shimoni,Mkwiro,Mkwiro,Scarinae,560
Msambweni-Kisite,Kenya,2006,Msambweni-Kisite,Open access,Shimoni,Mkwiro,Mkwiro,Scarinae,640
Msambweni-Kisite,Kenya,2007,Msambweni-Kisite,Open access,Shimoni,Mkwiro,Mkwiro,Scarinae,320
Msambweni-Kisite,Kenya,2008,Msambweni-Kisite,Open access,Shimoni,Mkwiro,Mkwiro,Scarinae,107
Msambweni-Kisite,Kenya,2009,Msambweni-Kisite,Open access,Shimoni,Mkwiro,Mkwiro,Scarinae,268
Msambweni-Kisite,Kenya,2010,Msambweni-Kisite,Open access,Shimoni,Mkwiro,Mkwiro,Scarinae,613
Msambweni-Kisite,Kenya,2009,Msambweni-Kisite,Open access,Shimoni,Mkwiro,Mkwiro,Scarinae,307
Msambweni-Kisite,Kenya,2005,Msambweni-Kisite,Open access,Shimoni,Mkwiro,Mkwiro,Epinephelidae,140
Msambweni-Kisite,Kenya,2006,Msambweni-Kisite,Open access,Shimoni,Mkwiro,Mkwiro,Epinephelidae,160
Msambweni-Kisite,Kenya,2006,Msambweni-Kisite,Open access,Shimoni,Mkwiro,Mkwiro,Epinephelidae,1160
Msambweni-Kisite,Kenya,2007,Msambweni-Kisite,Open access,Shimoni,Mkwiro,Mkwiro,Epinephelidae,87
Msambweni-Kisite,Kenya,2008,Msambweni-Kisite,Open access,Shimoni,Mkwiro,Mkwiro,Epinephelidae,3
Msambweni-Kisite,Kenya,2009,Msambweni-Kisite,Open access,Shimoni,Mkwiro,Mkwiro,Epinephelidae,56
Msambweni-Kisite,Kenya,2012,Msambweni-Kisite,Reserve,Shimoni,Mpunguti-Lower,Mpunguti-Lower,Scarinae,1140
Msambweni-Kisite,Kenya,2013,Msambweni-Kisite,Reserve,Shimoni,Mpunguti-Lower,Mpunguti-Lower,Scarinae,453
Msambweni-Kisite,Kenya,2015,Msambweni-Kisite,Reserve,Shimoni,Mpunguti-Lower,Mpunguti-Lower,Scarinae,420
Msambweni-Kisite,Kenya,2014,Msambweni-Kisite,Reserve,Shimoni,Mpunguti-Lower,Mpunguti-Lower,Scarinae,347
Msambweni-Kisite,Kenya,2015,Msambweni-Kisite,Reserve,Shimoni,Mpunguti-Lower,Mpunguti-Lower,Epinephelidae,20
Msambweni-Kisite,Kenya,2008,Msambweni-Kisite,Reserve,Shimoni,Mpunguti-Lower,Mpunguti-Lower,Epinephelidae,27
Msambweni-Kisite,Kenya,2010,Msambweni-Kisite,Reserve,Shimoni,Mpunguti-Upper,Mpunguti-Upper,Scarinae,1460
Msambweni-Kisite,Kenya,2012,Msambweni-Kisite,Reserve,Shimoni,Mpunguti-Upper,Mpunguti-Upper,Scarinae,1000
Msambweni-Kisite,Kenya,2013,Msambweni-Kisite,Reserve,Shimoni,Mpunguti-Upper,Mpunguti-Upper,Scarinae,107
Msambweni-Kisite,Kenya,2015,Msambweni-Kisite,Reserve,Shimoni,Mpunguti-Upper,Mpunguti-Upper,Scarinae,1800
Msambweni-Kisite,Kenya,2014,Msambweni-Kisite,Reserve,Shimoni,Mpunguti-Upper,Mpunguti-Upper,Scarinae,387
Msambweni-Kisite,Kenya,2010,Msambweni-Kisite,Reserve,Shimoni,Mpunguti-Upper,Mpunguti-Upper,Epinephelidae,40
Msambweni-Kisite,Kenya,2012,Msambweni-Kisite,Reserve,Shimoni,Mpunguti-Upper,Mpunguti-Upper,Epinephelidae,720
Msambweni-Kisite,Kenya,2014,Msambweni-Kisite,Reserve,Shimoni,Mpunguti-Upper,Mpunguti-Upper,Epinephelidae,27
Msambweni-Kisite,Kenya,2008,Msambweni-Kisite,Reserve,Shimoni,Mpunguti-Upper,Mpunguti-Upper,Epinephelidae,13
Msambweni-Kisite,Kenya,2010,Msambweni-Kisite,Open access,Shimoni,Muindini,Muindini,Scarinae,453
Msambweni-Kisite,Kenya,2012,Msambweni-Kisite,Open access,Shimoni,Mwarembo,Mwarembo,Scarinae,1740
Msambweni-Kisite,Kenya,2010,Msambweni-Kisite,Open access,Shimoni,Mwarembo,Mwarembo,Scarinae,293
Msambweni-Kisite,Kenya,2012,Msambweni-Kisite,Open access,Shimoni,Mwarembo,Mwarembo,Epinephelidae,100
Msambweni-Kisite,Kenya,2014,Msambweni-Kisite,Open access,Shimoni,Mwarembo,Mwarembo,Epinephelidae,20
Msambweni-Kisite,Kenya,2014,Msambweni-Kisite,Open access,Shimoni,Mwazaro,Mwazaro,Scarinae,40
Msambweni-Kisite,Kenya,2012,Msambweni-Kisite,Open access,Shimoni,Mwipa,Mwipwa,Scarinae,40
Msambweni-Kisite,Kenya,2012,Msambweni-Kisite,Open access,Shimoni,Mwipa,Mwipwa,Epinephelidae,24
Msambweni-Kisite,Kenya,2010,Msambweni-Kisite,Open access,Shimoni,Sii_Island_west,Sii_Island_west,Scarinae,700
Msambweni-Kisite,Kenya,2012,Msambweni-Kisite,Open access,Shimoni,Sii_Island_west,Sii_Island_west,Scarinae,624
Msambweni-Kisite,Kenya,2013,Msambweni-Kisite,Open access,Shimoni,Sii_Island_west,Sii_Island_west,Scarinae,320
Msambweni-Kisite,Kenya,2014,Msambweni-Kisite,Open access,Shimoni,Sii_Island_west,Sii_Island_west,Scarinae,1000
Msambweni-Kisite,Kenya,2015,Msambweni-Kisite,Open access,Shimoni,Sii_Island_west,Sii_Island_west,Scarinae,1840
Msambweni-Kisite,Kenya,2010,Msambweni-Kisite,Open access,Shimoni,Sii_Island_west,Sii_Island_west,Scarinae,413
Msambweni-Kisite,Kenya,2012,Msambweni-Kisite,Open access,Shimoni,Sii_Island_west,Sii_Island_west,Scarinae,133
Msambweni-Kisite,Kenya,2012,Msambweni-Kisite,Open access,Shimoni,Sii_Island_west,Sii_Island_west,Epinephelidae,8
Msambweni-Kisite,Kenya,2010,Msambweni-Kisite,Open access,Shimoni,Wasini_Tengefu,Wasini_Tengefu,Scarinae,420
Msambweni-Kisite,Kenya,2012,Msambweni-Kisite,Open access,Shimoni,Wasini_Tengefu,Wasini_Tengefu,Scarinae,147
Msambweni-Kisite,Kenya,2013,Msambweni-Kisite,Open access,Shimoni,Wasini_Tengefu,Wasini_Tengefu,Scarinae,493
Msambweni-Kisite,Kenya,2014,Msambweni-Kisite,Open access,Shimoni,Wasini_Tengefu,Wasini_Tengefu,Scarinae,40
Msambweni-Kisite,Kenya,2015,Msambweni-Kisite,Open access,Shimoni,Wasini_Tengefu,Wasini_Tengefu,Scarinae,2580
Msambweni-Kisite,Kenya,2011,Msambweni-Kisite,Open access,Shimoni,Wasini_Tengefu,Wasini_Tengefu,Scarinae,280
Msambweni-Kisite,Kenya,2012,Msambweni-Kisite,Open access,Shimoni,Wasini_Tengefu,Wasini_Tengefu,Scarinae,590
Msambweni-Kisite,Kenya,2010,Msambweni-Kisite,Open access,Shimoni,Wasini_Tengefu,Wasini_Tengefu,Epinephelidae,20
Msambweni-Kisite,Kenya,2012,Msambweni-Kisite,Open access,Shimoni,Wasini_Tengefu,Wasini_Tengefu,Epinephelidae,27
Msambweni-Kisite,Kenya,2014,Msambweni-Kisite,Open access,Shimoni,Wasini_Tengefu,Wasini_Tengefu,Epinephelidae,20
Msambweni-Kisite,Kenya,2011,Msambweni-Kisite,Open access,Shimoni,Wasini_Tengefu,Wasini_Tengefu,Epinephelidae,60
Malindi-Chale,Kenya,2014,Malindi-Watamu,Reserve,Malindi_Watamu_Reserve,Anthias,Anthias,Scarinae,200
Malindi-Chale,Kenya,2014,Malindi-Watamu,Reserve,Malindi_Watamu_Reserve,Anthias,Anthias,Epinephelidae,60
Malindi-Chale,Kenya,2014,Malindi-Watamu,Reserve,Malindi_Watamu_Reserve,Bara_Bara,Bara_Bara,Scarinae,360
Malindi-Chale,Kenya,2009,Malindi-Watamu,Park,Watamu Marine National Park,Coral_Garden,Coral_Garden_Watamu,Scarinae,480
Malindi-Chale,Kenya,2012,Malindi-Watamu,Park,Watamu Marine National Park,Coral_Garden,Coral_Garden_Watamu,Scarinae,747
Malindi-Chale,Kenya,2015,Malindi-Watamu,Park,Watamu Marine National Park,Coral_Garden,Coral_Garden_Watamu,Scarinae,840
Malindi-Chale,Kenya,2014,Malindi-Watamu,Park,Watamu Marine National Park,Coral_Garden,Coral_Garden_Watamu,Scarinae,587
Malindi-Chale,Kenya,2004,Malindi-Watamu,Park,Watamu Marine National Park,Coral_Garden,Coral_Garden_Watamu,Scarinae,320
Malindi-Chale,Kenya,2005,Malindi-Watamu,Park,Watamu Marine National Park,Coral_Garden,Coral_Garden_Watamu,Scarinae,587
Malindi-Chale,Kenya,2006,Malindi-Watamu,Park,Watamu Marine National Park,Coral_Garden,Coral_Garden_Watamu,Scarinae,1333
Malindi-Chale,Kenya,2006,Malindi-Watamu,Park,Watamu Marine National Park,Coral_Garden,Coral_Garden_Watamu,Scarinae,587
Malindi-Chale,Kenya,2007,Malindi-Watamu,Park,Watamu Marine National Park,Coral_Garden,Coral_Garden_Watamu,Scarinae,907
Malindi-Chale,Kenya,2008,Malindi-Watamu,Park,Watamu Marine National Park,Coral_Garden,Coral_Garden_Watamu,Scarinae,330
Malindi-Chale,Kenya,2009,Malindi-Watamu,Park,Watamu Marine National Park,Coral_Garden,Coral_Garden_Watamu,Scarinae,137
Malindi-Chale,Kenya,2011,Malindi-Watamu,Park,Watamu Marine National Park,Coral_Garden,Coral_Garden_Watamu,Scarinae,287
Malindi-Chale,Kenya,2012,Malindi-Watamu,Park,Watamu Marine National Park,Coral_Garden,Coral_Garden_Watamu,Scarinae,213
Malindi-Chale,Kenya,2013,Malindi-Watamu,Park,Watamu Marine National Park,Coral_Garden,Coral_Garden_Watamu,Scarinae,5280
Malindi-Chale,Kenya,2008,Malindi-Watamu,Park,Watamu Marine National Park,Coral_Garden,Coral_Garden_Watamu,Scarinae,173
Malindi-Chale,Kenya,2009,Malindi-Watamu,Park,Watamu Marine National Park,Coral_Garden,Coral_Garden_Watamu,Scarinae,100
Malindi-Chale,Kenya,2009,Malindi-Watamu,Park,Watamu Marine National Park,Coral_Garden,Coral_Garden_Watamu,Epinephelidae,93
Malindi-Chale,Kenya,2014,Malindi-Watamu,Park,Watamu Marine National Park,Coral_Garden,Coral_Garden_Watamu,Epinephelidae,13
Malindi-Chale,Kenya,2004,Malindi-Watamu,Park,Watamu Marine National Park,Coral_Garden,Coral_Garden_Watamu,Epinephelidae,20
Malindi-Chale,Kenya,2005,Malindi-Watamu,Park,Watamu Marine National Park,Coral_Garden,Coral_Garden_Watamu,Epinephelidae,480
Malindi-Chale,Kenya,2007,Malindi-Watamu,Park,Watamu Marine National Park,Coral_Garden,Coral_Garden_Watamu,Epinephelidae,18
Malindi-Chale,Kenya,2008,Malindi-Watamu,Park,Watamu Marine National Park,Coral_Garden,Coral_Garden_Watamu,Epinephelidae,43
Malindi-Chale,Kenya,2009,Malindi-Watamu,Park,Watamu Marine National Park,Coral_Garden,Coral_Garden_Watamu,Epinephelidae,77
Malindi-Chale,Kenya,2011,Malindi-Watamu,Park,Watamu Marine National Park,Coral_Garden,Coral_Garden_Watamu,Epinephelidae,300
Malindi-Chale,Kenya,2013,Malindi-Watamu,Park,Watamu Marine National Park,Coral_Garden,Coral_Garden_Watamu,Epinephelidae,40
Malindi-Chale,Kenya,2008,Malindi-Watamu,Park,Watamu Marine National Park,Coral_Garden,Coral_Garden_Watamu,Epinephelidae,27
Malindi-Chale,Kenya,2009,Malindi-Watamu,Park,Watamu Marine National Park,Coral_Garden,Coral_Garden_Watamu,Epinephelidae,80
Malindi-Chale,Kenya,2009,Malindi-Watamu,Park,Watamu Marine National Park,Coral_Garden,Coral_Garden_Watamu,Epinephelidae,93
Malindi-Chale,Kenya,2014,Malindi-Watamu,Park,Watamu Marine National Park,Dolphin,Dolphin,Scarinae,653
Malindi-Chale,Kenya,2014,Malindi-Watamu,Park,Watamu Marine National Park,Dolphin,Dolphin,Epinephelidae,107
Malindi-Chale,Kenya,2014,Malindi-Watamu,Park,Watamu Marine National Park,Drummers,Drummers,Scarinae,333
Malindi-Chale,Kenya,2014,Malindi-Watamu,Park,Watamu Marine National Park,Drummers,Drummers,Epinephelidae,120
Malindi-Chale,Kenya,2014,Malindi-Watamu,Park,Watamu Marine National Park,Lambis,Lambis,Scarinae,160
Malindi-Chale,Kenya,2014,Malindi-Watamu,Park,Watamu Marine National Park,Lambis,Lambis,Epinephelidae,27
Malindi-Chale,Kenya,2014,Malindi-Watamu,Park,Watamu Marine National Park,Moray,Moray,Scarinae,307
Malindi-Chale,Kenya,2014,Malindi-Watamu,Park,Watamu Marine National Park,Moray,Moray,Epinephelidae,53
Malindi-Chale,Kenya,2009,Malindi-Watamu,Park,Watamu Marine National Park,Pothole_reef,Pothole_reef,Scarinae,560
Malindi-Chale,Kenya,2009,Malindi-Watamu,Park,Watamu Marine National Park,Pothole_reef,Pothole_reef,Epinephelidae,13
Malindi-Chale,Kenya,2009,Malindi-Watamu,Park,Watamu Marine National Park,Pothole_reef,Pothole_reef,Epinephelidae,13
Malindi-Chale,Kenya,2009,Malindi-Watamu,Park,Watamu Marine National Park,Richard_Bernets,Richard_Bernets,Scarinae,467
Malindi-Chale,Kenya,2012,Malindi-Watamu,Park,Watamu Marine National Park,Richard_Bernets,Richard_Bernets,Scarinae,920
Malindi-Chale,Kenya,2015,Malindi-Watamu,Park,Watamu Marine National Park,Richard_Bernets,Richard_Bernets,Scarinae,240
Malindi-Chale,Kenya,2014,Malindi-Watamu,Park,Watamu Marine National Park,Richard_Bernets,Richard_Bernets,Scarinae,360
Malindi-Chale,Kenya,2004,Malindi-Watamu,Park,Watamu Marine National Park,Richard_Bernets,Richard_Bernets,Scarinae,397
Malindi-Chale,Kenya,2005,Malindi-Watamu,Park,Watamu Marine National Park,Richard_Bernets,Richard_Bernets,Scarinae,220
Malindi-Chale,Kenya,2006,Malindi-Watamu,Park,Watamu Marine National Park,Richard_Bernets,Richard_Bernets,Scarinae,1227
Malindi-Chale,Kenya,2006,Malindi-Watamu,Park,Watamu Marine National Park,Richard_Bernets,Richard_Bernets,Scarinae,160
Malindi-Chale,Kenya,2007,Malindi-Watamu,Park,Watamu Marine National Park,Richard_Bernets,Richard_Bernets,Scarinae,320
Malindi-Chale,Kenya,2008,Malindi-Watamu,Park,Watamu Marine National Park,Richard_Bernets,Richard_Bernets,Scarinae,187
Malindi-Chale,Kenya,2009,Malindi-Watamu,Park,Watamu Marine National Park,Richard_Bernets,Richard_Bernets,Scarinae,247
Malindi-Chale,Kenya,2010,Malindi-Watamu,Park,Watamu Marine National Park,Richard_Bernets,Richard_Bernets,Scarinae,187
Malindi-Chale,Kenya,2011,Malindi-Watamu,Park,Watamu Marine National Park,Richard_Bernets,Richard_Bernets,Scarinae,160
Malindi-Chale,Kenya,2012,Malindi-Watamu,Park,Watamu Marine National Park,Richard_Bernets,Richard_Bernets,Scarinae,153
Malindi-Chale,Kenya,2013,Malindi-Watamu,Park,Watamu Marine National Park,Richard_Bernets,Richard_Bernets,Scarinae,3160
Malindi-Chale,Kenya,2008,Malindi-Watamu,Park,Watamu Marine National Park,Richard_Bernets,Richard_Bernets,Scarinae,153
Malindi-Chale,Kenya,2009,Malindi-Watamu,Park,Watamu Marine National Park,Richard_Bernets,Richard_Bernets,Scarinae,336
Malindi-Chale,Kenya,2009,Malindi-Watamu,Park,Watamu Marine National Park,Richard_Bernets,Richard_Bernets,Epinephelidae,27
Malindi-Chale,Kenya,2004,Malindi-Watamu,Park,Watamu Marine National Park,Richard_Bernets,Richard_Bernets,Epinephelidae,73
Malindi-Chale,Kenya,2006,Malindi-Watamu,Park,Watamu Marine National Park,Richard_Bernets,Richard_Bernets,Epinephelidae,160
Malindi-Chale,Kenya,2006,Malindi-Watamu,Park,Watamu Marine National Park,Richard_Bernets,Richard_Bernets,Epinephelidae,587
Malindi-Chale,Kenya,2007,Malindi-Watamu,Park,Watamu Marine National Park,Richard_Bernets,Richard_Bernets,Epinephelidae,100
Malindi-Chale,Kenya,2008,Malindi-Watamu,Park,Watamu Marine National Park,Richard_Bernets,Richard_Bernets,Epinephelidae,13
Malindi-Chale,Kenya,2009,Malindi-Watamu,Park,Watamu Marine National Park,Richard_Bernets,Richard_Bernets,Epinephelidae,7
Malindi-Chale,Kenya,2011,Malindi-Watamu,Park,Watamu Marine National Park,Richard_Bernets,Richard_Bernets,Epinephelidae,32
Malindi-Chale,Kenya,2013,Malindi-Watamu,Park,Watamu Marine National Park,Richard_Bernets,Richard_Bernets,Epinephelidae,40
Malindi-Chale,Kenya,2008,Malindi-Watamu,Park,Watamu Marine National Park,Richard_Bernets,Richard_Bernets,Epinephelidae,7
Malindi-Chale,Kenya,2009,Malindi-Watamu,Park,Watamu Marine National Park,Richard_Bernets,Richard_Bernets,Epinephelidae,16
Malindi-Chale,Kenya,2009,Malindi-Watamu,Park,Watamu Marine National Park,Richard_Bernets,Richard_Bernets,Epinephelidae,27
Malindi-Chale,Kenya,2009,Malindi-Watamu,Park,Watamu Marine National Park,Turtle_Reef,Turtle_Reef,Scarinae,640
Malindi-Chale,Kenya,2012,Malindi-Watamu,Park,Watamu Marine National Park,Turtle_Reef,Turtle_Reef,Scarinae,1627
Malindi-Chale,Kenya,2014,Malindi-Watamu,Park,Watamu Marine National Park,Turtle_Reef,Turtle_Reef,Scarinae,310
Malindi-Chale,Kenya,2015,Malindi-Watamu,Park,Watamu Marine National Park,Turtle_Reef,Turtle_Reef,Epinephelidae,40
Malindi-Chale,Kenya,2014,Malindi-Watamu,Park,Watamu Marine National Park,Turtle_Reef,Turtle_Reef,Epinephelidae,10
Malindi-Chale,Kenya,2014,Malindi-Watamu,Reserve,Malindi_Watamu_Reserve,Uyombo,Uyombo,Scarinae,320
Kiunga-Lamu,Kenya,1987,Kiunga-Lamu,Reserve,Kiunga_MNR,Simbaya reserve,Simbaya_reserve,Epinephelidae,100
Malindi-Chale,Kenya,1987,Tiwi-Chale,Open access,Diani_Chale,Diani,Diani Reef,Epinephelidae,54
Malindi-Chale,Kenya,1987,Malindi-Watamu,Reserve,Malindi_Watamu_Reserve,Uyombo,Uyombo,Epinephelidae,108
Kiunga-Lamu,Kenya,1987,Kiunga-Lamu,Reserve,Kiunga_MNR,Arletts,Arletts,Epinephelidae,52
Kiunga-Lamu,Kenya,1987,Kiunga-Lamu,Reserve,Kiunga_MNR,Kiwayu,Kiwayu,Epinephelidae,60
Malindi-Chale,Kenya,1987,Malindi-Watamu,Reserve,Malindi_Watamu_Reserve,Malindi Watamu Reserve,Malindi_Watamu_Reserve,Epinephelidae,90
Msambweni-Kisite,Kenya,1987,Msambweni-Kisite,Park,Shimoni,Kisite,Kisite,Epinephelidae,58
Malindi-Chale,Kenya,1987,Kilifi-Mombasa,Reserve,Mombasa Marine National Reserve,Bamburi,Bamburi,Epinephelidae,52
Malindi-Chale,Kenya,1987,Malindi-Watamu,Park,Kilifi,Mtwapa,Mtwapa,Epinephelidae,26
Malindi-Chale,Kenya,1987,Kilifi-Mombasa,Park,Kilifi,Kilifi,Kilifi,Epinephelidae,54
Msambweni-Kisite,Kenya,1987,Msambweni-Kisite,Reserve,Shimoni,Mpunguti,Mpunguti,Epinephelidae,42
Kiunga-Lamu,Kenya,1987,Kiunga-Lamu,Reserve,Lamu,Kinyika,Kinyika,Epinephelidae,66
Malindi-Chale,Kenya,1987,Malindi-Watamu,Park,Malindi Marine National Park,Malindi Park,Malindi_Park,Epinephelidae,58
Malindi-Chale,Kenya,1987,Malindi-Watamu,Park,Watamu Marine National Park,Watamu Park,Watamu_Park,Epinephelidae,88
Malindi-Chale,Kenya,1987,Kilifi-Mombasa,Reserve,Mombasa Marine National Reserve,Leven,Leven,Epinephelidae,30
Msambweni-Kisite,Kenya,1987,Msambweni-Kisite,Open access,Shimoni,Mwipwa,Mwipwa,Epinephelidae,2
Msambweni-Kisite,Kenya,1987,Msambweni-Kisite,Park,Shimoni,Makokokwe,Makokokwe,Epinephelidae,20
Malindi-Chale,Kenya,1987,Kilifi-Mombasa,Reserve,Mombasa Marine National Reserve,Andromac,Andromac,Epinephelidae,18
Msambweni-Kisite,Kenya,1987,Msambweni-Kisite,Open access,Shimoni,Midjira,Midjira,Epinephelidae,18
Kiunga-Lamu,Kenya,1987,Kiunga-Lamu,Reserve,Kiunga_MNR,Simbaya reserve,Simbaya_reserve,Scarinae,137
Kiunga-Lamu,Kenya,1987,Kiunga-Lamu,Reserve,Kiunga_MNR,Arletts,Arletts,Scarinae,29
Kiunga-Lamu,Kenya,1987,Kiunga-Lamu,Reserve,Kiunga_MNR,Kiwayu,Kiwayu,Scarinae,42
Kiunga-Lamu,Kenya,1987,Kiunga-Lamu,Reserve,Lamu,Kinyika,Kinyika,Scarinae,111
Malindi-Chale,Kenya,1987,Malindi-Watamu,Park,Malindi Marine National Park,Malindi Park,Malindi_Park,Scarinae,353
Malindi-Chale,Kenya,1987,Malindi-Watamu,Reserve,Malindi_Watamu_Reserve,Malindi Watamu Reserve,Malindi_Watamu_Reserve,Scarinae,576
Malindi-Chale,Kenya,1987,Malindi-Watamu,Park,Watamu Marine National Park,Watamu Park,Watamu_Park,Scarinae,189
Malindi-Chale,Kenya,1987,Malindi-Watamu,Reserve,Malindi_Watamu_Reserve,Uyombo,Uyombo,Scarinae,127
Malindi-Chale,Kenya,1987,Kilifi-Mombasa,Park,Kilifi,Kilifi,Kilifi,Scarinae,284
Malindi-Chale,Kenya,1987,Malindi-Watamu,Park,Kilifi,Mtwapa,Mtwapa,Scarinae,265
Malindi-Chale,Kenya,1987,Kilifi-Mombasa,Reserve,Mombasa Marine National Reserve,Bamburi,Bamburi,Scarinae,237
Malindi-Chale,Kenya,1987,Kilifi-Mombasa,Reserve,Mombasa Marine National Reserve,Leven,Leven,Scarinae,200
Malindi-Chale,Kenya,1987,Kilifi-Mombasa,Reserve,Mombasa Marine National Reserve,Andromac,Andromac,Scarinae,98
Malindi-Chale,Kenya,1987,Tiwi-Chale,Open access,Diani_Chale,Diani,Diani Reef,Scarinae,155
Msambweni-Kisite,Kenya,1987,Msambweni-Kisite,Reserve,Shimoni,Mpunguti,Mpunguti,Scarinae,1387
Msambweni-Kisite,Kenya,1987,Msambweni-Kisite,Park,Shimoni,Kisite,Kisite,Scarinae,922
Msambweni-Kisite,Kenya,1987,Msambweni-Kisite,Park,Shimoni,Makokokwe,Makokokwe,Scarinae,1037
Kiunga-Lamu,Kenya,2015,Kiunga-Lamu,Reserve,Kiunga_MNR,Ch._Mvundeni,Ch._Mvundeni,Scarinae,20
Kiunga-Lamu,Kenya,2015,Kiunga-Lamu,Reserve,Kiunga_MNR,Ch._Mvundeni,Ch._Mvundeni,Epinephelidae,40
Kiunga-Lamu,Kenya,2015,Kiunga-Lamu,Open access,Lamu,Iweni,Iweni,Scarinae,600
Kiunga-Lamu,Kenya,2015,Kiunga-Lamu,Reserve,Kiunga_MNR,Kui,Kui,Scarinae,460
Kiunga-Lamu,Kenya,2015,Kiunga-Lamu,Reserve,Kiunga_MNR,Kui,Kui,Epinephelidae,30
Kiunga-Lamu,Kenya,2015,Kiunga-Lamu,Reserve,Kiunga_MNR,Mongo Shariff,Ch._Mongo_Shariff,Epinephelidae,100
Kiunga-Lamu,Kenya,2015,Kiunga-Lamu,Reserve,Kiunga_MNR,Shimo la Tewa,Shimo_la_Tewa,Scarinae,146.6666667
Msambweni-Kisite,Kenya,2016,Msambweni-Kisite,Park,Shimoni,Kisite lee,Kisite-Sheltered,Scarinae,456
Msambweni-Kisite,Kenya,2016,Msambweni-Kisite,Park,Shimoni,Kisite lee,Kisite-Sheltered,Epinephelidae,240
Msambweni-Kisite,Kenya,2016,Msambweni-Kisite,Park,Shimoni,Mako Kokwe lee,Makokokwe,Scarinae,976
Msambweni-Kisite,Kenya,2016,Msambweni-Kisite,Park,Shimoni,Mako Kokwe lee,Makokokwe,Epinephelidae,48
Kiunga-Lamu,Kenya,1987,Kiunga-Lamu,Reserve,Kiunga_MNR,Simbaya reserve,Simbaya_reserve,Scarinae,137
Kiunga-Lamu,Kenya,1987,Kiunga-Lamu,Reserve,Kiunga_MNR,Arletts,Arletts,Scarinae,29
Kiunga-Lamu,Kenya,1987,Kiunga-Lamu,Reserve,Kiunga_MNR,Kiwayu,Kiwayu,Scarinae,42
Malindi-Chale,Kenya,1987,Malindi-Watamu,Park,Malindi Marine National Park,Malindi Park,Malindi_Park,Scarinae,353
Malindi-Chale,Kenya,1987,Malindi-Watamu,Reserve,Malindi_Watamu_Reserve,Malindi Watamu Reserve,Malindi_Watamu_Reserve,Scarinae,576
Malindi-Chale,Kenya,1987,Malindi-Watamu,Park,Watamu Marine National Park,Watamu Park,Watamu_Park,Scarinae,189
Malindi-Chale,Kenya,1987,Malindi-Watamu,Reserve,Malindi_Watamu_Reserve,Uyombo,Uyombo,Scarinae,127
Malindi-Chale,Kenya,1987,Kilifi-Mombasa,Park,Kilifi,Kilifi,Kilifi,Scarinae,284
Malindi-Chale,Kenya,1987,Malindi-Watamu,Park,Kilifi,Mtwapa,Mtwapa,Scarinae,265
Malindi-Chale,Kenya,1987,Kilifi-Mombasa,Reserve,Mombasa Marine National Reserve,Andromac,Andromac,Scarinae,98
Malindi-Chale,Kenya,1987,Tiwi-Chale,Open access,Diani_Chale,Diani,Diani Reef,Scarinae,155
Msambweni-Kisite,Kenya,1987,Msambweni-Kisite,Park,Shimoni,Kisite,Kisite,Scarinae,922
Msambweni-Kisite,Kenya,1987,Msambweni-Kisite,Park,Shimoni,Makokokwe,Makokokwe,Scarinae,1037
Reference,Chagos,2014,Reference,Park,Blenheim,Blenheim,Blenheim,Scarinae,456
Reference,Chagos,2014,Reference,Park,DGLagoonN,DGLagoonN,DGLagoonN,Scarinae,846.6666667
Reference,Chagos,2014,Reference,Park,DGOuterN,DGOuterN,DGOuterN,Scarinae,300
Reference,Chagos,2014,Reference,Park,Eagle Outer,Eagle Outer,Eagle Outer,Scarinae,976
Reference,Chagos,2014,Reference,Park,EgmontIn,EgmontIn,EgmontIn,Scarinae,624
Reference,Chagos,2014,Reference,Park,PBCoinLagoon,PBCoinLagoon,PBCoinLagoon,Scarinae,968
Reference,Chagos,2014,Reference,Park,PBDiamantLagoon,PBDiamantLagoon,PBDiamantLagoon,Scarinae,360
Reference,Chagos,2014,Reference,Park,PBIsdela Passe,PBIsdela Passe,PBIsdela Passe,Scarinae,1000
Reference,Chagos,2014,Reference,Park,PBLagKnolls,PBLagKnolls,PBLagKnolls,Scarinae,1040
Reference,Chagos,2014,Reference,Park,SAIsdela Passe,SAIsdela Passe,SAIsdela Passe,Scarinae,773.3333333
Reference,Chagos,2014,Reference,Park,SAIsle Anglaise,SAIsle Anglaise,SAIsle Anglaise,Scarinae,664
Reference,Chagos,2014,Reference,Park,Salomon Lagoon,Salomon Lagoon,Salomon Lagoon,Scarinae,473.3333333
Reference,Chagos,2014,Reference,Park,Three Brothers,Three Brothers,Three Brothers,Scarinae,632
Reference,Chagos,2014,Reference,Park,Blenheim,Blenheim,Blenheim,Epinephelidae,80
Reference,Chagos,2014,Reference,Park,DGLagoonN,DGLagoonN,DGLagoonN,Epinephelidae,140
Reference,Chagos,2014,Reference,Park,DGOuterN,DGOuterN,DGOuterN,Epinephelidae,740
Reference,Chagos,2014,Reference,Park,Eagle Outer,Eagle Outer,Eagle Outer,Epinephelidae,112
Reference,Chagos,2014,Reference,Park,EgmontIn,EgmontIn,EgmontIn,Epinephelidae,224
Reference,Chagos,2014,Reference,Park,PBCoinLagoon,PBCoinLagoon,PBCoinLagoon,Epinephelidae,96
Reference,Chagos,2014,Reference,Park,PBDiamantLagoon,PBDiamantLagoon,PBDiamantLagoon,Epinephelidae,112
Reference,Chagos,2014,Reference,Park,PBIsdela Passe,PBIsdela Passe,PBIsdela Passe,Epinephelidae,152
Reference,Chagos,2014,Reference,Park,PBLagKnolls,PBLagKnolls,PBLagKnolls,Epinephelidae,88
Reference,Chagos,2014,Reference,Park,SAIsdela Passe,SAIsdela Passe,SAIsdela Passe,Epinephelidae,173.3333333
Reference,Chagos,2014,Reference,Park,SAIsle Anglaise,SAIsle Anglaise,SAIsle Anglaise,Epinephelidae,32
Reference,Chagos,2014,Reference,Park,Salomon Lagoon,Salomon Lagoon,Salomon Lagoon,Epinephelidae,46.66666667
Reference,Chagos,2014,Reference,Park,Three Brothers,Three Brothers,Three Brothers,Epinephelidae,136
Reference,Glorieuses,2015,Reference,Park,Glo15.1,Glo15.1,Glo15.1,Scarinae,440
Reference,Glorieuses,2015,Reference,Park,Glo15.1,Glo15.1,Glo15.1,Epinephelidae,173.3333333
Reference,Glorieuses,2015,Reference,Park,Glo15.2,Glo15.2,Glo15.2,Scarinae,280
Reference,Glorieuses,2015,Reference,Park,Glo15.2,Glo15.2,Glo15.2,Epinephelidae,906.6666667
Reference,Glorieuses,2015,Reference,Park,Glo15.3,Glo15.3,Glo15.3,Scarinae,360
Reference,Glorieuses,2015,Reference,Park,Glo15.3,Glo15.3,Glo15.3,Epinephelidae,160
Reference,Glorieuses,2015,Reference,Park,Glo15.4,Glo15.4,Glo15.4,Scarinae,120
Reference,Glorieuses,2015,Reference,Park,Glo15.4,Glo15.4,Glo15.4,Epinephelidae,160
Reference,Glorieuses,2015,Reference,Park,Glo15.5,Glo15.5,Glo15.5,Scarinae,426.6666667
Reference,Glorieuses,2015,Reference,Park,Glo15.5,Glo15.5,Glo15.5,Epinephelidae,106.6666667
Reference,Glorieuses,2015,Reference,Park,Glo15.6,Glo15.6,Glo15.6,Scarinae,853.3333333
Reference,Glorieuses,2015,Reference,Park,Glo15.6,Glo15.6,Glo15.6,Epinephelidae,80
Malindi-Chale,Kenya,2021,Kilifi-Mombasa,Open access,Likoni,Androumache,Andromac,Scarinae,216
Msambweni-Kisite,Kenya,2022,Msambweni-Kisite,Open access,Msambweni,Arusha,Arusha,Scarinae,584
Kiunga-Lamu,Kenya,2023,Kiunga-Lamu,Reserve,Kiunga_MNR,Boso,Ch._Boso,Scarinae,380
Malindi-Chale,Kenya,2022,Kilifi-Mombasa,Park,Mombasa Marine National Park,Brain coral,Brain coral,Scarinae,240
Msambweni-Kisite,Kenya,2021,Msambweni-Kisite,Open access,Msambweni,Chale,Chale,Scarinae,288
Kiunga-Lamu,Kenya,2023,Kiunga-Lamu,Open access,Kizingitini,Chambani,Chambani,Scarinae,266.6666667
Kiunga-Lamu,Kenya,2023,Kiunga-Lamu,Open access,Pate,Chipopo,Chipopo,Scarinae,2133.333333
Kiunga-Lamu,Kenya,2023,Kiunga-Lamu,Reserve,Mkokoni,Chole,Chole,Scarinae,1480
Kiunga-Lamu,Kenya,2023,Kiunga-Lamu,Reserve,Kiunga_MNR,Chongo cha Boso,Ch._Boso,Scarinae,0
Kiunga-Lamu,Kenya,2023,Kiunga-Lamu,Reserve,Mkokoni,Chongo cha chano,Ch.Chano,Scarinae,0
Kiunga-Lamu,Kenya,2023,Kiunga-Lamu,Reserve,Mkokoni,Chongo cha Sharifu,Ch._Mongo_Shariff,Scarinae,700
Malindi-Chale,Kenya,2022,Kilifi-Mombasa,Park,Mombasa Marine National Park,Coral Garden,Coral_Garden_Mombasa,Scarinae,1413.333333
Kiunga-Lamu,Kenya,2023,Kiunga-Lamu,Reserve,Kiunga_MNR,Dhiwa za Ishakani,Dhiwa za Ishakani,Scarinae,220
Malindi-Chale,Kenya,2021,Tiwi-Chale,Open access,Diani_Chale,Diani Reef,Diani Reef,Scarinae,240
Malindi-Chale,Kenya,2021,Malindi-Watamu,Reserve,Watamu Marine National Reserve,Dolphin,Dolphin,Scarinae,192
Kiunga-Lamu,Kenya,2022,Kiunga-Lamu,Open access,Lamu,Iweni,Iweni,Scarinae,240
Malindi-Chale,Kenya,2021,Malindi-Watamu,Reserve,Malindi_Watamu_Reserve,Jacaranda,Jacaranda,Scarinae,560
Kiunga-Lamu,Kenya,2023,Kiunga-Lamu,Open access,Pate,Jamba Idodi,Jamba Idodi,Scarinae,1480
Msambweni-Kisite,Kenya,2022,Msambweni-Kisite,Open access,Msambweni,Jamba wa Kwale,Jamba wa Kwale,Scarinae,336
Malindi-Chale,Kenya,2022,Kilifi-Mombasa,Open access,Kanamai,Jumbo Ruins,Jumbo Ruins,Scarinae,320
Kiunga-Lamu,Kenya,2023,Kiunga-Lamu,Open access,Kizingitini,Kadhikia Fawachu,Kadhikia,Scarinae,66.66666667
Kiunga-Lamu,Kenya,2023,Kiunga-Lamu,Reserve,Kiunga_MNR,Kadhikia kuru,Kadhikia,Scarinae,933.3333333
Malindi-Chale,Kenya,2021,Kilifi-Mombasa,Park,Mombasa Marine National Park,Kasa,Kasa,Scarinae,576
Malindi-Chale,Kenya,2021,Tiwi-Chale,Open access,Waa,Kaya Similani,Kaya Similani,Scarinae,580
Malindi-Chale,Kenya,2021,Tiwi-Chale,Open access,Waa,Kikadini,Kikadini,Scarinae,224
Malindi-Chale,Kenya,2021,Kilifi-Mombasa,Open access,Kilifi,KilifiN,Kilifi,Scarinae,176
Msambweni-Kisite,Kenya,2022,Msambweni-Kisite,Open access,Munje,Kilingoni,Kilingoni,Scarinae,850
Malindi-Chale,Kenya,2021,Tiwi-Chale,Open access,Diani_Chale,Kinondo Makonde,Kinondo Makonde,Scarinae,136
Kiunga-Lamu,Kenya,2022,Kiunga-Lamu,Open access,Lamu,Kinyika_inner,Kinyika_inner,Scarinae,10
Kiunga-Lamu,Kenya,2022,Kiunga-Lamu,Open access,Lamu,Kinyika_outer,Kinyika_outer,Scarinae,10
Msambweni-Kisite,Kenya,2021,Msambweni-Kisite,Park,Shimoni,Kisite,Kisite,Scarinae,912
Kiunga-Lamu,Kenya,2023,Kiunga-Lamu,Open access,Kizingitini,Kitwani,Kitwani,Scarinae,13.33333333
Kiunga-Lamu,Kenya,2023,Kiunga-Lamu,Reserve,Kiunga_MNR,Kui,Kui,Scarinae,1853.333333
Malindi-Chale,Kenya,2020,Kilifi-Mombasa,Open access,Vipingo,Kuruwitu_Tengefu,Kuruwitu_Tengefu,Scarinae,376
Malindi-Chale,Kenya,2021,Kilifi-Mombasa,Reserve,Mombasa Marine National Reserve,Leven,Leven,Scarinae,272
Malindi-Chale,Kenya,2022,Kilifi-Mombasa,Park,Mombasa Marine National Park,Lobster bank,Lobster bank,Scarinae,344
Msambweni-Kisite,Kenya,2021,Msambweni-Kisite,Reserve,Kisite Marine National Reserve,Lower Mpunguti,Mpunguti-Lower,Scarinae,320
Kiunga-Lamu,Kenya,2023,Kiunga-Lamu,Open access,Kizingitini,Mabiyu,Mabiyu,Scarinae,0
Malindi-Chale,Kenya,2021,Tiwi-Chale,Open access,Waa,Magandia,Magandia,Scarinae,440
Kiunga-Lamu,Kenya,2023,Kiunga-Lamu,Reserve,Kiunga_MNR,Magulugulu,Magulugulu,Scarinae,2140
Msambweni-Kisite,Kenya,2021,Msambweni-Kisite,Park,Kisite Marine National Park,MakoKokwe,Makokokwe,Scarinae,784
Kiunga-Lamu,Kenya,2023,Kiunga-Lamu,Open access,Lamu,Manda Toto,Manda-Toto,Scarinae,13.33333333
Msambweni-Kisite,Kenya,2022,Msambweni-Kisite,Open access,Mkunguni,Mapasi,Mapasi,Scarinae,424
Malindi-Chale,Kenya,2020,Malindi-Watamu,Open access,Marereni,Marereni_Tengefu,Marereni,Scarinae,0
Msambweni-Kisite,Kenya,2022,Msambweni-Kisite,Open access,Msambweni,Mboe,Mboe,Scarinae,216
Msambweni-Kisite,Kenya,2022,Msambweni-Kisite,Open access,Msambweni,Mekka,Mekka,Scarinae,320
Kiunga-Lamu,Kenya,2023,Kiunga-Lamu,Reserve,Kiunga_MNR,Mikes inner,Mikes_inner,Scarinae,0
Kiunga-Lamu,Kenya,2023,Kiunga-Lamu,Reserve,Kiunga_MNR,Mikes outer,Mikes_outer,Scarinae,72
Msambweni-Kisite,Kenya,2022,Msambweni-Kisite,Open access,Mkwiro,Mji wa kale,Mji wa kale,Scarinae,280
Kiunga-Lamu,Kenya,2023,Kiunga-Lamu,Reserve,Kiunga_MNR,Mkokoni Coral Garden,Mkokoni_Coral_Garden,Scarinae,13.33333333
Msambweni-Kisite,Kenya,2022,Msambweni-Kisite,Open access,Msambweni,Mliani,Mliani,Scarinae,1000
Malindi-Chale,Kenya,2021,Malindi-Watamu,Reserve,Watamu Marine National Reserve,Moray,Moray,Scarinae,328
Malindi-Chale,Kenya,2020,Kilifi-Mombasa,Open access,Kanamai,Mradi_Tengefu,Mradi_Tengefu,Scarinae,72
Kiunga-Lamu,Kenya,2023,Kiunga-Lamu,Open access,Pate,Mtanga wa Bandari,Mtanga wa Bandari,Scarinae,0
Kiunga-Lamu,Kenya,2023,Kiunga-Lamu,Reserve,Mkokoni,Muhindi,Ch._Hindi,Scarinae,13.33333333
Malindi-Chale,Kenya,2021,Tiwi-Chale,Open access,Diani_Chale,Mvureni,Mvureni,Scarinae,493.3333333
Msambweni-Kisite,Kenya,2022,Msambweni-Kisite,Open access,Msambweni,Mwakinyavu,Mwakinyavu,Scarinae,280
Kiunga-Lamu,Kenya,2023,Kiunga-Lamu,Reserve,Kiunga_MNR,Mwamba Mkuu,Mwamba Mkuu,Scarinae,40
Kiunga-Lamu,Kenya,2023,Kiunga-Lamu,Open access,Shanga,Mwamba Yee,Mwamba Yee,Scarinae,226.6666667
Malindi-Chale,Kenya,2021,Malindi-Watamu,Park,Malindi Marine National Park,Coral garden Malindi,Old_Coral_Garden,Scarinae,710
Msambweni-Kisite,Kenya,2022,Msambweni-Kisite,Open access,Kibuyuni,Ngomani,Ngomani,Scarinae,56
Malindi-Chale,Kenya,2021,Malindi-Watamu,Park,Malindi Marine National Park,North Reef,North_Reef,Scarinae,360
Malindi-Chale,Kenya,2023,Kilifi-Mombasa,Reserve,Mombasa Marine National Reserve,Nyali Coral Garden,Nyali,Scarinae,410
Malindi-Chale,Kenya,2020,Malindi-Watamu,Park,Malindi Marine National Park,Papa Reef,Papa Reef,Scarinae,192
Kiunga-Lamu,Kenya,2023,Kiunga-Lamu,Open access,Shanga,Pethali,Pezali_Rock,Scarinae,72
Kiunga-Lamu,Kenya,2023,Kiunga-Lamu,Open access,Shanga,Popo,Popo,Scarinae,2186.666667
Malindi-Chale,Kenya,2023,Kilifi-Mombasa,Reserve,Mombasa Marine National Reserve,Ras Iwatine,Ras_Iwatine,Scarinae,1560
Kiunga-Lamu,Kenya,2023,Kiunga-Lamu,Open access,Shanga,Sagafu,Sagafu,Scarinae,88
Malindi-Chale,Kenya,2023,Kilifi-Mombasa,Park,Mombasa Marine National Park,Starfish,Starfish,Scarinae,520
Malindi-Chale,Kenya,2022,Kilifi-Mombasa,Open access,Kilifi,Takaungu,Takaungu,Scarinae,106.6666667
Malindi-Chale,Kenya,2020,Malindi-Watamu,Park,Watamu Marine National Park,Turtle Reef,Turtle_Reef,Scarinae,280
Msambweni-Kisite,Kenya,2021,Msambweni-Kisite,Reserve,Kisite Marine National Reserve,Upper Mpunguti,Mpunguti-Upper,Scarinae,408
Malindi-Chale,Kenya,2021,Malindi-Watamu,Reserve,Watamu Marine National Reserve,Uyombo,Uyombo,Scarinae,232
Malindi-Chale,Kenya,2021,Kilifi-Mombasa,Open access,Vuma,Vuma North,Vuma,Scarinae,48
Malindi-Chale,Kenya,2021,Kilifi-Mombasa,Open access,Vuma,Vuma South,Vuma,Scarinae,24
Msambweni-Kisite,Kenya,2020,Msambweni-Kisite,Open access,Wasini,Wasini_Tengefu,Wasini_Tengefu,Scarinae,152
Malindi-Chale,Kenya,2022,Kilifi-Mombasa,Open access,Vuma,Wembe,Wembe,Scarinae,112
Malindi-Chale,Kenya,2021,Kilifi-Mombasa,Open access,Likoni,Androumache,Andromac,Epinephelidae,16
Msambweni-Kisite,Kenya,2022,Msambweni-Kisite,Open access,Msambweni,Arusha,Arusha,Epinephelidae,24
Kiunga-Lamu,Kenya,2023,Kiunga-Lamu,Reserve,Kiunga_MNR,Boso,Ch._Boso,Epinephelidae,0
Malindi-Chale,Kenya,2022,Kilifi-Mombasa,Park,Mombasa Marine National Park,Brain coral,Brain coral,Epinephelidae,88
Msambweni-Kisite,Kenya,2021,Msambweni-Kisite,Open access,Msambweni,Chale,Chale,Epinephelidae,64
Kiunga-Lamu,Kenya,2023,Kiunga-Lamu,Open access,Kizingitini,Chambani,Chambani,Epinephelidae,0
Kiunga-Lamu,Kenya,2023,Kiunga-Lamu,Open access,Pate,Chipopo,Chipopo,Epinephelidae,200
Kiunga-Lamu,Kenya,2023,Kiunga-Lamu,Reserve,Mkokoni,Chole,Chole,Epinephelidae,13.33333333
Kiunga-Lamu,Kenya,2023,Kiunga-Lamu,Reserve,Kiunga_MNR,Chongo cha Boso,Ch._Boso,Epinephelidae,280
Kiunga-Lamu,Kenya,2023,Kiunga-Lamu,Reserve,Mkokoni,Chongo cha chano,Ch.Chano,Epinephelidae,120
Kiunga-Lamu,Kenya,2023,Kiunga-Lamu,Reserve,Mkokoni,Chongo cha Sharifu,Ch._Mongo_Shariff,Epinephelidae,220
Malindi-Chale,Kenya,2022,Kilifi-Mombasa,Park,Mombasa Marine National Park,Coral Garden,Coral_Garden_Mombasa,Epinephelidae,146.6666667
Kiunga-Lamu,Kenya,2023,Kiunga-Lamu,Reserve,Kiunga_MNR,Dhiwa za Ishakani,Dhiwa za Ishakani,Epinephelidae,20
Malindi-Chale,Kenya,2021,Tiwi-Chale,Open access,Diani_Chale,Diani Reef,Diani Reef,Epinephelidae,32
Malindi-Chale,Kenya,2021,Malindi-Watamu,Reserve,Watamu Marine National Reserve,Dolphin,Dolphin,Epinephelidae,344
Kiunga-Lamu,Kenya,2022,Kiunga-Lamu,Open access,Lamu,Iweni,Iweni,Epinephelidae,8
Malindi-Chale,Kenya,2021,Malindi-Watamu,Reserve,Malindi_Watamu_Reserve,Jacaranda,Jacaranda,Epinephelidae,24
Kiunga-Lamu,Kenya,2023,Kiunga-Lamu,Open access,Pate,Jamba Idodi,Jamba Idodi,Epinephelidae,26.66666667
Msambweni-Kisite,Kenya,2022,Msambweni-Kisite,Open access,Msambweni,Jamba wa Kwale,Jamba wa Kwale,Epinephelidae,32
Malindi-Chale,Kenya,2022,Kilifi-Mombasa,Open access,Kanamai,Jumbo Ruins,Jumbo Ruins,Epinephelidae,8
Kiunga-Lamu,Kenya,2023,Kiunga-Lamu,Open access,Kizingitini,Kadhikia Fawachu,Kadhikia,Epinephelidae,13.33333333
Kiunga-Lamu,Kenya,2023,Kiunga-Lamu,Reserve,Kiunga_MNR,Kadhikia kuru,Kadhikia,Epinephelidae,0
Malindi-Chale,Kenya,2021,Kilifi-Mombasa,Park,Mombasa Marine National Park,Kasa,Kasa,Epinephelidae,88
Malindi-Chale,Kenya,2021,Tiwi-Chale,Open access,Waa,Kaya Similani,Kaya Similani,Epinephelidae,40
Malindi-Chale,Kenya,2021,Tiwi-Chale,Open access,Waa,Kikadini,Kikadini,Epinephelidae,8
Malindi-Chale,Kenya,2021,Kilifi-Mombasa,Open access,Kilifi,KilifiN,Kilifi,Epinephelidae,16
Msambweni-Kisite,Kenya,2022,Msambweni-Kisite,Open access,Munje,Kilingoni,Kilingoni,Epinephelidae,0
Malindi-Chale,Kenya,2021,Tiwi-Chale,Open access,Diani_Chale,Kinondo Makonde,Kinondo Makonde,Epinephelidae,16
Kiunga-Lamu,Kenya,2022,Kiunga-Lamu,Open access,Lamu,Kinyika_inner,Kinyika_inner,Epinephelidae,0
Kiunga-Lamu,Kenya,2022,Kiunga-Lamu,Open access,Lamu,Kinyika_outer,Kinyika_outer,Epinephelidae,10
Msambweni-Kisite,Kenya,2021,Msambweni-Kisite,Park,Shimoni,Kisite,Kisite,Epinephelidae,152
Kiunga-Lamu,Kenya,2023,Kiunga-Lamu,Open access,Kizingitini,Kitwani,Kitwani,Epinephelidae,13.33333333
Kiunga-Lamu,Kenya,2023,Kiunga-Lamu,Reserve,Kiunga_MNR,Kui,Kui,Epinephelidae,26.66666667
Malindi-Chale,Kenya,2020,Kilifi-Mombasa,Open access,Vipingo,Kuruwitu_Tengefu,Kuruwitu_Tengefu,Epinephelidae,16
Malindi-Chale,Kenya,2021,Kilifi-Mombasa,Reserve,Mombasa Marine National Reserve,Leven,Leven,Epinephelidae,32
Malindi-Chale,Kenya,2022,Kilifi-Mombasa,Park,Mombasa Marine National Park,Lobster bank,Lobster bank,Epinephelidae,104
Msambweni-Kisite,Kenya,2021,Msambweni-Kisite,Reserve,Kisite Marine National Reserve,Lower Mpunguti,Mpunguti-Lower,Epinephelidae,0
Kiunga-Lamu,Kenya,2023,Kiunga-Lamu,Open access,Kizingitini,Mabiyu,Mabiyu,Epinephelidae,0
Malindi-Chale,Kenya,2021,Tiwi-Chale,Open access,Waa,Magandia,Magandia,Epinephelidae,56
Kiunga-Lamu,Kenya,2023,Kiunga-Lamu,Reserve,Kiunga_MNR,Magulugulu,Magulugulu,Epinephelidae,60
Msambweni-Kisite,Kenya,2021,Msambweni-Kisite,Park,Kisite Marine National Park,MakoKokwe,Makokokwe,Epinephelidae,32
Kiunga-Lamu,Kenya,2023,Kiunga-Lamu,Open access,Lamu,Manda Toto,Manda-Toto,Epinephelidae,0
Msambweni-Kisite,Kenya,2022,Msambweni-Kisite,Open access,Mkunguni,Mapasi,Mapasi,Epinephelidae,16
Malindi-Chale,Kenya,2020,Malindi-Watamu,Open access,Marereni,Marereni_Tengefu,Marereni,Epinephelidae,0
Msambweni-Kisite,Kenya,2022,Msambweni-Kisite,Open access,Msambweni,Mboe,Mboe,Epinephelidae,16
Msambweni-Kisite,Kenya,2022,Msambweni-Kisite,Open access,Msambweni,Mekka,Mekka,Epinephelidae,112
Kiunga-Lamu,Kenya,2023,Kiunga-Lamu,Reserve,Kiunga_MNR,Mikes inner,Mikes_inner,Epinephelidae,0
Kiunga-Lamu,Kenya,2023,Kiunga-Lamu,Reserve,Kiunga_MNR,Mikes outer,Mikes_outer,Epinephelidae,8
Msambweni-Kisite,Kenya,2022,Msambweni-Kisite,Open access,Mkwiro,Mji wa kale,Mji wa kale,Epinephelidae,16
Kiunga-Lamu,Kenya,2023,Kiunga-Lamu,Reserve,Kiunga_MNR,Mkokoni Coral Garden,Mkokoni_Coral_Garden,Epinephelidae,0
Msambweni-Kisite,Kenya,2022,Msambweni-Kisite,Open access,Msambweni,Mliani,Mliani,Epinephelidae,8
Malindi-Chale,Kenya,2021,Malindi-Watamu,Reserve,Watamu Marine National Reserve,Moray,Moray,Epinephelidae,104
Malindi-Chale,Kenya,2020,Kilifi-Mombasa,Open access,Kanamai,Mradi_Tengefu,Mradi_Tengefu,Epinephelidae,0
Kiunga-Lamu,Kenya,2023,Kiunga-Lamu,Open access,Pate,Mtanga wa Bandari,Mtanga wa Bandari,Epinephelidae,0
Kiunga-Lamu,Kenya,2023,Kiunga-Lamu,Reserve,Mkokoni,Muhindi,Ch._Hindi,Epinephelidae,13.33333333
Malindi-Chale,Kenya,2021,Tiwi-Chale,Open access,Diani_Chale,Mvureni,Mvureni,Epinephelidae,13.33333333
Msambweni-Kisite,Kenya,2022,Msambweni-Kisite,Open access,Msambweni,Mwakinyavu,Mwakinyavu,Epinephelidae,24
Kiunga-Lamu,Kenya,2023,Kiunga-Lamu,Reserve,Kiunga_MNR,Mwamba Mkuu,Mwamba Mkuu,Epinephelidae,0
Kiunga-Lamu,Kenya,2023,Kiunga-Lamu,Open access,Shanga,Mwamba Yee,Mwamba Yee,Epinephelidae,26.66666667
Malindi-Chale,Kenya,2021,Malindi-Watamu,Park,Malindi Marine National Park,Coral garden Malindi,Old_Coral_Garden,Epinephelidae,40
Msambweni-Kisite,Kenya,2022,Msambweni-Kisite,Open access,Kibuyuni,Ngomani,Ngomani,Epinephelidae,0
Malindi-Chale,Kenya,2021,Malindi-Watamu,Park,Malindi Marine National Park,North Reef,North_Reef,Epinephelidae,96
Malindi-Chale,Kenya,2023,Kilifi-Mombasa,Reserve,Mombasa Marine National Reserve,Nyali Coral Garden,Nyali,Epinephelidae,0
Malindi-Chale,Kenya,2020,Malindi-Watamu,Park,Malindi Marine National Park,Papa Reef,Papa Reef,Epinephelidae,72
Kiunga-Lamu,Kenya,2023,Kiunga-Lamu,Open access,Shanga,Pethali,Pezali_Rock,Epinephelidae,32
Kiunga-Lamu,Kenya,2023,Kiunga-Lamu,Open access,Shanga,Popo,Popo,Epinephelidae,0
Malindi-Chale,Kenya,2023,Kilifi-Mombasa,Reserve,Mombasa Marine National Reserve,Ras Iwatine,Ras_Iwatine,Epinephelidae,13.33333333
Kiunga-Lamu,Kenya,2023,Kiunga-Lamu,Open access,Shanga,Sagafu,Sagafu,Epinephelidae,0
Malindi-Chale,Kenya,2023,Kilifi-Mombasa,Park,Mombasa Marine National Park,Starfish,Starfish,Epinephelidae,0
Malindi-Chale,Kenya,2022,Kilifi-Mombasa,Open access,Kilifi,Takaungu,Takaungu,Epinephelidae,13.33333333
Malindi-Chale,Kenya,2020,Malindi-Watamu,Park,Watamu Marine National Park,Turtle Reef,Turtle_Reef,Epinephelidae,32
Msambweni-Kisite,Kenya,2021,Msambweni-Kisite,Reserve,Kisite Marine National Reserve,Upper Mpunguti,Mpunguti-Upper,Epinephelidae,64
Malindi-Chale,Kenya,2021,Malindi-Watamu,Reserve,Watamu Marine National Reserve,Uyombo,Uyombo,Epinephelidae,16
Malindi-Chale,Kenya,2021,Kilifi-Mombasa,Open access,Vuma,Vuma North,Vuma,Epinephelidae,0
Malindi-Chale,Kenya,2021,Kilifi-Mombasa,Open access,Vuma,Vuma South,Vuma,Epinephelidae,32
Msambweni-Kisite,Kenya,2020,Msambweni-Kisite,Open access,Wasini,Wasini_Tengefu,Wasini_Tengefu,Epinephelidae,24
Malindi-Chale,Kenya,2022,Kilifi-Mombasa,Open access,Vuma,Wembe,Wembe,Epinephelidae,192
